temperature,humidity,pressure,wind_speed,rainfall,weather
24.4,58.5,1013.2,23.1,0.0,Sunny
38.8,56.0,999.6,17.2,0.0,Sunny
33.3,46.1,1003.7,33.8,0.0,Sunny
30.0,73.3,1011.6,9.2,0.0,Cloudy
18.9,65.0,1007.1,21.4,0.0,Sunny
18.9,89.5,1013.5,25.1,3.9,Cloudy
16.5,37.0,1019.0,29.2,0.0,Sunny
36.7,75.6,997.9,15.4,3.5,Cloudy
30.0,83.1,1012.7,24.7,0.0,Cloudy
32.7,82.8,1000.8,12.0,11.2,Rainy
15.5,90.8,1005.4,16.4,12.3,Rainy
39.2,80.9,995.8,31.6,19.9,Rainy
35.8,93.5,998.4,33.3,19.5,Rainy
20.3,56.0,1003.0,25.7,0.0,Sunny
19.5,66.7,1003.5,14.4,0.0,Sunny
19.6,35.9,1017.5,29.1,0.0,Sunny
22.6,35.4,1013.5,2.9,0.0,Sunny
28.1,50.1,1019.3,5.4,0.0,Sunny
25.8,41.4,1010.0,23.8,0.0,Sunny
22.3,51.4,1001.0,11.6,0.0,Sunny
30.3,46.2,1003.2,33.4,0.0,Sunny
18.5,36.8,1003.0,16.4,0.0,Sunny
22.3,92.3,1003.2,16.2,12.4,Rainy
24.2,35.5,1011.8,24.4,0.0,Sunny
26.4,81.4,1008.3,27.3,12.0,Rainy
34.6,44.6,1004.6,17.7,0.0,Sunny
20.0,92.5,998.7,9.1,16.9,Rainy
27.9,91.2,995.6,27.5,17.4,Rainy
29.8,76.2,1000.5,12.6,1.3,Cloudy
16.2,77.4,997.7,7.8,17.1,Rainy
30.2,35.3,1014.6,22.8,0.0,Sunny
19.3,97.0,997.8,5.0,10.9,Rainy
16.6,90.3,1013.1,34.1,16.1,Rainy
38.7,91.4,1004.6,22.9,13.7,Rainy
39.1,76.5,996.8,34.5,9.6,Rainy
35.2,56.7,1015.3,13.2,0.0,Sunny
22.6,91.3,1009.5,34.0,14.9,Rainy
17.4,53.4,1000.9,6.8,0.0,Sunny
32.1,70.5,1017.4,3.3,0.0,Cloudy
26.0,41.3,996.1,3.1,0.0,Sunny
18.1,93.1,1000.0,17.3,13.5,Rainy
27.4,43.9,1013.8,4.7,0.0,Sunny
15.9,49.2,1012.7,18.9,0.0,Sunny
37.7,70.2,1002.2,12.8,0.0,Cloudy
21.5,83.1,996.6,13.1,12.7,Rainy
31.6,74.0,1016.5,23.0,0.0,Cloudy
22.8,49.6,1002.8,7.4,0.0,Sunny
28.0,35.1,999.9,27.3,0.0,Sunny
28.7,82.7,1007.9,21.2,11.3,Rainy
19.6,97.1,1017.8,32.2,5.5,Cloudy
39.2,86.0,996.1,14.0,9.9,Rainy
34.4,64.0,1014.1,34.4,0.9,Sunny
38.5,91.9,1009.3,21.0,12.1,Rainy
37.4,60.8,1005.6,34.1,0.6,Sunny
29.9,68.1,1013.6,2.9,0.0,Sunny
38.0,65.1,1019.1,26.0,0.0,Sunny
17.2,63.2,1000.7,28.9,5.8,Cloudy
19.9,83.8,998.6,3.8,14.1,Rainy
16.1,68.2,1017.8,21.1,0.0,Sunny
23.1,55.0,1011.7,28.5,0.0,Sunny
24.7,51.3,1005.9,20.5,0.0,Sunny
21.8,37.4,1009.3,4.1,0.0,Sunny
35.7,71.7,1013.6,24.9,0.0,Cloudy
23.9,49.5,1014.3,4.0,0.0,Sunny
22.0,44.3,1018.0,29.0,0.0,Sunny
28.6,76.2,1005.7,3.4,2.7,Cloudy
18.5,77.9,1002.3,6.5,13.7,Rainy
35.1,82.4,1011.0,11.1,2.2,Cloudy
16.9,66.7,1005.4,22.9,0.6,Sunny
39.7,91.3,1009.9,34.2,4.1,Cloudy
34.3,94.0,1005.5,5.9,14.4,Rainy
20.0,85.9,998.8,6.7,10.0,Rainy
15.1,75.0,1006.7,14.2,4.1,Cloudy
35.4,54.1,1012.3,29.6,0.0,Sunny
32.7,96.9,1015.0,17.4,6.2,Cloudy
33.2,52.3,1007.3,12.6,0.0,Sunny
34.3,47.8,999.1,20.5,0.0,Sunny
16.9,62.9,1005.4,10.6,3.1,Cloudy
24.0,38.6,1014.7,15.2,0.0,Sunny
17.9,96.6,1005.3,13.0,16.6,Rainy
36.6,72.1,1012.4,28.5,5.4,Cloudy
30.6,70.1,1007.7,32.5,6.7,Cloudy
23.3,76.3,1001.0,27.1,12.0,Rainy
16.6,66.3,1014.9,16.5,0.0,Sunny
22.8,37.0,997.1,18.6,0.0,Sunny
23.1,73.6,1008.1,6.1,0.0,Cloudy
33.2,80.1,1000.2,26.6,8.9,Rainy
30.9,61.3,996.7,21.7,4.2,Cloudy
37.2,82.7,1007.6,31.8,11.7,Rainy
26.8,49.3,1007.5,8.6,0.0,Sunny
18.0,48.9,1012.7,27.1,0.0,Sunny
32.8,45.2,1013.6,24.6,0.0,Sunny
34.0,58.4,1013.2,10.8,0.0,Sunny
29.0,88.4,1005.2,24.0,12.8,Rainy
34.3,87.2,1010.8,32.5,15.6,Rainy
27.3,59.1,1009.4,32.3,0.0,Sunny
28.1,72.1,1005.5,25.7,4.4,Cloudy
25.7,80.4,1009.9,3.6,0.0,Cloudy
15.6,50.2,1018.7,30.8,0.0,Sunny
17.7,45.6,999.8,23.7,0.0,Sunny
15.8,96.2,1017.6,12.2,6.1,Cloudy
30.9,73.9,996.3,8.2,11.1,Rainy
22.9,96.8,1002.7,5.8,17.6,Rainy
27.7,56.3,1002.2,3.7,0.0,Sunny
37.7,79.3,1010.7,26.9,6.6,Cloudy
21.2,49.0,998.3,9.8,0.0,Sunny
25.3,51.5,1017.1,2.8,0.0,Sunny
33.9,67.2,1015.7,15.1,0.0,Sunny
20.7,55.1,1011.3,17.9,0.0,Sunny
16.9,45.6,1006.5,7.6,0.0,Sunny
22.2,51.6,1018.3,3.5,0.0,Sunny
19.0,37.3,1015.8,8.2,0.0,Sunny
38.2,79.4,1007.5,24.4,9.2,Rainy
35.2,66.0,1012.5,4.7,0.0,Sunny
30.8,40.9,1009.2,20.3,0.0,Sunny
36.8,45.8,1009.7,6.8,0.0,Sunny
35.1,41.5,1003.3,8.5,0.0,Sunny
19.7,73.6,1006.6,15.0,6.9,Cloudy
37.3,40.9,997.0,5.3,0.0,Sunny
28.5,82.5,1003.9,7.7,0.0,Cloudy
35.2,36.3,1012.4,13.5,0.0,Sunny
37.4,50.7,1018.8,12.9,0.0,Sunny
23.0,91.1,1019.1,26.7,0.0,Cloudy
17.8,80.3,1008.9,4.5,1.9,Cloudy
20.7,39.6,1010.2,30.4,0.0,Sunny
25.7,86.7,999.6,28.9,18.9,Rainy
35.5,66.1,1012.4,27.3,0.0,Sunny
36.5,88.3,996.8,12.2,12.4,Rainy
15.2,72.8,1002.1,29.2,11.2,Rainy
27.8,78.0,1011.7,8.0,2.2,Cloudy
25.4,97.6,1002.8,6.1,14.2,Rainy
20.6,49.6,996.2,3.5,0.0,Sunny
18.0,74.3,1015.8,33.0,0.0,Cloudy
23.4,64.0,1002.8,12.2,0.0,Sunny
38.6,37.5,996.6,32.3,0.0,Sunny
23.1,35.9,996.9,11.0,0.0,Sunny
28.0,42.5,1001.3,31.9,0.0,Sunny
32.6,75.9,999.5,31.8,10.6,Rainy
24.1,70.7,1014.4,32.5,3.1,Cloudy
39.3,69.9,1003.0,18.4,5.3,Cloudy
39.1,37.0,1015.1,30.6,0.0,Sunny
21.3,64.6,999.3,33.4,4.8,Cloudy
27.4,93.3,1007.3,12.7,6.2,Cloudy
22.5,60.0,1012.2,15.8,0.0,Sunny
22.1,74.4,1011.3,25.7,4.8,Cloudy
15.9,84.1,1010.0,11.9,8.0,Rainy
30.2,84.4,1018.1,26.9,0.0,Cloudy
27.6,67.7,1000.7,4.4,0.0,Sunny
16.3,89.1,1007.3,19.3,6.0,Cloudy
22.0,59.7,1017.1,6.0,0.0,Sunny
37.7,91.0,996.9,11.7,17.7,Rainy
21.0,50.1,996.4,10.5,4.8,Cloudy
18.6,52.7,1000.8,29.7,0.4,Sunny
27.2,38.3,1010.8,8.4,0.0,Sunny
39.6,85.1,1001.5,28.7,10.7,Rainy
21.1,61.3,999.8,28.2,4.4,Cloudy
31.8,49.4,1006.5,18.5,0.0,Sunny
34.0,49.6,1010.3,9.7,0.0,Sunny
20.9,91.8,1001.2,9.5,14.1,Rainy
33.2,87.5,1002.5,17.3,13.0,Rainy
24.2,69.9,1010.3,2.3,0.0,Sunny
30.8,73.8,1018.6,19.5,0.1,Cloudy
30.8,64.9,1011.9,33.4,0.0,Sunny
28.4,59.7,1014.6,7.1,0.0,Sunny
17.3,92.7,1004.2,20.9,7.4,Cloudy
35.9,42.9,1001.8,33.7,0.0,Sunny
23.0,61.4,1006.4,30.4,9.4,Rainy
19.7,56.7,1015.2,30.1,0.0,Sunny
16.0,66.4,1006.4,29.1,2.8,Cloudy
29.8,63.8,1016.2,12.2,0.0,Sunny
31.9,67.7,1019.7,31.4,0.0,Sunny
15.4,43.8,996.8,33.1,0.7,Sunny
27.8,67.3,996.1,18.4,5.4,Cloudy
20.7,50.3,998.7,13.7,0.0,Sunny
31.1,46.6,1004.6,15.7,0.0,Sunny
19.4,39.1,998.3,13.0,0.0,Sunny
32.3,83.0,1016.8,9.0,0.0,Cloudy
24.7,61.9,995.6,22.4,7.1,Cloudy
38.4,74.5,1002.9,20.6,4.0,Cloudy
18.4,80.8,999.6,17.3,10.7,Rainy
23.5,77.8,1018.3,5.2,0.0,Cloudy
17.8,64.6,1011.7,28.3,0.0,Sunny
38.1,59.4,1017.8,7.8,0.0,Sunny
36.9,58.7,1019.3,5.8,0.0,Sunny
21.4,75.3,1007.4,22.6,1.2,Cloudy
31.5,66.2,1000.9,15.2,4.1,Cloudy
35.4,88.5,999.8,4.0,12.1,Rainy
28.9,90.1,1000.6,13.7,18.6,Rainy
28.2,45.7,1012.7,27.5,0.0,Sunny
21.0,43.6,996.0,22.3,0.0,Sunny
17.3,74.7,996.3,14.0,13.1,Rainy
37.4,54.0,1010.2,8.3,0.0,Sunny
37.5,36.2,1011.1,22.8,0.0,Sunny
30.8,91.0,1011.6,31.3,12.1,Rainy
23.5,49.3,1004.3,23.3,0.0,Sunny
23.7,93.5,1015.1,28.8,4.3,Cloudy
33.1,80.2,1008.3,19.2,4.5,Cloudy
37.4,83.0,997.6,25.7,15.9,Rainy
37.2,47.7,1014.9,31.6,0.0,Sunny
34.5,49.8,1018.8,27.5,0.0,Sunny
31.1,67.8,996.5,32.0,14.7,Rainy
17.1,45.8,1004.8,16.2,0.0,Sunny
19.0,54.2,1007.2,31.8,1.7,Sunny
37.5,55.3,998.7,22.5,3.7,Cloudy
30.2,45.1,1016.7,30.7,0.0,Sunny
15.2,47.9,1002.1,3.3,0.0,Sunny
17.5,84.7,1014.6,23.7,0.0,Cloudy
31.6,45.5,1011.8,30.0,0.0,Sunny
15.1,36.8,1010.0,7.7,0.0,Sunny
19.0,74.6,999.8,23.8,10.5,Rainy
28.7,96.5,1000.5,29.2,16.4,Rainy
32.3,55.9,996.2,11.5,0.0,Sunny
31.3,42.5,1001.0,15.4,0.0,Sunny
20.6,70.9,1003.6,20.8,1.9,Cloudy
32.8,92.1,1015.8,19.1,6.6,Cloudy
20.9,84.4,1004.2,3.3,5.4,Cloudy
23.1,74.2,1013.9,5.3,0.8,Cloudy
33.7,54.8,1006.0,5.3,0.0,Sunny
31.2,69.1,1014.6,10.7,0.0,Sunny
36.2,40.7,1019.4,10.1,0.0,Sunny
31.4,77.8,1001.0,26.5,9.7,Rainy
29.2,80.7,1016.6,20.9,0.0,Cloudy
17.3,95.8,1010.5,27.2,10.4,Rainy
24.2,51.4,1015.4,4.3,0.0,Sunny
21.6,36.2,1011.3,18.0,0.0,Sunny
21.1,69.4,1005.6,12.7,4.0,Cloudy
39.3,79.5,1000.7,30.0,12.4,Rainy
24.8,84.8,996.8,25.4,20.5,Rainy
37.3,47.2,1008.4,30.7,0.0,Sunny
30.8,51.5,1019.8,3.5,0.0,Sunny
34.9,67.3,1013.5,25.8,0.0,Sunny
27.6,55.8,1003.2,19.8,4.2,Cloudy
29.4,89.2,1015.7,29.2,14.5,Rainy
27.3,64.8,1014.2,18.7,0.0,Sunny
19.9,85.4,1002.0,19.8,16.5,Rainy
33.1,71.6,995.4,3.7,5.5,Cloudy
22.0,83.7,998.0,24.1,12.6,Rainy
15.6,56.0,1016.9,11.0,0.0,Sunny
31.1,87.4,1015.9,2.6,3.6,Cloudy
19.4,52.3,1002.4,4.2,0.0,Sunny
38.5,69.4,1002.1,33.6,13.3,Rainy
38.8,48.5,1014.8,13.4,0.0,Sunny
37.9,65.0,1018.4,30.6,0.0,Sunny
24.3,55.0,1014.5,33.7,0.0,Sunny
15.4,51.8,1010.1,33.1,0.0,Sunny
38.2,95.9,1001.1,31.1,7.7,Cloudy
25.7,45.1,1008.1,31.5,0.0,Sunny
39.2,84.6,1000.8,11.5,12.2,Rainy
39.1,97.0,1015.2,7.0,0.0,Cloudy
36.3,36.3,1004.7,23.1,0.0,Sunny
22.4,79.0,1015.8,18.1,1.9,Cloudy
24.6,50.9,1004.5,5.3,0.0,Sunny
36.3,37.6,1015.6,24.4,0.0,Sunny
22.9,60.4,1003.3,20.6,8.5,Rainy
19.2,93.9,1006.0,30.5,14.2,Rainy
28.9,35.7,1010.4,22.1,0.0,Sunny
38.4,72.0,996.8,20.9,14.6,Rainy
32.4,66.6,1018.7,16.5,0.0,Sunny
29.3,90.0,1009.3,17.3,13.0,Rainy
17.4,40.3,1007.7,33.5,0.0,Sunny
30.4,77.9,1016.0,6.6,0.0,Cloudy
39.8,77.8,1016.6,16.7,0.0,Cloudy
18.5,77.2,1008.1,23.6,0.0,Cloudy
28.0,94.4,1018.2,16.3,2.3,Cloudy
36.9,86.9,996.6,11.3,12.8,Rainy
33.5,37.6,997.8,11.5,0.0,Sunny
32.4,64.7,1009.9,9.7,0.0,Sunny
32.6,60.1,1003.9,13.3,0.0,Sunny
24.0,54.5,1006.6,30.8,0.0,Sunny
22.3,63.4,1003.2,18.7,2.7,Cloudy
35.2,59.2,1005.1,9.9,0.0,Sunny
35.3,62.2,1015.6,14.7,0.0,Sunny
36.7,96.7,1009.8,5.5,9.6,Rainy
37.8,40.6,1019.9,31.8,0.0,Sunny
27.8,93.1,1014.7,15.5,1.9,Cloudy
27.5,65.3,1001.8,34.4,9.9,Rainy
35.0,74.3,1001.6,13.5,9.5,Rainy
31.2,87.3,1003.4,29.6,10.2,Rainy
32.5,57.7,1016.1,10.5,0.0,Sunny
34.9,62.1,995.7,4.5,12.0,Rainy
37.3,60.8,1000.8,3.0,0.2,Sunny
23.4,58.6,1017.6,22.0,0.0,Sunny
24.4,93.3,1011.0,12.3,6.0,Cloudy
17.3,87.2,1000.7,16.6,12.3,Rainy
29.5,41.9,1000.5,29.0,1.2,Sunny
15.9,41.8,1016.6,10.2,0.0,Sunny
26.6,62.0,1017.3,12.2,0.0,Sunny
28.6,41.2,1001.4,29.9,0.0,Sunny
22.2,74.0,1005.5,18.3,14.7,Rainy
29.8,44.1,1015.9,29.3,0.0,Sunny
15.8,67.9,1014.3,14.4,0.0,Sunny
15.9,35.5,1015.3,15.1,0.0,Sunny
35.6,54.9,1008.0,7.5,0.0,Sunny
24.0,77.7,1017.8,32.2,0.0,Cloudy
18.2,65.5,1003.1,31.6,6.1,Cloudy
28.1,96.6,998.9,34.5,18.8,Rainy
34.2,90.1,1012.7,15.3,0.0,Cloudy
20.4,57.6,1008.5,29.0,0.0,Sunny
30.6,37.9,1016.4,15.7,0.0,Sunny
17.1,88.3,997.0,17.0,22.3,Rainy
16.3,92.4,1016.1,29.4,10.7,Rainy
28.3,86.7,1002.3,7.9,9.7,Rainy
28.5,43.1,1011.4,9.3,0.0,Sunny
30.9,97.9,996.0,12.4,19.6,Rainy
33.2,51.3,1010.2,28.0,0.0,Sunny
39.4,80.6,1012.9,14.3,1.8,Cloudy
27.9,92.2,1004.2,13.8,6.9,Cloudy
23.1,49.8,1000.4,35.0,2.8,Cloudy
34.9,92.2,1008.4,14.7,13.3,Rainy
21.8,54.5,1015.8,10.2,0.0,Sunny
26.0,96.5,1003.1,22.6,17.5,Rainy
17.0,52.7,1001.3,28.5,0.0,Sunny
15.6,95.1,1002.0,4.3,17.8,Rainy
39.1,38.4,1018.7,22.4,0.0,Sunny
35.9,79.7,1004.0,3.2,8.2,Rainy
32.4,68.5,995.1,19.4,4.2,Cloudy
25.2,65.1,1014.5,10.5,0.0,Sunny
19.3,49.1,1012.5,12.1,0.0,Sunny
18.9,79.5,998.2,17.4,9.3,Rainy
21.3,47.0,1019.6,32.6,0.0,Sunny
28.7,69.8,1010.2,25.5,0.0,Sunny
32.9,51.0,1007.5,32.9,0.0,Sunny
31.5,95.2,1004.6,23.8,21.2,Rainy
22.0,36.8,1017.5,2.2,0.0,Sunny
38.9,47.6,1001.1,10.8,0.0,Sunny
33.4,50.3,1002.1,31.9,0.0,Sunny
28.9,61.1,998.1,23.2,2.2,Cloudy
30.3,49.7,1014.0,34.4,0.5,Sunny
25.5,66.0,1009.9,7.1,0.0,Sunny
21.2,90.0,1010.2,11.8,12.7,Rainy
23.9,79.9,1000.5,14.0,7.0,Cloudy
33.9,71.5,1011.3,12.8,4.9,Cloudy
15.4,40.6,1014.1,10.3,0.0,Sunny
17.9,78.7,1003.9,16.6,9.0,Rainy
16.2,45.5,1015.0,23.2,0.0,Sunny
16.0,84.5,1003.7,12.3,5.8,Cloudy
36.4,50.8,1014.0,4.6,0.0,Sunny
32.6,61.3,995.8,25.4,7.8,Cloudy
26.9,57.1,1008.8,17.1,0.2,Sunny
17.4,89.1,1019.2,20.4,0.0,Cloudy
27.3,43.0,1019.5,17.0,0.0,Sunny
26.8,70.6,1002.0,31.4,4.9,Cloudy
19.3,43.9,1006.0,20.4,0.0,Sunny
25.8,79.4,996.6,32.5,16.2,Rainy
25.0,92.0,1016.8,18.8,4.4,Cloudy
30.4,62.4,1009.2,11.7,0.0,Sunny
30.9,65.7,1004.6,13.7,0.0,Sunny
16.1,93.4,997.8,19.2,19.5,Rainy
24.4,67.8,1018.7,19.5,0.0,Sunny
30.6,65.7,1008.3,24.7,2.3,Cloudy
27.6,71.4,1002.1,9.4,7.4,Cloudy
36.4,78.4,1003.8,23.7,7.5,Cloudy
31.5,41.7,1001.8,27.7,0.0,Sunny
19.1,86.7,1010.0,24.3,14.2,Rainy
16.8,62.4,1018.2,17.9,0.0,Sunny
31.1,39.6,1016.4,34.7,0.0,Sunny
15.7,84.5,1006.5,15.4,4.7,Cloudy
29.6,58.7,1015.7,5.5,0.0,Sunny
38.5,41.3,1005.6,29.1,0.0,Sunny
29.4,74.9,1001.3,9.0,5.8,Cloudy
24.7,90.4,1019.6,25.5,4.0,Cloudy
31.1,90.9,1002.6,7.9,14.3,Rainy
26.5,95.3,1003.1,2.6,20.6,Rainy
28.6,89.7,1019.7,7.3,0.0,Cloudy
38.5,35.1,998.3,14.4,0.0,Sunny
24.7,59.0,1014.0,5.5,0.0,Sunny
39.0,86.6,1018.4,8.5,0.0,Cloudy
37.6,58.1,1007.8,27.2,0.0,Sunny
19.9,72.9,995.1,27.4,15.6,Rainy
16.7,73.2,1004.4,29.0,8.8,Rainy
17.5,58.0,997.8,29.8,13.0,Rainy
15.5,92.0,1005.4,15.9,12.8,Rainy
17.4,66.7,1014.8,30.6,0.0,Sunny
32.1,64.3,1006.0,19.4,0.0,Sunny
16.8,97.8,1005.8,17.5,17.1,Rainy
23.0,66.1,1008.9,25.7,0.0,Sunny
36.1,46.2,1009.5,9.1,0.0,Sunny
15.6,67.3,1016.4,28.1,0.0,Sunny
35.4,86.3,1002.7,16.2,11.1,Rainy
22.0,83.9,1015.5,6.2,0.0,Cloudy
18.0,84.7,1009.1,5.9,6.6,Cloudy
32.4,79.6,1002.5,7.4,6.3,Cloudy
30.7,51.0,1002.4,31.4,0.7,Sunny
36.9,89.3,1004.0,34.7,15.3,Rainy
33.4,91.3,1010.6,13.8,6.5,Cloudy
35.1,47.2,1000.8,11.6,1.0,Sunny
22.1,43.2,1018.0,9.2,0.0,Sunny
19.4,96.5,1009.4,29.2,16.0,Rainy
33.8,89.7,1018.0,8.9,0.0,Cloudy
35.2,91.3,996.2,32.5,12.8,Rainy
39.8,90.8,1003.6,24.0,12.0,Rainy
25.3,69.1,995.6,31.6,2.7,Cloudy
24.3,75.7,1001.8,20.3,7.2,Cloudy
34.4,69.4,1016.6,24.8,1.5,Sunny
23.5,38.2,995.9,22.4,0.0,Sunny
38.3,82.0,1005.9,29.4,1.1,Cloudy
36.5,66.8,997.9,29.6,14.3,Rainy
25.7,75.8,1005.4,21.5,4.0,Cloudy
33.8,66.7,1016.0,22.9,0.0,Sunny
33.9,66.0,1010.6,32.4,2.6,Cloudy
17.6,45.8,1013.4,32.7,0.0,Sunny
37.6,52.6,1003.7,23.9,0.0,Sunny
27.6,45.0,1018.6,2.3,0.0,Sunny
35.7,47.3,1012.7,5.4,0.0,Sunny
23.0,96.3,1005.5,30.3,10.7,Rainy
37.4,44.6,1005.7,4.8,0.0,Sunny
24.7,52.0,1018.0,9.0,0.0,Sunny
15.3,72.2,1009.4,9.6,0.0,Cloudy
37.6,73.4,1012.7,21.8,0.0,Cloudy
17.3,44.7,1005.4,21.0,0.0,Sunny
23.0,85.0,1000.6,11.6,10.5,Rainy
38.8,84.5,1013.1,8.9,0.0,Cloudy
38.8,50.0,1010.2,27.2,0.0,Sunny
29.3,53.2,1007.5,32.9,0.0,Sunny
30.8,94.1,1010.6,3.7,4.5,Cloudy
26.2,87.0,1000.2,6.4,9.8,Rainy
22.3,79.0,1014.8,23.2,0.0,Cloudy
23.2,40.2,1018.7,28.5,0.0,Sunny
31.8,61.4,1017.3,28.1,0.0,Sunny
33.8,70.2,1003.0,25.7,3.7,Cloudy
34.8,46.8,1005.2,31.3,0.0,Sunny
34.7,63.2,1015.2,9.2,0.0,Sunny
17.3,72.9,1009.9,5.5,0.0,Cloudy
27.4,55.6,1008.7,22.3,0.0,Sunny
16.4,84.2,1018.2,29.1,0.0,Cloudy
28.7,87.9,1008.4,21.2,7.1,Cloudy
26.0,55.4,1007.9,33.8,0.0,Sunny
37.2,87.8,996.1,28.3,19.5,Rainy
23.8,41.5,996.7,25.1,0.0,Sunny
17.9,87.8,995.2,4.0,11.9,Rainy
18.6,44.6,1017.8,5.6,0.0,Sunny
34.0,40.2,1005.2,27.9,0.0,Sunny
30.5,75.4,1006.7,8.5,5.9,Cloudy
17.5,64.7,1016.1,3.0,0.0,Sunny
17.1,92.2,1010.2,32.1,20.6,Rainy
32.5,57.9,1010.2,31.4,0.0,Sunny
16.8,53.1,1002.4,9.2,0.0,Sunny
35.5,66.5,1015.8,27.7,0.0,Sunny
32.7,63.7,999.1,3.6,0.0,Sunny
17.0,56.7,996.3,11.4,9.3,Rainy
17.1,78.7,999.8,22.6,12.0,Rainy
39.7,82.9,1001.7,27.2,9.3,Rainy
24.4,88.7,1002.1,2.3,12.9,Rainy
24.3,96.3,1011.8,12.8,9.9,Rainy
35.3,51.8,1000.4,9.1,0.0,Sunny
38.7,80.1,1011.9,35.0,0.4,Cloudy
39.7,59.8,997.3,24.1,0.0,Sunny
33.8,77.7,998.7,15.4,19.2,Rainy
24.4,65.0,1007.7,4.5,0.0,Sunny
17.1,97.6,1018.0,21.8,13.7,Rainy
34.4,80.9,1016.5,23.2,0.0,Cloudy
29.0,95.0,1019.2,28.9,9.1,Rainy
25.6,87.6,1011.3,11.5,7.4,Cloudy
37.7,91.9,1011.9,34.4,13.1,Rainy
17.8,86.3,1010.6,16.5,9.1,Rainy
27.3,63.9,1010.6,11.8,0.0,Sunny
15.3,50.9,998.7,13.5,0.0,Sunny
26.7,58.3,1008.6,19.1,0.0,Sunny
16.4,36.3,1004.7,32.9,0.0,Sunny
18.0,68.0,1006.1,26.3,0.0,Sunny
17.9,66.8,1008.1,21.0,0.0,Sunny
31.2,68.1,998.2,7.4,4.4,Cloudy
33.7,96.4,1004.0,6.9,5.1,Cloudy
29.6,92.4,996.6,18.6,20.1,Rainy
39.1,45.2,1019.5,26.0,0.0,Sunny
24.4,58.2,998.0,26.8,0.5,Sunny
22.1,61.7,1001.5,9.5,0.0,Sunny
36.7,57.7,1017.3,5.3,0.0,Sunny
20.6,85.3,1007.1,14.7,2.1,Cloudy
39.1,68.0,998.4,32.3,7.4,Cloudy
15.3,71.0,1004.6,20.0,0.0,Cloudy
39.2,88.7,997.9,12.6,12.2,Rainy
16.1,85.8,1000.0,12.7,19.8,Rainy
37.3,43.3,996.3,6.4,0.0,Sunny
28.2,80.0,1006.0,17.6,3.8,Cloudy
39.8,62.4,1015.2,28.1,0.0,Sunny
16.8,53.6,1009.6,34.0,0.0,Sunny
28.8,38.2,1010.2,18.6,0.0,Sunny
39.2,65.7,1000.0,7.5,6.0,Cloudy
28.1,57.4,1003.6,24.5,0.0,Sunny
30.7,50.8,1016.1,27.0,0.0,Sunny
32.4,78.8,997.2,4.4,11.3,Rainy
26.4,83.5,1016.4,30.1,1.6,Cloudy
30.7,50.4,1007.1,29.4,0.0,Sunny
29.6,38.1,1015.9,17.6,0.0,Sunny
37.5,88.5,1003.0,20.5,15.9,Rainy
16.1,35.6,1003.5,25.5,0.0,Sunny
22.0,94.0,1013.8,24.3,4.0,Cloudy
38.8,74.5,1014.6,2.5,0.0,Cloudy
37.3,55.3,1000.7,6.0,0.0,Sunny
26.4,50.5,1019.3,7.4,0.0,Sunny
30.5,35.6,997.1,26.9,0.0,Sunny
21.9,49.8,996.7,16.5,8.3,Rainy
19.7,43.7,1009.9,20.0,0.0,Sunny
26.6,73.6,1013.1,27.5,5.1,Cloudy
23.8,45.5,1019.0,13.3,0.0,Sunny
29.6,68.3,1005.1,26.7,3.5,Cloudy
16.9,72.2,995.6,16.6,12.8,Rainy
39.4,53.8,1010.1,14.4,0.0,Sunny
39.7,37.2,1002.2,13.0,0.0,Sunny
32.5,37.3,1005.8,33.8,0.0,Sunny
28.4,36.7,1007.2,27.5,0.0,Sunny
22.7,81.6,996.6,2.7,8.4,Rainy
35.3,55.0,1007.1,33.6,4.3,Cloudy
32.1,85.2,1005.7,27.6,6.1,Cloudy
19.1,62.2,1012.8,6.9,0.0,Sunny
37.8,63.5,1011.1,4.5,0.0,Sunny
35.6,67.3,999.6,12.2,0.9,Sunny
38.7,79.9,1000.2,22.6,14.5,Rainy
33.1,52.2,1001.3,22.3,0.0,Sunny
30.3,42.7,999.5,11.1,0.0,Sunny
25.5,70.0,1011.4,16.7,0.0,Cloudy
38.3,55.6,1019.9,9.0,0.0,Sunny
36.7,62.9,1011.3,3.7,0.0,Sunny
16.1,75.8,1010.2,19.1,0.0,Cloudy
15.7,66.1,1005.2,13.5,8.0,Rainy
24.4,74.1,1002.8,19.9,9.1,Rainy
35.3,69.3,1017.8,33.2,0.0,Sunny
39.7,81.6,1019.2,6.7,1.6,Cloudy
18.8,79.5,1007.4,2.1,4.2,Cloudy
29.9,68.7,1002.3,4.5,0.0,Sunny
24.5,77.8,1014.3,17.3,0.0,Cloudy
39.2,90.0,998.3,25.3,15.1,Rainy
36.1,62.2,1014.1,21.2,0.0,Sunny
36.0,61.0,1015.5,18.3,0.0,Sunny
26.7,83.1,998.1,13.7,9.2,Rainy
25.4,71.7,1019.4,12.2,0.0,Cloudy
21.8,39.5,1019.6,14.4,0.0,Sunny
16.4,91.2,1018.4,22.2,1.8,Cloudy
36.6,36.9,1007.4,7.5,0.0,Sunny
35.3,82.1,1001.2,27.5,10.9,Rainy
40.0,82.8,1009.6,21.0,0.0,Cloudy
39.9,95.0,1005.5,10.9,13.3,Rainy
28.9,38.4,1000.1,18.5,0.0,Sunny
34.2,72.6,1005.6,33.8,15.6,Rainy
38.6,62.0,1011.6,2.7,0.0,Sunny
36.2,55.8,996.8,8.6,4.6,Cloudy
21.2,40.7,1003.3,16.8,0.0,Sunny
26.3,70.4,995.4,23.1,6.2,Cloudy
18.2,65.2,1013.7,9.0,0.0,Sunny
38.9,41.6,1011.0,32.7,0.0,Sunny
30.2,73.6,996.6,23.2,7.6,Cloudy
20.7,81.5,1019.1,31.0,0.0,Cloudy
31.8,83.3,995.6,12.9,13.0,Rainy
30.5,92.0,1009.7,29.4,8.4,Rainy
24.0,60.8,1014.4,14.5,0.0,Sunny
17.8,95.0,1014.7,10.3,0.0,Cloudy
31.8,89.5,995.9,32.1,20.6,Rainy
28.0,53.7,1017.7,5.0,0.0,Sunny
34.3,45.0,1018.0,33.1,0.0,Sunny
28.0,62.4,1009.0,17.1,0.0,Sunny
36.3,60.3,1007.1,34.8,5.3,Cloudy
28.8,71.3,996.1,19.8,10.2,Rainy
29.0,71.8,1009.0,27.0,7.7,Cloudy
36.9,82.2,1005.2,2.2,14.9,Rainy
25.1,67.1,1014.3,18.4,5.4,Cloudy
18.4,41.6,1005.1,26.3,0.0,Sunny
15.7,89.1,1012.1,27.8,3.4,Cloudy
33.9,54.5,997.5,7.2,0.0,Sunny
30.5,96.2,998.3,15.8,19.7,Rainy
32.6,42.4,998.5,15.8,1.1,Sunny
20.3,95.4,996.1,5.4,21.3,Rainy
18.4,40.7,1008.5,16.6,0.0,Sunny
15.4,49.6,1014.8,28.6,0.0,Sunny
23.8,37.9,1010.3,11.9,0.0,Sunny
29.7,79.4,1009.4,16.3,0.0,Cloudy
24.8,88.6,1012.0,33.7,8.9,Rainy
25.9,62.3,1003.5,3.0,0.0,Sunny
37.6,93.5,1004.0,21.5,8.2,Rainy
23.7,72.2,1002.9,26.5,2.9,Cloudy
27.8,74.7,1012.8,27.1,2.7,Cloudy
34.6,88.3,999.0,25.6,18.2,Rainy
24.9,53.7,995.3,26.0,4.0,Cloudy
30.6,57.3,1009.9,3.9,0.0,Sunny
36.6,92.1,1018.6,19.6,7.2,Cloudy
38.7,91.8,1010.2,27.8,11.5,Rainy
18.7,96.5,1014.6,5.1,6.5,Cloudy
38.2,91.8,1011.8,2.4,6.2,Cloudy
27.3,43.0,1007.4,28.9,0.0,Sunny
21.5,86.9,1013.0,25.5,0.0,Cloudy
26.5,60.8,1015.6,15.6,0.0,Sunny
39.5,97.4,1000.6,33.0,22.3,Rainy
27.3,64.8,1003.4,27.3,0.0,Sunny
23.2,69.9,1000.6,33.9,14.1,Rainy
30.8,68.4,1006.3,32.7,1.2,Sunny
21.0,55.3,1017.1,17.9,0.0,Sunny
16.9,39.7,1003.6,26.9,0.0,Sunny
18.2,91.4,1004.4,24.1,14.8,Rainy
18.2,85.6,1016.5,28.8,8.9,Rainy
18.8,43.8,1007.9,28.0,0.0,Sunny
18.5,83.9,1008.4,7.1,12.0,Rainy
31.0,74.4,1016.5,9.7,0.0,Cloudy
19.5,60.8,1007.3,10.8,1.4,Sunny
23.6,51.0,1012.0,29.0,0.0,Sunny
37.4,89.2,997.1,28.8,14.4,Rainy
26.8,79.1,999.5,18.3,12.2,Rainy
31.7,69.5,1005.1,21.2,1.6,Sunny
19.3,73.4,1007.4,29.3,4.2,Cloudy
19.8,40.7,1019.1,12.3,0.0,Sunny
16.0,64.9,1019.3,3.7,0.0,Sunny
19.2,47.2,1016.3,17.9,0.0,Sunny
22.0,48.1,1002.9,32.2,0.0,Sunny
19.4,76.7,1019.1,28.1,0.0,Cloudy
17.2,92.4,1012.2,14.1,12.8,Rainy
18.0,60.4,1004.8,4.1,0.0,Sunny
26.5,48.1,1012.5,23.0,0.0,Sunny
20.2,75.9,995.4,29.5,15.9,Rainy
24.1,89.9,998.7,23.9,14.8,Rainy
27.6,82.1,1015.7,16.0,0.0,Cloudy
32.3,89.7,1011.1,6.1,10.5,Rainy
16.0,68.8,1004.1,32.1,1.3,Sunny
35.0,82.4,1007.5,11.1,4.2,Cloudy
30.7,43.8,1017.6,9.4,0.0,Sunny
17.0,56.9,1010.8,28.9,0.0,Sunny
36.8,59.5,1005.0,34.4,4.6,Cloudy
38.0,67.2,998.0,23.8,7.5,Cloudy
16.5,93.5,1002.3,22.6,15.6,Rainy
21.9,90.1,1019.5,12.5,5.1,Cloudy
35.2,43.5,1005.9,2.7,0.0,Sunny
33.7,45.9,1006.8,8.3,0.0,Sunny
19.6,57.5,1007.5,21.3,0.0,Sunny
20.2,53.3,1017.1,7.0,0.0,Sunny
24.3,73.7,1010.1,31.2,2.9,Cloudy
27.1,91.9,1012.3,8.2,1.3,Cloudy
30.5,95.6,1004.7,19.2,15.3,Rainy
24.2,76.2,995.7,18.9,11.9,Rainy
26.6,87.8,1018.3,21.9,0.0,Cloudy
33.7,68.1,1018.7,12.8,0.0,Sunny
15.9,48.1,1018.7,30.8,0.0,Sunny
21.3,68.1,1018.6,16.7,0.0,Sunny
32.8,70.0,1015.4,25.1,1.1,Cloudy
37.4,81.8,1012.1,23.0,0.0,Cloudy
27.8,48.9,1016.1,5.9,0.0,Sunny
28.3,58.2,1010.0,22.5,0.0,Sunny
17.7,57.9,998.4,20.2,0.0,Sunny
26.2,95.4,1004.8,31.7,12.4,Rainy
28.3,63.0,1019.3,31.1,0.0,Sunny
21.1,82.6,1003.8,7.0,5.9,Cloudy
21.7,82.3,1016.7,4.7,0.0,Cloudy
24.4,51.7,997.3,11.7,0.0,Sunny
15.5,71.0,1003.4,34.6,15.9,Rainy
23.1,91.3,1003.8,2.7,15.6,Rainy
20.3,64.9,996.3,24.2,5.9,Cloudy
23.2,94.5,998.0,22.1,19.9,Rainy
18.0,48.5,999.8,23.3,0.0,Sunny
37.3,39.7,1015.9,9.2,0.0,Sunny
29.8,91.2,996.6,9.5,13.7,Rainy
32.0,88.4,1002.5,16.2,10.6,Rainy
34.7,97.5,995.3,5.2,22.1,Rainy
27.5,77.8,1012.4,4.5,5.1,Cloudy
17.2,94.0,1010.5,4.9,11.0,Rainy
28.4,87.1,1011.1,20.9,11.8,Rainy
29.7,88.2,1004.4,15.1,9.9,Rainy
33.6,70.9,1000.2,11.7,3.3,Cloudy
25.8,59.1,1013.0,12.4,0.0,Sunny
18.2,93.9,1015.3,8.8,5.5,Cloudy
22.1,62.2,998.5,15.6,5.2,Cloudy
24.1,68.9,1007.2,8.7,0.0,Sunny
31.1,63.1,1001.2,25.0,0.5,Sunny
29.3,70.6,999.2,6.1,10.5,Rainy
23.9,64.6,1013.4,33.3,0.0,Sunny
39.7,38.0,1008.5,5.0,0.0,Sunny
30.1,90.6,1000.4,33.1,13.9,Rainy
20.9,63.0,1002.8,29.5,0.3,Sunny
17.5,72.1,1019.2,24.5,0.0,Cloudy
18.8,43.8,1016.2,32.1,0.0,Sunny
21.1,35.2,1017.0,6.6,0.0,Sunny
19.0,50.5,1006.5,7.8,0.0,Sunny
19.7,79.4,1010.6,10.3,2.1,Cloudy
22.1,41.2,1004.4,10.1,0.0,Sunny
19.3,92.3,996.9,12.3,17.2,Rainy
37.4,48.5,1005.0,21.0,0.0,Sunny
17.0,47.9,1009.8,2.9,0.0,Sunny
28.1,46.4,1002.2,14.6,0.0,Sunny
25.3,35.9,1016.2,10.1,0.0,Sunny
39.6,83.6,998.8,22.0,12.3,Rainy
17.8,90.1,1004.2,34.5,9.7,Rainy
24.9,73.7,998.1,19.1,7.6,Cloudy
39.2,46.9,1005.1,16.0,0.0,Sunny
36.6,53.0,996.0,14.2,1.0,Sunny
35.4,65.0,1001.8,27.9,1.4,Sunny
21.4,95.1,1005.0,4.4,19.9,Rainy
19.3,50.6,1007.0,33.7,0.0,Sunny
31.7,81.1,1008.6,15.8,1.3,Cloudy
38.2,62.7,1001.9,12.4,6.0,Cloudy
28.9,53.8,1008.1,34.1,0.0,Sunny
29.3,63.7,1007.7,32.9,0.0,Sunny
22.0,39.5,1002.9,23.2,0.0,Sunny
34.2,85.3,1015.8,2.6,1.2,Cloudy
19.7,50.3,1008.6,26.7,0.0,Sunny
23.1,80.7,1003.3,13.1,0.0,Cloudy
25.6,39.3,1018.7,14.8,0.0,Sunny
27.7,95.2,1016.1,7.2,9.3,Rainy
21.1,47.2,1019.6,19.3,0.0,Sunny
17.9,90.6,1012.3,26.6,10.3,Rainy
30.3,86.0,1004.5,11.0,10.2,Rainy
22.2,96.0,1002.0,33.0,12.3,Rainy
29.5,65.1,1011.6,8.4,0.0,Sunny
18.9,80.8,1019.5,4.2,0.0,Cloudy
27.0,58.4,1010.7,23.3,0.0,Sunny
28.3,46.6,1017.0,30.0,0.0,Sunny
16.3,62.9,1003.2,33.5,5.0,Cloudy
23.4,45.4,1005.2,27.3,0.0,Sunny
18.4,96.9,1017.7,8.6,9.0,Rainy
16.6,41.1,1013.9,34.3,0.0,Sunny
39.7,72.1,1019.5,32.3,0.0,Cloudy
23.1,74.5,1014.4,7.4,0.0,Cloudy
35.2,68.9,1006.2,20.4,2.1,Cloudy
21.4,76.7,1008.3,20.3,9.4,Rainy
32.0,42.3,1017.5,16.6,0.0,Sunny
34.0,70.0,1008.8,34.5,0.0,Cloudy
29.9,53.1,1001.4,4.0,0.0,Sunny
26.8,94.2,1005.9,22.7,10.9,Rainy
25.3,83.0,1007.9,8.8,0.3,Cloudy
23.7,96.3,997.4,19.4,20.4,Rainy
38.2,37.4,1013.6,27.7,0.0,Sunny
35.8,53.0,997.7,10.1,0.0,Sunny
39.1,47.3,1005.1,15.0,0.0,Sunny
18.1,35.7,1015.1,33.4,0.0,Sunny
33.3,50.3,1006.7,27.1,0.0,Sunny
38.5,77.8,1016.1,20.9,0.0,Cloudy
19.5,49.6,1003.5,9.3,0.0,Sunny
16.7,67.1,1018.9,16.0,0.0,Sunny
33.5,90.9,1000.2,27.5,20.4,Rainy
29.4,78.7,996.0,29.1,17.5,Rainy
36.0,59.9,1016.8,10.1,0.0,Sunny
18.5,58.5,1013.8,23.8,1.1,Sunny
34.9,63.7,1000.8,5.1,0.0,Sunny
20.0,46.2,1019.6,2.8,0.0,Sunny
19.1,74.9,1007.6,20.1,9.8,Rainy
19.1,57.9,1018.8,9.4,0.0,Sunny
35.4,88.7,1007.6,4.6,4.5,Cloudy
31.6,82.7,1006.8,26.1,5.7,Cloudy
28.1,73.5,1006.2,18.4,2.7,Cloudy
24.0,57.9,1003.4,28.3,4.5,Cloudy
36.9,48.2,1008.3,23.9,0.0,Sunny
24.8,83.9,1006.3,26.1,2.2,Cloudy
35.4,65.6,995.9,12.1,8.0,Rainy
26.0,49.2,1001.5,10.7,0.0,Sunny
24.4,47.3,1000.3,21.8,4.5,Cloudy
26.6,45.4,1016.7,8.6,0.0,Sunny
22.5,84.0,1010.0,28.9,6.9,Cloudy
33.7,49.4,1014.1,19.3,0.0,Sunny
27.6,68.2,1018.9,9.5,0.0,Sunny
20.8,63.4,1011.1,22.6,0.0,Sunny
37.5,71.5,1019.6,33.2,0.0,Cloudy
24.6,90.3,1002.8,4.7,9.3,Rainy
28.6,89.7,999.7,5.6,17.1,Rainy
37.7,63.4,1005.1,29.8,0.0,Sunny
30.6,36.0,1006.8,5.6,0.0,Sunny
17.9,61.9,1017.4,3.3,0.0,Sunny
38.5,73.2,1009.0,13.5,0.0,Cloudy
30.7,70.1,1002.3,17.4,5.2,Cloudy
23.4,76.0,1013.6,20.8,0.0,Cloudy
18.5,44.7,1007.6,18.7,0.0,Sunny
34.9,75.7,999.1,32.1,12.6,Rainy
30.5,46.5,1009.4,27.4,0.0,Sunny
28.3,82.3,1017.8,34.5,3.8,Cloudy
37.3,56.4,1016.1,17.7,0.0,Sunny
34.7,79.7,1009.7,4.8,0.9,Cloudy
18.8,38.0,1004.4,33.5,0.0,Sunny
22.8,60.7,997.2,2.1,3.5,Cloudy
21.2,79.4,1006.7,27.6,10.6,Rainy
33.6,49.3,1013.8,3.0,0.0,Sunny
15.8,85.1,1004.0,27.1,14.5,Rainy
29.2,74.7,1000.9,33.0,18.5,Rainy
34.1,72.0,1018.3,14.8,0.0,Cloudy
36.9,57.3,1015.5,10.0,0.0,Sunny
23.6,65.4,1011.0,9.5,0.0,Sunny
35.5,72.6,998.4,18.2,7.8,Cloudy
17.8,64.8,998.6,7.6,0.7,Sunny
36.2,79.0,997.6,24.2,15.9,Rainy
18.2,62.3,1010.4,14.2,0.0,Sunny
24.9,47.7,997.9,12.7,0.0,Sunny
34.9,48.5,1016.1,17.2,0.0,Sunny
18.7,35.4,1019.8,19.9,0.0,Sunny
20.7,54.0,1004.2,6.7,0.0,Sunny
33.1,82.2,1006.3,25.4,11.5,Rainy
33.0,85.0,1012.8,31.1,5.9,Cloudy
31.0,47.8,1018.4,11.2,0.0,Sunny
32.3,95.4,1017.4,8.0,0.3,Cloudy
28.6,66.7,996.4,27.1,14.5,Rainy
21.3,92.8,999.2,8.1,21.8,Rainy
23.6,79.5,1013.9,3.4,1.0,Cloudy
19.5,80.5,1012.2,22.4,6.5,Cloudy
37.7,40.4,998.3,9.9,0.0,Sunny
29.6,48.9,1007.6,7.7,0.0,Sunny
25.0,35.6,1014.5,34.4,0.0,Sunny
26.6,80.1,1000.5,11.6,11.4,Rainy
38.7,56.7,1016.8,31.8,0.0,Sunny
18.8,84.6,996.3,7.9,13.4,Rainy
29.7,56.4,1014.6,29.0,0.0,Sunny
27.6,86.6,1010.4,18.6,11.3,Rainy
30.3,43.2,1002.9,4.6,0.0,Sunny
15.5,45.9,1013.0,26.2,0.0,Sunny
36.8,56.5,1014.6,31.4,0.0,Sunny
38.3,60.7,1018.3,7.4,0.0,Sunny
29.1,57.0,1004.2,25.9,0.0,Sunny
32.4,83.1,1012.2,16.7,0.1,Cloudy
38.1,41.1,1010.1,26.9,0.0,Sunny
32.7,57.1,1008.1,25.6,1.1,Sunny
18.8,87.7,1017.3,2.9,0.0,Cloudy
29.4,39.2,995.1,7.9,0.0,Sunny
30.2,94.4,1002.1,17.5,15.4,Rainy
25.6,97.1,1008.5,32.8,26.6,Rainy
33.4,40.6,999.5,13.3,0.0,Sunny
38.4,53.4,1017.7,22.8,0.0,Sunny
38.1,58.5,1011.2,2.4,0.0,Sunny
26.3,83.9,1006.9,25.5,7.5,Cloudy
17.8,72.5,1015.4,21.9,0.0,Cloudy
39.6,75.6,1006.3,25.6,3.1,Cloudy
36.0,82.7,1009.0,31.9,8.8,Rainy
18.1,42.4,995.1,6.8,0.0,Sunny
38.0,87.5,1004.1,10.6,7.8,Cloudy
36.7,79.5,998.5,34.9,12.3,Rainy
28.0,71.4,1012.2,7.2,0.0,Cloudy
29.8,91.1,1007.0,25.8,2.9,Cloudy
25.0,79.1,1002.5,25.9,4.3,Cloudy
16.4,47.7,1006.7,24.5,0.0,Sunny
23.4,62.1,1000.2,9.5,2.8,Cloudy
35.1,66.1,1018.1,9.1,0.0,Sunny
15.1,38.5,996.3,24.0,0.0,Sunny
23.3,95.1,1016.6,8.1,4.5,Cloudy
25.0,43.1,1007.8,23.8,0.0,Sunny
28.4,78.9,1010.5,18.3,13.8,Rainy
38.0,66.9,1002.6,14.8,10.4,Rainy
23.7,36.6,1019.2,11.9,0.0,Sunny
23.7,93.3,1002.0,33.3,15.9,Rainy
33.4,88.7,1009.7,18.8,2.4,Cloudy
26.3,68.0,1019.8,20.5,0.0,Sunny
20.6,49.4,1017.0,33.3,0.0,Sunny
26.3,42.7,1008.4,23.6,0.0,Sunny
18.5,57.9,1019.8,33.6,0.0,Sunny
19.4,51.1,1012.5,5.5,0.0,Sunny
27.5,66.9,1000.2,29.9,6.6,Cloudy
25.5,95.9,1005.1,13.1,5.6,Cloudy
37.9,71.2,1003.4,28.7,7.6,Cloudy
24.1,91.1,1003.6,30.2,9.9,Rainy
29.5,76.0,1014.0,11.0,2.8,Cloudy
30.8,64.9,1009.6,15.5,0.0,Sunny
15.3,88.8,996.0,26.0,13.4,Rainy
31.6,64.7,1016.9,5.3,0.0,Sunny
19.5,89.7,1002.4,26.9,11.1,Rainy
39.0,53.4,1019.9,5.6,0.0,Sunny
18.7,43.1,1018.9,32.2,0.0,Sunny
25.4,88.9,1018.5,11.1,0.0,Cloudy
17.1,72.0,1015.3,21.0,0.8,Cloudy
39.9,91.0,1000.5,5.9,9.2,Rainy
27.6,94.1,1008.3,10.9,0.0,Cloudy
29.9,38.4,1000.6,15.3,0.0,Sunny
16.7,66.6,1001.5,18.1,9.1,Rainy
33.7,58.6,1010.3,2.0,0.0,Sunny
20.2,74.4,996.0,31.3,8.1,Rainy
37.5,85.0,1019.2,2.3,0.0,Cloudy
20.1,52.7,1018.0,27.5,0.0,Sunny
19.8,70.1,1004.5,17.5,0.8,Cloudy
15.9,79.6,1007.9,19.3,5.9,Cloudy
26.8,43.5,1006.7,8.9,0.0,Sunny
29.1,86.3,1017.1,22.0,0.0,Cloudy
16.6,73.2,1012.2,19.7,0.0,Cloudy
34.4,94.8,1002.0,7.4,18.5,Rainy
26.3,56.4,1006.2,9.9,0.0,Sunny
28.1,41.8,1005.7,4.2,0.0,Sunny
26.0,66.9,1019.0,4.2,0.0,Sunny
25.0,40.4,999.4,2.5,0.0,Sunny
29.0,96.1,997.2,9.3,22.2,Rainy
18.9,37.4,1017.0,24.4,0.0,Sunny
19.5,82.5,1017.4,12.4,0.0,Cloudy
36.5,68.1,1016.8,13.3,5.2,Cloudy
38.7,58.2,1007.8,6.4,0.0,Sunny
24.3,39.1,1011.5,21.0,0.0,Sunny
21.8,74.2,1009.1,13.3,2.4,Cloudy
31.1,71.9,996.7,24.3,6.7,Cloudy
25.2,52.7,1009.9,26.5,0.0,Sunny
15.6,92.3,995.3,21.3,23.2,Rainy
18.9,54.2,1003.1,11.1,0.0,Sunny
32.9,63.3,1018.3,18.8,0.0,Sunny
31.5,69.3,1002.6,10.3,3.8,Cloudy
15.7,41.3,1018.5,31.8,0.0,Sunny
20.5,93.7,1001.3,27.3,20.8,Rainy
20.8,58.6,1002.9,18.3,1.6,Sunny
31.8,40.1,1010.7,33.9,0.0,Sunny
15.5,59.4,1014.0,20.0,0.0,Sunny
17.6,72.8,1007.5,12.8,0.5,Cloudy
35.0,67.4,1017.1,5.2,0.0,Sunny
19.5,78.8,996.0,19.9,13.1,Rainy
31.3,38.5,1018.1,30.4,0.0,Sunny
21.0,52.9,999.9,30.6,0.0,Sunny
17.5,86.6,1017.1,22.0,10.5,Rainy
21.1,40.0,1005.0,15.0,0.0,Sunny
33.1,88.9,1015.8,23.5,2.8,Cloudy
36.4,40.8,1011.8,27.2,0.0,Sunny
35.8,87.6,999.4,15.6,18.6,Rainy
24.9,57.7,1018.0,17.7,0.0,Sunny
31.7,73.6,1001.1,24.5,8.4,Rainy
20.1,44.6,1001.1,30.9,0.0,Sunny
22.3,39.2,1015.4,28.1,0.0,Sunny
37.4,48.6,997.6,2.7,0.0,Sunny
15.3,43.1,1000.6,6.1,0.0,Sunny
17.1,54.7,1007.6,30.1,0.0,Sunny
20.2,67.4,1015.8,29.5,0.0,Sunny
15.7,72.1,998.7,14.8,7.1,Cloudy
19.5,84.8,1008.7,21.3,7.9,Cloudy
29.6,76.3,1012.8,31.9,2.4,Cloudy
25.5,73.4,1016.5,32.1,0.0,Cloudy
37.3,60.9,1018.4,27.8,0.0,Sunny
35.4,64.8,1014.6,8.9,0.0,Sunny
23.5,61.1,1011.3,26.1,0.0,Sunny
21.5,88.1,1005.8,5.3,5.7,Cloudy
24.5,49.5,997.8,31.5,4.1,Cloudy
29.8,35.4,1012.7,6.9,0.0,Sunny
21.7,76.0,1019.8,23.9,3.7,Cloudy
30.6,47.8,1013.4,22.1,0.0,Sunny
25.2,91.1,995.4,27.6,21.2,Rainy
28.8,89.1,1007.4,20.2,9.1,Rainy
25.9,39.8,1010.4,4.0,0.0,Sunny
22.4,41.7,1012.2,25.3,0.0,Sunny
38.7,66.2,1013.0,14.6,0.0,Sunny
34.1,73.4,1009.0,12.6,0.0,Cloudy
18.5,52.3,1000.6,34.7,2.6,Cloudy
36.7,80.2,1018.6,21.5,0.0,Cloudy
27.2,72.5,1012.4,25.5,0.0,Cloudy
37.4,55.5,1000.9,19.4,2.3,Cloudy
35.0,36.6,1003.1,27.4,0.0,Sunny
25.6,82.3,1018.0,26.8,5.4,Cloudy
15.6,48.5,1017.2,23.7,0.0,Sunny
21.7,87.6,1005.1,34.9,22.1,Rainy
28.5,61.5,996.0,17.2,5.6,Cloudy
30.8,71.4,996.2,25.3,17.7,Rainy
21.4,90.0,1002.1,28.3,20.4,Rainy
18.5,89.4,1010.7,14.4,4.8,Cloudy
35.9,58.4,1009.6,17.1,0.0,Sunny
39.6,48.2,1010.8,34.0,0.0,Sunny
28.1,83.8,1012.9,3.1,0.0,Cloudy
19.3,62.3,995.5,13.1,11.8,Rainy
21.8,47.1,997.6,18.0,0.0,Sunny
15.5,92.0,1004.0,2.0,10.0,Rainy
37.9,47.5,998.9,31.7,0.0,Sunny
17.9,36.6,996.9,11.4,0.0,Sunny
29.4,36.3,1011.0,10.5,0.0,Sunny
21.9,74.2,1015.4,29.1,1.0,Cloudy
28.9,76.7,1013.8,11.2,1.2,Cloudy
31.3,54.6,1015.4,23.7,0.0,Sunny
35.7,55.2,1011.6,29.1,0.0,Sunny
20.2,56.4,1013.4,28.2,0.0,Sunny
15.3,77.8,1001.8,27.8,4.3,Cloudy
18.4,38.7,1019.8,4.9,0.0,Sunny
37.5,93.5,999.6,4.6,11.7,Rainy
36.8,49.0,1000.4,12.1,0.0,Sunny
29.9,98.0,1002.2,3.2,17.0,Rainy
30.0,45.8,1019.4,18.5,0.0,Sunny
31.6,83.6,1019.7,15.0,0.0,Cloudy
19.4,49.1,1014.9,20.4,0.0,Sunny
37.9,40.1,1010.7,11.9,0.0,Sunny
25.5,90.1,1008.0,18.0,13.8,Rainy
24.6,89.1,1019.3,13.0,2.7,Cloudy
28.0,60.4,1012.4,8.4,0.0,Sunny
16.2,79.3,1018.6,23.4,0.0,Cloudy
19.2,70.1,1002.9,24.2,8.1,Rainy
33.5,88.7,1003.3,29.4,6.3,Cloudy
17.1,54.8,1016.4,30.9,0.0,Sunny
30.1,68.0,998.7,25.2,2.3,Cloudy
21.1,65.6,1018.6,24.7,0.0,Sunny
24.7,57.3,1007.7,3.9,0.0,Sunny
22.2,91.2,1018.2,5.6,2.4,Cloudy
23.9,45.5,1003.4,28.8,0.0,Sunny
33.0,44.4,1012.9,9.7,0.0,Sunny
22.4,71.3,1007.1,13.7,3.3,Cloudy
29.2,76.4,1010.7,6.8,0.9,Cloudy
26.9,47.3,1007.6,8.4,0.0,Sunny
31.6,59.6,1019.2,27.6,0.0,Sunny
38.4,94.6,1012.3,10.6,0.0,Cloudy
33.3,50.5,1001.3,16.8,0.3,Sunny
20.4,77.1,1017.7,7.0,0.0,Cloudy
15.8,81.6,1002.4,24.4,9.6,Rainy
21.6,63.2,1004.3,26.0,0.0,Sunny
29.9,94.1,997.6,13.9,19.4,Rainy
16.3,81.4,1017.5,27.9,2.2,Cloudy
27.4,63.8,1002.2,9.9,0.0,Sunny
29.9,70.9,1001.5,24.8,7.6,Cloudy
23.4,78.6,1018.0,26.1,3.3,Cloudy
34.3,72.3,1015.1,34.0,9.0,Rainy
17.7,90.4,998.5,9.7,16.1,Rainy
16.9,57.5,1014.2,5.1,0.0,Sunny
33.2,53.9,1017.8,10.7,0.0,Sunny
27.4,48.5,997.0,6.1,0.0,Sunny
32.2,37.4,1015.6,7.6,0.0,Sunny
25.9,37.7,1008.7,13.0,0.0,Sunny
21.2,89.8,1011.7,15.7,10.2,Rainy
35.5,77.7,1007.3,31.8,14.6,Rainy
35.0,76.6,1012.4,8.5,0.0,Cloudy
32.4,73.7,995.9,34.1,8.2,Rainy
21.8,88.5,1014.1,28.7,11.0,Rainy
29.8,65.3,995.8,31.1,15.1,Rainy
24.0,89.8,1006.4,32.7,13.3,Rainy
17.3,57.6,998.8,26.9,0.0,Sunny
37.9,93.4,1015.6,28.0,4.6,Cloudy
18.4,79.0,1002.8,16.4,9.7,Rainy
38.8,51.2,1006.4,18.8,0.0,Sunny
26.2,70.5,1005.7,32.8,5.7,Cloudy
19.6,68.6,1014.3,14.5,2.9,Cloudy
28.5,43.7,1007.0,3.4,0.0,Sunny
36.8,72.2,1014.7,27.2,1.8,Cloudy
33.3,54.8,996.8,20.9,2.1,Cloudy
35.2,38.3,999.8,28.9,0.0,Sunny
31.5,94.8,1008.8,4.5,12.5,Rainy
32.3,75.4,1018.7,22.5,0.0,Cloudy
36.2,90.2,996.9,10.2,16.8,Rainy
21.2,77.6,996.1,31.8,8.5,Rainy
27.2,57.5,998.9,5.6,0.0,Sunny
20.5,67.3,1011.0,29.8,2.4,Cloudy
39.7,77.6,1005.0,4.9,0.1,Cloudy
38.6,95.5,1015.6,2.8,5.8,Cloudy
16.0,51.0,996.8,9.8,0.6,Sunny
32.6,90.1,999.9,13.0,16.7,Rainy
38.1,93.2,1002.5,22.7,18.1,Rainy
19.5,77.2,1010.7,6.3,3.0,Cloudy
29.2,93.7,1012.1,16.4,6.0,Cloudy
37.9,60.1,998.1,8.7,0.0,Sunny
15.8,95.0,1018.6,30.2,3.1,Cloudy
32.4,79.3,1003.5,3.5,9.0,Rainy
22.4,37.6,1012.8,13.7,0.0,Sunny
38.1,92.1,1008.1,22.8,7.3,Cloudy
39.3,65.5,1000.6,32.1,2.0,Cloudy
38.6,64.0,1016.2,30.6,0.0,Sunny
26.9,70.7,1015.5,31.5,0.0,Cloudy
36.6,44.4,1004.9,4.1,0.0,Sunny
36.1,64.6,1009.7,29.8,0.0,Sunny
23.0,87.4,1001.4,27.7,7.8,Cloudy
35.7,36.0,1012.2,31.8,0.0,Sunny
15.9,52.2,1002.7,12.3,0.0,Sunny
29.9,35.2,1016.1,32.1,0.0,Sunny
20.8,61.2,1000.4,15.3,5.7,Cloudy
18.0,80.9,995.4,22.9,9.6,Rainy
16.9,85.3,1001.7,16.0,10.3,Rainy
32.4,94.5,999.8,16.1,15.7,Rainy
23.5,73.3,1007.7,20.0,0.6,Cloudy
33.1,51.0,1000.1,13.7,0.0,Sunny
16.6,93.2,1014.1,28.2,11.7,Rainy
22.9,83.8,1001.0,22.9,12.6,Rainy
28.5,71.2,1012.7,24.8,0.0,Cloudy
34.8,78.8,1009.5,9.6,4.4,Cloudy
23.0,93.2,1019.7,34.0,6.4,Cloudy
30.6,79.9,1020.0,23.8,0.0,Cloudy
37.1,58.2,1016.7,8.5,0.0,Sunny
30.4,79.9,1014.0,26.8,0.0,Cloudy
20.8,37.5,1004.7,7.7,0.0,Sunny
15.6,59.3,1013.8,4.1,0.0,Sunny
36.8,60.6,1018.9,19.4,0.0,Sunny
15.5,45.5,995.6,20.3,2.0,Cloudy
36.9,36.5,1008.4,8.2,0.0,Sunny
28.2,43.4,1000.4,13.5,0.0,Sunny
38.5,76.2,1008.9,33.2,9.3,Rainy
35.0,85.5,1006.7,11.4,6.6,Cloudy
39.9,97.3,1009.4,7.1,14.3,Rainy
23.8,56.8,1008.8,34.8,0.0,Sunny
34.2,72.8,1019.0,12.0,0.0,Cloudy
25.0,94.0,1008.8,24.4,13.5,Rainy
27.0,45.5,1016.2,9.6,0.0,Sunny
30.7,80.2,1003.0,20.2,2.8,Cloudy
36.8,82.6,1006.0,14.7,1.2,Cloudy
39.6,40.6,1006.8,33.7,0.0,Sunny
34.2,89.3,1002.0,16.3,15.0,Rainy
25.4,86.2,1004.5,21.3,8.0,Rainy
25.5,37.1,1010.0,33.2,0.0,Sunny
33.4,40.7,1009.5,34.6,0.0,Sunny
21.0,38.1,1010.9,5.4,0.0,Sunny
17.8,56.1,1003.8,29.5,4.6,Cloudy
23.9,67.1,1002.9,14.6,5.1,Cloudy
22.2,68.5,1010.3,21.6,0.0,Sunny
22.4,51.9,998.3,14.4,0.0,Sunny
20.8,92.4,1001.3,15.2,10.0,Rainy
16.1,58.2,996.1,7.2,1.8,Sunny
15.4,37.9,996.8,20.9,0.0,Sunny
39.7,53.9,1001.1,20.0,0.0,Sunny
25.7,68.5,995.5,8.2,1.8,Sunny
24.6,60.7,1001.1,19.9,2.8,Cloudy
32.0,52.3,1011.4,34.1,0.0,Sunny
20.5,43.3,996.5,25.6,0.2,Sunny
38.7,86.6,1005.9,17.9,11.7,Rainy
34.7,97.8,1017.8,32.2,9.6,Rainy
17.2,55.8,1014.8,21.0,0.8,Sunny
25.4,59.0,1002.6,6.5,1.3,Sunny
37.0,73.9,1018.1,20.1,0.0,Cloudy
38.6,80.3,1003.2,8.0,9.2,Rainy
26.7,59.7,996.8,27.3,5.3,Cloudy
30.3,92.0,1019.9,33.9,0.0,Cloudy
19.2,70.3,1016.8,13.9,0.0,Cloudy
39.8,63.4,1006.6,16.4,0.5,Sunny
20.8,75.7,1011.7,15.9,3.4,Cloudy
38.6,95.0,1011.8,11.4,4.3,Cloudy
31.2,85.1,999.9,28.2,18.8,Rainy
30.2,37.5,1000.0,22.4,0.0,Sunny
27.8,55.9,1006.7,4.1,0.0,Sunny
20.8,64.6,1017.8,29.7,0.0,Sunny
19.4,54.8,995.2,8.2,0.9,Sunny
20.5,79.1,1014.6,34.3,9.4,Rainy
19.7,87.1,996.4,14.4,11.7,Rainy
34.5,81.1,1007.0,22.3,16.8,Rainy
23.8,97.3,1010.9,4.6,5.6,Cloudy
16.4,52.2,1012.2,13.4,0.0,Sunny
39.2,90.1,996.5,28.5,17.3,Rainy
37.1,83.3,1005.5,17.7,7.1,Cloudy
38.2,57.8,1009.6,31.9,8.1,Rainy
39.9,81.2,996.7,21.0,12.4,Rainy
19.3,41.6,998.4,32.6,0.4,Sunny
24.9,84.7,1011.6,34.4,6.5,Cloudy
34.0,68.5,1008.0,17.0,3.8,Cloudy
32.4,53.4,999.0,20.7,0.0,Sunny
18.8,76.3,1008.4,29.6,6.2,Cloudy
35.4,75.4,1017.8,9.3,0.0,Cloudy
20.6,48.2,995.4,30.4,0.0,Sunny
20.6,36.9,1011.1,21.5,0.0,Sunny
28.4,62.3,996.8,25.9,9.2,Rainy
29.8,70.9,995.2,4.6,7.4,Cloudy
29.5,90.2,998.8,27.3,15.0,Rainy
17.3,93.5,1005.6,12.3,12.7,Rainy
36.9,68.3,1015.1,28.6,0.0,Sunny
21.6,82.5,1002.0,18.8,18.0,Rainy
18.2,62.7,1010.6,11.1,0.0,Sunny
37.2,82.0,1005.3,33.4,10.1,Rainy
38.9,47.9,1000.9,27.2,1.5,Sunny
36.6,58.4,1007.9,34.5,0.0,Sunny
35.2,75.0,1014.9,14.0,0.0,Cloudy
31.4,36.1,1015.8,23.4,0.0,Sunny
28.8,80.5,1016.2,22.2,1.0,Cloudy
17.2,87.6,1003.5,24.7,15.1,Rainy
25.2,60.1,1014.8,3.3,0.0,Sunny
24.3,63.2,1000.3,11.6,0.4,Sunny
21.5,88.6,1013.5,32.0,0.0,Cloudy
33.1,83.9,1018.7,16.0,0.0,Cloudy
27.4,53.2,995.3,33.7,7.4,Cloudy
17.0,55.4,1006.0,9.0,0.0,Sunny
20.5,77.8,1011.2,34.9,0.1,Cloudy
32.1,70.5,1012.5,25.0,0.0,Cloudy
16.9,45.2,999.4,27.6,0.0,Sunny
36.3,54.5,1019.3,15.1,0.0,Sunny
27.4,91.7,1010.4,31.9,17.2,Rainy
27.0,78.4,999.1,20.0,11.8,Rainy
29.8,97.1,995.5,24.5,21.8,Rainy
35.6,83.3,1014.6,5.1,0.0,Cloudy
23.7,94.3,997.0,22.8,20.7,Rainy
32.0,48.6,998.5,31.0,8.2,Rainy
29.1,83.6,1009.4,7.9,9.7,Rainy
21.7,36.3,1010.1,26.3,0.0,Sunny
37.0,77.3,1012.2,2.8,0.2,Cloudy
34.9,64.6,1004.8,32.6,0.1,Sunny
31.5,56.8,1014.3,34.4,0.0,Sunny
36.3,89.3,1019.4,13.7,1.6,Cloudy
36.7,88.8,1001.8,5.5,12.4,Rainy
32.7,36.4,1012.6,23.7,0.0,Sunny
35.9,73.4,1018.2,3.0,0.0,Cloudy
32.4,58.2,1012.2,17.9,0.0,Sunny
32.0,61.2,1012.0,11.0,0.0,Sunny
30.5,87.4,1000.6,17.6,10.0,Rainy
33.8,54.5,1008.4,2.6,0.0,Sunny
19.0,94.4,1009.1,3.7,9.9,Rainy
37.0,46.3,1012.5,2.5,0.0,Sunny
36.8,76.8,1019.9,22.4,0.0,Cloudy
15.7,77.3,995.8,20.5,18.7,Rainy
35.6,50.9,996.6,9.7,1.7,Sunny
18.2,55.5,996.9,23.3,1.5,Sunny
23.4,87.6,1013.6,31.2,4.1,Cloudy
33.6,83.0,998.4,11.2,15.7,Rainy
19.0,55.7,1010.6,29.5,0.0,Sunny
35.4,68.6,1003.1,23.9,3.6,Cloudy
35.8,38.9,1006.4,3.1,0.0,Sunny
27.7,48.2,1000.4,14.4,0.0,Sunny
15.2,65.6,1016.7,18.8,0.0,Sunny
22.2,40.4,1009.7,26.1,0.0,Sunny
30.4,88.1,1018.6,11.5,5.6,Cloudy
39.5,80.2,1009.4,34.4,1.5,Cloudy
30.8,94.4,998.1,24.6,14.9,Rainy
21.5,78.7,999.3,14.3,15.7,Rainy
30.9,94.2,1019.7,5.2,2.3,Cloudy
28.5,69.9,1013.1,8.0,0.0,Sunny
34.5,72.8,996.2,18.1,14.4,Rainy
17.7,96.5,1012.6,18.3,11.0,Rainy
34.0,75.5,1005.3,27.3,15.5,Rainy
28.5,36.9,1002.7,26.0,0.0,Sunny
39.1,80.6,998.9,8.6,15.1,Rainy
23.5,92.0,1016.0,21.6,0.0,Cloudy
30.8,85.1,996.6,2.7,19.0,Rainy
38.3,71.8,1002.2,15.2,9.1,Rainy
17.6,77.3,1002.7,27.2,15.7,Rainy
38.4,97.4,999.0,15.2,23.6,Rainy
32.2,40.7,1007.7,29.6,0.0,Sunny
16.7,77.0,995.3,34.2,10.7,Rainy
22.5,52.9,1002.5,22.0,0.0,Sunny
32.7,75.3,1018.3,6.8,0.0,Cloudy
16.7,73.3,1002.8,14.5,1.8,Cloudy
29.6,44.7,1004.0,2.3,0.0,Sunny
23.6,48.0,1006.8,21.9,0.0,Sunny
30.5,74.2,1009.0,29.1,2.9,Cloudy
16.1,43.1,1015.2,22.8,0.0,Sunny
36.8,51.7,999.8,27.9,0.0,Sunny
39.3,87.6,1016.8,28.4,4.9,Cloudy
39.2,55.6,1013.9,30.1,0.0,Sunny
33.7,65.7,1013.1,10.8,0.0,Sunny
18.3,94.3,997.2,30.8,19.2,Rainy
34.0,49.3,995.5,23.6,7.3,Cloudy
15.6,59.5,1009.9,11.6,0.0,Sunny
15.6,73.2,1016.6,34.6,0.0,Cloudy
23.1,82.6,1009.6,33.4,7.4,Cloudy
27.2,91.8,1000.3,21.0,22.4,Rainy
34.3,92.7,997.3,29.8,19.5,Rainy
32.1,83.9,1012.5,10.6,1.8,Cloudy
26.1,49.4,1013.0,15.7,0.0,Sunny
21.8,36.6,999.3,8.1,0.0,Sunny
39.9,59.2,995.7,19.2,8.6,Rainy
25.7,43.9,1005.2,18.4,0.0,Sunny
26.3,79.8,1009.6,9.0,5.5,Cloudy
19.1,76.7,1012.7,24.2,7.5,Cloudy
34.9,37.8,1015.2,5.9,0.0,Sunny
32.3,87.7,1010.3,4.0,3.5,Cloudy
20.5,50.7,997.8,14.7,3.8,Cloudy
17.1,62.2,1012.1,15.5,2.3,Cloudy
32.0,77.1,1019.6,12.6,3.6,Cloudy
31.4,62.1,1017.6,10.5,0.0,Sunny
21.8,62.8,1016.8,13.2,0.0,Sunny
38.8,39.1,1002.6,7.4,0.0,Sunny
18.8,60.3,1013.8,15.3,0.0,Sunny
25.8,83.2,1016.3,31.9,0.0,Cloudy
38.6,92.7,1012.0,9.4,4.9,Cloudy
25.5,61.1,1001.3,24.6,5.4,Cloudy
31.0,61.7,1018.8,6.7,0.0,Sunny
24.9,79.3,1006.3,13.7,0.0,Cloudy
21.9,94.4,998.2,12.6,24.2,Rainy
39.6,51.8,997.7,32.9,0.0,Sunny
25.2,62.7,1011.2,16.1,0.0,Sunny
37.4,85.1,1005.9,24.8,5.2,Cloudy
20.7,73.4,997.4,21.9,7.8,Cloudy
20.3,42.0,1013.5,6.7,0.0,Sunny
15.8,74.5,1015.0,33.0,0.0,Cloudy
31.3,46.8,1013.1,13.4,0.0,Sunny
24.2,67.1,1000.1,3.5,3.5,Cloudy
36.6,68.3,1012.2,11.9,0.0,Sunny
26.8,90.2,995.3,13.1,27.1,Rainy
39.2,64.1,1002.6,5.1,2.0,Cloudy
19.6,52.6,1005.0,22.5,0.0,Sunny
36.7,49.6,1015.9,13.4,0.0,Sunny
34.4,90.1,1004.8,22.8,12.5,Rainy
34.3,45.8,995.3,2.2,0.0,Sunny
36.1,61.8,1003.8,34.4,0.6,Sunny
34.0,46.8,1007.5,7.6,0.0,Sunny
30.7,83.7,1018.7,23.8,8.0,Rainy
18.3,64.9,1018.5,25.6,0.0,Sunny
15.8,57.1,999.5,7.7,0.0,Sunny
38.0,57.7,999.6,5.7,2.9,Cloudy
30.4,88.7,999.1,7.0,15.2,Rainy
34.9,69.9,1014.7,10.1,0.0,Sunny
27.0,80.2,995.2,7.6,14.6,Rainy
17.9,91.5,998.2,24.2,14.4,Rainy
18.1,91.8,1008.4,15.9,11.9,Rainy
32.1,55.7,1001.2,19.7,7.1,Cloudy
25.8,95.0,997.3,3.6,16.8,Rainy
20.0,36.6,1004.0,30.4,0.0,Sunny
27.3,58.7,1001.9,7.6,0.0,Sunny
16.6,91.4,1007.8,13.9,4.0,Cloudy
29.5,52.3,1019.5,4.4,0.0,Sunny
21.7,52.2,998.1,6.5,0.0,Sunny
34.9,54.1,1004.3,24.0,0.0,Sunny
22.8,73.6,1018.3,24.9,1.0,Cloudy
26.4,62.6,1016.9,24.3,0.0,Sunny
15.3,80.8,1004.9,20.2,11.6,Rainy
16.8,91.4,1012.5,33.4,12.4,Rainy
24.8,77.5,997.2,18.7,6.8,Cloudy
27.0,47.9,1012.8,16.8,0.0,Sunny
30.0,93.8,1019.3,10.2,7.8,Cloudy
22.3,51.7,1008.4,5.3,0.0,Sunny
32.4,44.4,1007.5,20.1,0.0,Sunny
36.5,40.7,999.7,12.4,0.0,Sunny
34.5,70.5,1010.8,19.3,5.0,Cloudy
16.0,42.2,1009.8,8.8,0.0,Sunny
27.0,43.7,1011.3,29.7,2.9,Cloudy
17.6,53.9,995.7,35.0,4.1,Cloudy
21.1,52.7,1008.7,12.6,0.0,Sunny
39.7,73.1,1009.9,29.8,8.3,Rainy
18.6,86.5,1000.2,30.8,14.9,Rainy
27.5,83.0,1000.2,34.9,14.3,Rainy
30.5,51.5,1001.9,13.3,0.0,Sunny
32.6,50.5,1012.8,26.9,0.0,Sunny
29.0,95.8,1010.2,9.6,10.8,Rainy
15.2,35.5,1016.1,22.6,0.0,Sunny
23.2,90.4,1002.4,25.3,13.1,Rainy
27.9,47.6,1017.8,26.5,0.0,Sunny
17.2,94.7,1013.6,8.8,9.0,Rainy
23.8,56.6,1004.9,30.0,0.0,Sunny
15.8,62.7,997.4,15.9,3.7,Cloudy
17.0,79.5,1001.4,9.1,12.1,Rainy
24.9,72.0,1018.9,19.9,0.0,Cloudy
18.3,55.0,1002.8,30.5,0.0,Sunny
29.2,69.9,1003.2,33.9,6.5,Cloudy
32.2,81.0,999.7,26.7,14.7,Rainy
35.0,37.7,1015.2,2.2,0.0,Sunny
20.0,35.7,1001.9,6.4,0.0,Sunny
19.2,63.9,1003.3,4.5,0.0,Sunny
17.6,43.3,1005.4,5.3,0.0,Sunny
30.9,76.9,1005.8,14.6,2.5,Cloudy
32.7,48.5,1005.3,13.2,0.0,Sunny
15.8,62.3,1007.6,5.8,0.0,Sunny
38.4,47.5,1015.4,31.1,0.0,Sunny
16.3,69.6,1015.5,22.3,0.0,Sunny
28.5,42.3,1015.0,28.3,0.0,Sunny
32.7,36.5,997.5,14.3,0.0,Sunny
36.8,38.2,1015.0,15.5,0.0,Sunny
32.9,95.1,998.0,12.5,18.6,Rainy
35.0,44.0,998.1,16.5,0.0,Sunny
23.5,79.6,1018.7,22.1,0.0,Cloudy
35.4,39.3,1015.5,18.3,0.0,Sunny
17.0,41.8,1008.8,29.7,0.0,Sunny
37.4,67.1,1016.9,31.7,0.0,Sunny
28.7,64.3,1019.7,17.5,0.0,Sunny
35.4,94.9,1010.3,9.9,3.1,Cloudy
26.3,94.5,1010.3,33.2,16.7,Rainy
31.1,84.1,1013.9,26.3,3.3,Cloudy
28.2,72.9,1000.8,23.1,8.4,Rainy
33.3,63.7,999.2,26.6,2.6,Cloudy
17.0,57.4,1014.0,4.5,0.0,Sunny
16.5,94.7,1003.6,4.2,10.9,Rainy
21.2,73.0,998.4,7.1,5.8,Cloudy
19.0,71.5,1002.9,6.9,4.7,Cloudy
36.8,49.6,1004.0,15.9,0.0,Sunny
20.5,37.9,1019.1,7.2,0.0,Sunny
39.4,94.5,1012.4,30.2,4.7,Cloudy
23.4,54.8,1008.3,21.1,0.0,Sunny
19.6,62.9,1019.2,14.2,0.0,Sunny
34.7,42.2,1017.6,4.3,0.0,Sunny
31.5,87.7,1007.8,21.5,10.1,Rainy
27.5,36.7,1017.6,5.8,0.0,Sunny
28.9,87.5,1005.1,26.5,11.1,Rainy
33.0,43.8,1000.8,28.5,0.0,Sunny
20.7,90.9,1000.8,20.0,12.1,Rainy
39.9,81.0,1011.6,6.9,0.0,Cloudy
39.4,45.4,1007.5,28.0,0.0,Sunny
31.3,70.6,1011.5,12.2,0.1,Cloudy
20.0,54.7,1012.2,9.3,0.0,Sunny
32.0,46.2,995.6,17.5,0.0,Sunny
16.8,89.1,996.4,32.4,27.1,Rainy
15.8,60.4,1008.3,11.8,0.0,Sunny
21.4,60.1,999.8,31.9,10.4,Rainy
26.6,45.7,1010.8,3.8,0.0,Sunny
36.7,59.1,1008.8,4.8,0.0,Sunny
33.2,89.9,1009.6,25.1,13.7,Rainy
33.6,57.9,1002.6,8.3,0.3,Sunny
25.6,95.0,1011.0,12.4,8.8,Rainy
23.6,94.6,1015.7,6.5,0.0,Cloudy
24.3,44.1,1020.0,13.0,0.0,Sunny
39.7,46.2,1016.0,11.3,0.0,Sunny
16.0,89.3,1008.9,26.3,3.9,Cloudy
36.7,59.7,999.8,25.2,8.7,Rainy
29.5,35.3,1012.0,33.5,0.0,Sunny
26.0,52.3,1018.4,25.9,0.0,Sunny
33.1,72.7,1000.3,24.9,9.6,Rainy
27.2,85.4,1001.4,24.9,8.7,Rainy
36.8,43.4,998.7,31.1,0.0,Sunny
37.5,42.0,1013.4,11.8,0.0,Sunny
25.5,93.1,1005.2,11.9,14.2,Rainy
21.9,82.3,996.6,26.5,24.6,Rainy
29.8,72.2,1016.9,9.5,0.0,Cloudy
37.8,83.5,1008.9,32.1,7.8,Cloudy
20.3,62.0,1003.3,19.6,0.4,Sunny
30.6,82.8,1003.6,11.9,12.8,Rainy
30.8,58.4,1002.3,27.6,2.7,Cloudy
33.3,50.4,1006.4,12.3,0.0,Sunny
18.3,80.9,1003.4,33.8,9.4,Rainy
32.9,61.4,1008.7,34.4,0.7,Sunny
37.7,96.8,1014.3,24.0,0.0,Cloudy
19.5,57.0,1011.9,5.7,0.0,Sunny
20.9,93.1,1002.4,10.7,9.2,Rainy
39.3,93.8,1008.2,19.0,10.3,Rainy
19.5,50.2,1016.0,30.1,0.0,Sunny
36.4,85.3,996.7,8.1,8.1,Rainy
27.3,62.3,997.0,5.4,7.6,Cloudy
21.2,92.8,1008.9,4.5,8.0,Rainy
36.8,63.4,1011.0,18.7,1.7,Sunny
26.1,81.9,1000.3,31.2,10.0,Rainy
27.9,64.4,1013.6,3.4,0.0,Sunny
24.0,49.4,1011.2,9.0,0.0,Sunny
29.8,47.6,1018.1,24.9,0.0,Sunny
19.1,61.8,999.2,29.3,7.7,Cloudy
24.8,82.6,1013.8,28.6,0.0,Cloudy
39.2,73.1,997.1,27.9,4.9,Cloudy
21.5,78.4,1009.1,6.3,0.9,Cloudy
31.4,52.8,1008.8,15.1,0.0,Sunny
23.1,65.3,1004.7,34.5,5.4,Cloudy
34.3,37.8,1016.1,34.6,0.0,Sunny
18.3,86.5,995.1,21.9,16.4,Rainy
39.2,97.4,1008.0,25.4,7.0,Cloudy
26.3,60.6,1000.4,33.4,9.1,Rainy
20.9,35.7,1013.6,16.8,0.0,Sunny
16.8,45.7,996.1,6.5,0.0,Sunny
19.2,76.1,1015.8,24.1,2.2,Cloudy
28.0,73.6,1016.0,33.7,4.3,Cloudy
23.4,84.6,1015.8,25.0,3.0,Cloudy
35.7,51.0,998.8,28.5,5.1,Cloudy
25.8,83.1,1010.8,16.0,6.7,Cloudy
21.2,78.3,995.4,5.2,8.9,Rainy
30.4,55.3,1016.2,7.6,0.0,Sunny
32.7,69.4,1013.1,34.4,2.0,Cloudy
19.2,44.3,1008.3,18.3,0.0,Sunny
19.2,63.5,1013.3,2.4,0.0,Sunny
15.9,90.5,997.4,33.5,20.5,Rainy
33.4,61.5,1008.2,18.4,0.0,Sunny
31.6,87.9,1002.3,29.6,20.4,Rainy
26.9,72.2,1019.3,20.1,0.0,Cloudy
36.1,47.1,1016.4,5.4,0.0,Sunny
35.1,71.6,1013.3,22.3,0.0,Cloudy
29.6,66.9,1018.3,34.9,0.0,Sunny
36.7,60.1,1003.7,3.1,0.0,Sunny
20.1,42.5,1017.5,29.8,0.0,Sunny
17.8,61.3,1003.1,9.8,0.0,Sunny
21.7,39.6,1013.3,15.0,0.0,Sunny
16.4,41.2,1013.4,14.3,0.0,Sunny
28.3,61.2,995.5,31.7,5.5,Cloudy
38.4,54.2,1004.0,18.6,0.0,Sunny
16.0,93.3,995.5,16.8,17.6,Rainy
18.1,58.7,1019.9,29.0,0.0,Sunny
26.3,82.7,998.1,3.6,12.2,Rainy
38.3,68.4,1008.6,4.9,2.3,Cloudy
22.9,79.4,1014.8,2.7,0.0,Cloudy
27.7,51.4,1000.0,24.7,0.0,Sunny
16.0,94.3,1007.1,19.3,13.1,Rainy
18.7,68.4,1010.2,30.9,0.0,Sunny
39.7,87.4,999.0,18.5,4.6,Cloudy
39.1,58.0,1014.5,9.3,0.0,Sunny
15.1,41.3,1002.5,28.6,0.0,Sunny
38.8,77.4,1000.3,11.7,13.4,Rainy
31.0,35.5,1009.0,32.9,0.0,Sunny
36.7,64.9,1005.3,10.3,1.9,Sunny
26.4,47.1,1018.0,7.5,0.0,Sunny
27.9,74.5,1017.0,18.3,0.0,Cloudy
27.2,96.7,1007.1,3.7,17.9,Rainy
31.7,64.3,1004.0,3.2,4.0,Cloudy
18.5,86.5,1003.1,18.4,10.3,Rainy
15.7,67.0,1001.7,9.1,5.4,Cloudy
22.7,66.2,1008.6,2.3,0.0,Sunny
32.6,93.6,1015.1,11.8,11.5,Rainy
20.0,91.1,1002.8,17.8,13.4,Rainy
31.8,84.5,999.8,15.0,9.7,Rainy
39.2,53.7,1006.9,6.5,0.0,Sunny
17.3,69.3,996.7,21.1,12.5,Rainy
31.8,49.1,1012.5,25.4,0.0,Sunny
26.1,63.0,1008.0,24.3,0.0,Sunny
36.7,65.5,1007.4,15.0,2.4,Cloudy
19.4,87.4,1002.5,6.5,12.0,Rainy
32.3,91.4,1017.6,18.5,4.0,Cloudy
36.0,61.1,997.3,31.4,1.2,Sunny
38.6,36.1,1016.7,17.5,0.0,Sunny
32.1,89.3,1004.4,8.5,8.1,Rainy
27.4,46.0,1017.0,5.1,0.0,Sunny
30.4,74.2,1013.2,33.1,0.0,Cloudy
36.7,36.6,997.6,26.5,0.0,Sunny
29.3,60.2,1015.8,12.3,0.0,Sunny
15.8,97.1,1012.1,11.7,7.2,Cloudy
38.3,41.3,995.8,31.5,1.4,Sunny
32.2,61.7,998.3,7.9,0.9,Sunny
31.9,54.4,1010.9,19.7,0.0,Sunny
20.4,92.0,1011.6,25.5,6.8,Cloudy
31.5,89.8,1013.7,15.1,2.1,Cloudy
24.8,50.0,1013.0,3.3,0.0,Sunny
31.3,40.1,1011.5,9.5,0.0,Sunny
17.7,74.5,1014.2,31.8,1.6,Cloudy
31.4,56.2,1009.4,19.3,0.0,Sunny
40.0,77.3,1001.5,28.9,9.6,Rainy
16.2,37.0,1017.8,20.3,0.0,Sunny
39.4,43.4,995.5,33.1,0.0,Sunny
25.2,78.2,1004.2,32.0,16.9,Rainy
36.8,48.4,1013.2,17.9,0.0,Sunny
34.6,89.0,1005.7,12.5,9.5,Rainy
29.2,38.7,995.6,21.9,0.0,Sunny
33.5,48.6,996.6,24.3,0.0,Sunny
37.0,97.9,1011.2,18.4,16.8,Rainy
25.1,62.3,1019.1,29.1,0.0,Sunny
23.2,79.3,1008.8,8.0,7.4,Cloudy
31.7,46.5,1007.7,13.0,0.0,Sunny
35.2,73.4,1003.0,24.7,10.0,Rainy
34.1,80.7,1001.4,10.1,15.7,Rainy
34.9,54.8,995.5,16.5,8.8,Rainy
25.9,87.2,1001.8,33.8,9.7,Rainy
35.4,73.0,1006.2,22.7,8.3,Rainy
18.0,59.5,999.9,33.3,11.3,Rainy
28.6,70.1,997.2,25.8,9.8,Rainy
15.1,71.3,1012.9,25.9,0.0,Cloudy
23.1,45.4,1017.4,21.5,0.0,Sunny
24.2,60.4,1018.4,6.7,0.0,Sunny
24.9,56.6,1010.4,19.2,0.0,Sunny
32.4,60.3,996.3,10.3,0.0,Sunny
24.7,82.9,1013.5,35.0,9.3,Rainy
26.2,65.4,997.8,10.8,1.8,Sunny
20.9,94.2,1011.7,9.6,9.5,Rainy
24.3,53.5,1014.5,22.6,0.0,Sunny
20.7,61.2,1013.1,18.9,0.0,Sunny
16.8,84.6,1018.8,2.7,1.2,Cloudy
30.1,69.4,1013.5,6.3,0.0,Sunny
31.7,69.5,1012.3,28.8,0.0,Sunny
30.5,38.4,1001.5,18.0,0.0,Sunny
26.6,60.1,1018.1,6.8,0.0,Sunny
24.5,52.1,999.5,17.4,0.0,Sunny
36.6,98.0,1017.6,10.4,0.0,Cloudy
28.0,54.4,1002.8,9.4,1.2,Sunny
27.0,90.7,998.3,33.6,17.9,Rainy
15.6,77.6,1015.7,13.9,0.6,Cloudy
23.5,56.5,995.1,3.5,0.0,Sunny
24.5,69.2,1015.8,34.0,0.0,Sunny
25.0,88.0,1001.6,28.2,17.6,Rainy
29.5,90.7,1017.1,10.4,4.0,Cloudy
28.3,45.1,1012.3,15.5,0.0,Sunny
30.2,56.4,1011.7,30.5,0.0,Sunny
34.1,56.1,1004.1,13.8,0.0,Sunny
35.3,37.6,996.5,20.7,0.0,Sunny
33.0,72.7,1015.8,19.7,2.1,Cloudy
38.9,88.9,999.3,15.2,18.1,Rainy
15.5,59.0,1004.3,23.1,0.0,Sunny
19.9,81.6,1010.0,17.6,4.9,Cloudy
15.2,74.5,1007.1,2.7,7.5,Cloudy
31.2,58.7,1000.0,28.9,8.2,Rainy
37.5,43.9,998.5,5.7,1.9,Sunny
21.1,79.7,998.1,17.3,9.0,Rainy
38.2,88.8,1016.6,21.1,0.3,Cloudy
16.5,78.2,995.8,25.3,14.8,Rainy
38.4,36.1,1019.4,15.6,0.0,Sunny
23.8,48.6,1000.0,26.3,0.0,Sunny
17.5,39.4,997.8,6.3,0.0,Sunny
27.1,70.9,1009.4,23.6,6.2,Cloudy
21.4,82.7,997.0,29.3,15.6,Rainy
22.1,42.0,1010.1,31.4,0.0,Sunny
22.7,87.8,1016.3,21.1,0.0,Cloudy
35.1,70.0,996.2,12.3,9.3,Rainy
28.5,78.5,1015.0,7.4,10.2,Rainy
22.8,96.2,1004.9,13.4,10.3,Rainy
30.3,40.3,999.0,19.8,0.0,Sunny
32.9,91.8,999.4,8.5,24.9,Rainy
21.8,42.9,1018.0,33.4,0.0,Sunny
25.3,59.8,997.8,31.6,7.3,Cloudy
18.0,88.6,1016.7,3.1,8.4,Rainy
19.5,92.1,1008.6,20.5,7.0,Cloudy
32.0,66.9,996.0,28.0,8.2,Rainy
19.5,72.4,1006.6,10.1,0.0,Cloudy
28.1,79.6,1015.4,19.3,0.0,Cloudy
32.7,87.5,1013.2,15.4,11.0,Rainy
17.7,42.7,1007.2,8.5,0.0,Sunny
29.2,86.0,1016.5,22.3,0.0,Cloudy
21.4,65.3,998.0,34.8,6.5,Cloudy
39.1,63.4,1017.7,14.1,0.0,Sunny
27.1,61.7,1016.2,20.2,0.0,Sunny
35.1,67.1,1012.7,12.8,0.0,Sunny
28.8,94.5,1015.4,30.9,10.3,Rainy
16.1,69.5,1008.6,30.5,5.4,Cloudy
30.8,95.1,1011.9,7.9,7.9,Cloudy
38.8,46.4,1009.0,31.7,0.0,Sunny
30.0,80.6,1003.9,7.0,11.0,Rainy
35.5,86.2,1009.2,5.1,4.7,Cloudy
37.1,77.8,1001.4,23.5,16.3,Rainy
20.7,73.2,1006.0,14.7,0.2,Cloudy
20.3,70.6,1002.0,19.5,2.5,Cloudy
30.3,89.2,998.1,23.5,13.7,Rainy
25.3,86.8,1003.0,3.7,8.9,Rainy
36.0,42.7,1016.3,11.7,0.0,Sunny
37.5,88.5,1004.5,17.2,6.3,Cloudy
23.8,61.1,1013.7,10.8,0.0,Sunny
20.9,51.0,999.4,3.6,0.0,Sunny
34.5,89.8,1005.6,4.9,3.7,Cloudy
21.9,62.2,997.9,28.5,4.0,Cloudy
35.6,85.9,998.5,32.1,19.1,Rainy
25.6,51.6,1010.4,7.0,0.0,Sunny
31.7,35.2,1010.2,10.2,0.0,Sunny
17.4,66.2,1000.3,23.5,9.8,Rainy
30.6,41.3,1006.9,33.5,0.0,Sunny
26.3,82.5,1016.6,11.9,1.3,Cloudy
29.7,52.4,999.4,30.2,0.2,Sunny
19.2,62.9,995.5,18.7,4.6,Cloudy
33.4,40.5,1011.3,33.6,0.0,Sunny
36.6,53.1,996.3,6.5,4.3,Cloudy
20.4,84.2,1019.5,34.1,0.0,Cloudy
17.4,44.6,1010.2,16.6,0.0,Sunny
15.6,75.8,1006.8,33.4,4.2,Cloudy
31.0,92.8,1005.7,17.1,9.2,Rainy
30.2,77.8,1009.3,19.5,3.1,Cloudy
28.7,86.1,997.3,28.6,21.2,Rainy
20.8,41.9,1018.3,25.8,0.0,Sunny
24.8,50.8,1010.6,22.4,0.0,Sunny
29.9,91.4,999.6,15.8,17.5,Rainy
27.4,80.1,1009.1,28.2,8.1,Rainy
39.7,75.3,998.3,33.3,11.9,Rainy
18.4,76.8,995.4,2.3,13.0,Rainy
32.4,61.1,1010.8,21.4,0.0,Sunny
25.1,37.8,1011.2,30.6,0.0,Sunny
25.7,84.4,1009.6,23.6,10.5,Rainy
32.9,77.8,999.6,28.4,14.6,Rainy
32.3,64.8,1010.1,31.5,2.1,Cloudy
39.8,91.7,996.4,26.8,22.0,Rainy
18.2,56.2,1010.2,25.7,0.0,Sunny
17.6,53.5,1008.9,33.8,0.0,Sunny
33.1,90.0,1011.4,30.5,12.8,Rainy
29.5,85.2,1017.4,28.9,10.7,Rainy
21.9,67.4,1016.3,4.9,0.0,Sunny
17.0,43.2,1019.5,9.9,0.0,Sunny
17.1,48.5,1019.4,20.4,0.0,Sunny
37.4,76.3,1014.3,25.4,0.0,Cloudy
19.8,59.3,1018.9,12.0,0.0,Sunny
23.1,87.7,1016.7,5.1,1.5,Cloudy
20.7,94.8,1013.2,12.3,4.4,Cloudy
23.9,85.8,996.9,27.4,20.7,Rainy
16.7,58.8,996.2,31.0,2.9,Cloudy
28.0,84.7,1015.9,32.1,5.5,Cloudy
16.7,57.1,1007.2,14.5,0.0,Sunny
35.0,45.5,1015.4,14.3,0.0,Sunny
20.8,37.1,1002.8,15.4,0.0,Sunny
28.5,59.3,1004.9,14.4,0.0,Sunny
37.0,91.9,1012.5,24.0,3.4,Cloudy
31.3,50.1,1017.9,13.8,0.0,Sunny
28.3,48.0,997.2,2.7,0.0,Sunny
23.1,96.1,1016.5,16.5,5.1,Cloudy
23.3,36.6,1014.8,9.4,0.0,Sunny
31.7,84.5,1002.9,3.0,11.5,Rainy
39.9,55.2,1003.9,17.5,0.0,Sunny
31.5,37.4,996.2,8.8,0.0,Sunny
28.9,92.8,995.4,16.9,19.7,Rainy
33.3,43.8,1006.9,11.2,0.0,Sunny
26.6,69.8,997.4,21.9,11.5,Rainy
16.5,52.3,999.9,34.7,0.1,Sunny
29.1,39.1,1016.2,20.1,0.0,Sunny
38.9,38.1,1009.3,23.3,0.0,Sunny
19.4,42.3,1010.8,32.3,0.0,Sunny
32.3,39.5,999.7,14.3,0.0,Sunny
20.0,82.9,1015.7,7.5,0.0,Cloudy
28.4,65.6,1016.7,11.3,0.0,Sunny
17.4,56.6,1008.1,15.3,0.0,Sunny
26.3,61.4,1017.8,23.3,0.0,Sunny
33.9,93.5,1016.1,2.2,0.0,Cloudy
23.7,92.4,1013.3,30.2,7.7,Cloudy
31.6,80.1,1013.4,4.5,3.5,Cloudy
34.9,90.7,997.6,31.7,25.9,Rainy
38.2,55.1,1001.8,33.3,0.0,Sunny
20.9,59.0,996.7,34.7,11.9,Rainy
25.0,73.7,995.2,28.7,7.7,Cloudy
18.8,74.3,999.0,6.7,12.0,Rainy
39.8,65.3,1017.0,25.3,0.0,Sunny
38.2,60.2,1001.0,8.7,6.2,Cloudy
28.5,97.1,1019.3,31.6,5.4,Cloudy
36.1,86.7,1009.9,12.4,5.0,Cloudy
28.0,62.4,1000.9,12.8,1.1,Sunny
30.6,80.8,1007.4,32.3,2.2,Cloudy
17.2,52.0,1000.5,2.4,0.0,Sunny
33.9,41.3,1019.6,8.4,0.0,Sunny
18.2,57.2,1016.2,15.9,0.0,Sunny
35.7,60.4,995.7,25.1,8.7,Rainy
34.6,36.0,1018.7,23.4,0.0,Sunny
32.7,86.3,1013.0,24.1,7.6,Cloudy
15.9,57.6,997.1,31.0,0.9,Sunny
22.6,71.6,1011.8,6.0,0.0,Cloudy
21.6,39.7,1011.2,19.2,0.0,Sunny
24.0,46.0,1000.5,25.9,0.0,Sunny
17.2,91.1,1014.0,23.0,12.8,Rainy
38.4,73.3,997.2,16.8,9.2,Rainy
28.8,94.9,1007.2,2.6,9.5,Rainy
22.6,97.9,995.2,4.0,20.6,Rainy
24.9,58.4,1019.2,5.9,0.0,Sunny
26.2,53.8,1013.8,13.3,0.0,Sunny
30.0,89.1,999.0,5.9,12.7,Rainy
27.9,97.9,1003.5,16.1,15.2,Rainy
38.0,74.7,999.0,7.9,8.9,Rainy
27.4,85.1,1014.2,27.7,0.0,Cloudy
39.8,84.2,996.5,30.8,12.7,Rainy
36.3,57.4,1016.0,14.9,0.0,Sunny
20.2,71.2,1018.6,18.9,0.0,Cloudy
38.3,87.5,1011.9,33.5,10.8,Rainy
17.9,78.4,1000.3,19.7,8.8,Rainy
35.4,36.3,1004.0,34.8,0.0,Sunny
24.5,56.2,1006.9,6.7,0.0,Sunny
36.9,44.1,1010.1,30.5,0.0,Sunny
36.7,49.7,1011.7,18.4,0.0,Sunny
35.1,92.0,1008.9,2.7,8.1,Rainy
34.8,37.3,1003.8,34.1,0.0,Sunny
22.6,48.8,1017.3,33.8,0.0,Sunny
17.0,54.5,997.0,14.6,3.9,Cloudy
25.1,73.9,1006.7,33.5,3.0,Cloudy
19.3,68.6,1014.4,6.7,0.0,Sunny
32.4,48.8,996.5,24.4,0.7,Sunny
23.7,45.3,1012.6,8.3,0.0,Sunny
39.4,49.9,1015.5,10.1,0.0,Sunny
31.0,66.7,1011.5,27.7,0.0,Sunny
35.6,52.1,995.3,14.5,0.0,Sunny
18.3,94.7,999.5,2.2,18.1,Rainy
36.6,64.2,1003.6,15.7,0.0,Sunny
38.1,38.7,1000.8,9.5,0.0,Sunny
27.2,80.9,1019.1,24.5,0.0,Cloudy
30.2,55.7,1011.3,8.4,0.0,Sunny
34.1,76.2,1002.4,29.8,8.2,Rainy
19.4,52.6,1018.2,10.8,0.0,Sunny
27.6,71.0,1013.5,15.0,0.6,Cloudy
25.0,83.6,1002.1,11.8,9.1,Rainy
18.7,93.5,1004.5,23.2,9.0,Rainy
24.2,51.5,1000.0,5.3,0.0,Sunny
16.7,56.1,1019.3,17.8,0.0,Sunny
15.6,64.2,1007.9,13.0,1.6,Sunny
18.4,93.4,1017.4,31.2,11.3,Rainy
39.1,91.8,1003.7,4.4,12.4,Rainy
28.7,40.7,1016.5,29.4,0.0,Sunny
39.1,43.3,996.3,7.5,3.1,Cloudy
25.8,66.2,1019.6,4.9,0.0,Sunny
22.8,41.7,1017.8,8.7,0.0,Sunny
27.7,56.8,1004.1,5.4,0.0,Sunny
26.0,44.3,1014.4,19.2,0.0,Sunny
17.6,75.1,1013.8,34.6,3.5,Cloudy
31.0,94.8,1017.5,3.1,5.8,Cloudy
20.4,97.8,1002.7,17.2,22.0,Rainy
30.5,58.6,1006.6,14.7,0.0,Sunny
31.3,72.7,1016.6,13.2,0.0,Cloudy
18.8,88.9,1014.5,13.0,0.0,Cloudy
16.5,42.4,1004.8,31.5,0.0,Sunny
34.5,78.4,1016.1,2.6,0.0,Cloudy
26.5,60.8,996.2,27.6,7.6,Cloudy
16.5,48.0,1014.6,10.3,0.0,Sunny
39.9,60.4,1000.2,14.6,5.4,Cloudy
16.4,39.8,1002.2,15.9,0.0,Sunny
32.4,78.8,1007.3,12.1,4.2,Cloudy
39.6,50.9,1006.2,5.1,0.0,Sunny
21.0,54.6,1008.0,5.8,0.0,Sunny
18.6,42.6,1008.6,11.8,0.0,Sunny
18.0,89.5,1003.3,29.1,15.9,Rainy
22.6,66.1,999.4,6.4,2.2,Cloudy
17.5,71.0,1014.2,26.5,0.4,Cloudy
32.3,70.9,1005.0,11.5,4.8,Cloudy
16.6,60.9,1007.6,31.2,1.4,Sunny
27.7,47.1,1011.1,16.1,0.0,Sunny
39.9,81.9,1017.7,7.7,0.0,Cloudy
35.3,43.0,1012.7,34.5,0.0,Sunny
30.4,41.5,996.1,7.8,0.0,Sunny
22.7,79.7,1016.0,20.7,6.1,Cloudy
30.6,48.2,1019.7,20.8,0.0,Sunny
28.2,54.3,1006.8,14.3,0.0,Sunny
25.7,64.9,1019.2,33.4,0.0,Sunny
18.3,63.3,1008.7,29.8,8.4,Rainy
37.2,79.6,1006.5,29.4,12.3,Rainy
26.2,74.3,1003.3,34.1,5.1,Cloudy
19.9,75.6,1011.4,17.1,1.9,Cloudy
24.2,80.0,1000.7,5.2,7.5,Cloudy
25.4,53.4,997.6,27.3,10.4,Rainy
35.7,55.3,995.7,14.6,7.4,Cloudy
33.3,62.6,1002.3,8.3,8.2,Rainy
34.2,54.4,1004.9,17.9,0.0,Sunny
15.3,97.1,1008.8,32.5,19.1,Rainy
25.4,86.3,1002.3,7.7,5.2,Cloudy
27.0,45.4,1019.6,30.0,0.0,Sunny
15.5,35.4,1002.3,15.8,0.0,Sunny
21.5,37.7,1006.0,6.5,0.0,Sunny
34.0,50.4,997.6,30.0,0.0,Sunny
18.4,42.2,1001.5,34.0,0.0,Sunny
28.4,68.6,996.2,11.6,12.3,Rainy
20.4,89.1,1009.0,12.0,11.3,Rainy
15.3,81.4,1013.8,14.9,10.4,Rainy
21.0,48.6,999.9,28.9,0.0,Sunny
39.4,60.2,1004.2,2.3,0.0,Sunny
35.0,67.0,995.4,9.4,2.7,Cloudy
39.0,86.0,1016.0,25.3,2.1,Cloudy
27.2,87.9,1014.5,15.4,0.0,Cloudy
17.7,92.3,996.6,12.9,11.0,Rainy
28.7,67.1,1004.1,30.8,12.1,Rainy
26.4,78.7,1018.9,32.3,0.0,Cloudy
36.1,42.0,1004.8,33.3,3.2,Cloudy
17.5,70.6,1008.2,11.0,0.0,Cloudy
27.2,50.7,1003.9,32.1,0.0,Sunny
18.8,62.2,1009.9,26.3,0.0,Sunny
23.1,74.9,1019.5,7.1,0.0,Cloudy
33.4,51.2,1019.9,22.1,0.0,Sunny
26.9,38.3,1014.4,2.9,0.0,Sunny
24.4,35.6,1005.1,25.4,0.0,Sunny
24.9,36.4,1007.4,26.2,0.0,Sunny
26.5,35.5,1003.9,28.0,0.0,Sunny
34.6,42.0,1019.6,7.7,0.0,Sunny
37.3,50.1,1012.7,22.7,0.0,Sunny
38.9,48.9,1006.2,7.9,0.0,Sunny
34.7,97.2,995.3,33.2,39.2,Rainy
22.9,54.3,1008.0,24.3,0.0,Sunny
32.2,43.0,1019.6,5.1,0.0,Sunny
25.9,69.4,1008.1,8.2,1.8,Sunny
21.4,89.1,999.6,23.9,13.8,Rainy
36.0,77.7,995.6,17.7,14.0,Rainy
16.0,53.7,1003.9,26.3,1.5,Sunny
37.5,70.4,1018.0,11.3,0.0,Cloudy
26.5,80.0,1019.9,23.7,0.0,Cloudy
30.9,80.9,1018.6,7.8,0.0,Cloudy
31.5,77.0,1013.2,19.9,0.0,Cloudy
37.4,89.9,1009.0,33.6,6.1,Cloudy
30.9,89.8,1009.8,22.7,7.0,Cloudy
30.3,71.5,1008.5,3.6,0.0,Cloudy
16.7,62.1,1012.7,34.6,0.0,Sunny
28.0,75.4,1005.5,7.2,0.0,Cloudy
18.8,86.5,1011.7,25.7,10.7,Rainy
33.4,35.4,998.0,19.6,0.0,Sunny
27.8,97.5,1001.6,11.7,10.7,Rainy
32.0,46.5,1015.9,7.9,0.0,Sunny
16.0,64.6,1017.6,7.9,0.0,Sunny
17.1,89.9,1008.5,30.3,14.3,Rainy
32.9,49.2,995.8,30.8,3.0,Cloudy
16.8,65.0,1018.2,17.3,0.0,Sunny
16.8,43.4,1012.6,5.4,0.0,Sunny
15.3,59.9,1005.4,31.2,0.0,Sunny
38.9,46.2,1010.0,18.1,0.0,Sunny
33.4,57.9,1005.7,16.5,0.0,Sunny
23.8,58.5,1006.6,15.4,4.1,Cloudy
22.4,97.6,1017.2,14.0,2.2,Cloudy
23.7,97.7,999.0,19.4,19.5,Rainy
34.4,42.2,997.6,21.9,0.0,Sunny
31.5,80.7,995.1,17.4,14.6,Rainy
19.6,38.3,1002.9,31.6,0.0,Sunny
19.4,36.9,998.7,12.5,0.0,Sunny
17.5,41.6,1000.5,21.1,0.0,Sunny
31.5,95.8,995.3,11.9,24.2,Rainy
34.1,94.3,1000.7,26.9,17.4,Rainy
21.6,47.2,1003.3,5.4,0.0,Sunny
15.5,45.2,995.8,8.2,1.3,Sunny
17.1,50.2,1010.2,28.4,0.0,Sunny
39.2,67.5,1009.2,8.0,0.0,Sunny
22.4,70.9,997.4,22.6,6.2,Cloudy
34.2,49.0,1009.9,34.0,0.0,Sunny
30.6,82.7,1020.0,19.3,0.0,Cloudy
24.5,54.5,1018.6,8.2,0.0,Sunny
20.1,93.1,995.1,12.6,24.5,Rainy
18.0,76.4,1014.9,29.2,7.9,Cloudy
30.4,62.5,1003.8,13.6,0.0,Sunny
34.4,84.8,996.6,25.9,18.3,Rainy
31.1,86.5,1002.4,27.7,12.4,Rainy
28.3,53.3,1003.0,18.5,2.5,Cloudy
16.0,56.4,1008.1,27.8,0.0,Sunny
39.2,94.0,1011.5,12.5,8.4,Rainy
35.0,45.4,1013.7,19.0,0.0,Sunny
22.3,37.7,1001.1,24.7,0.0,Sunny
39.5,63.6,1003.0,7.5,3.0,Cloudy
30.0,85.5,1002.7,11.0,11.9,Rainy
29.6,83.6,1004.1,23.5,12.1,Rainy
33.7,92.9,1020.0,23.6,1.2,Cloudy
35.3,68.6,1014.4,18.3,0.0,Sunny
31.4,41.3,1019.4,28.3,0.0,Sunny
18.2,72.1,1012.3,17.9,2.7,Cloudy
23.5,84.0,1005.2,31.1,6.4,Cloudy
38.2,40.9,1004.7,26.3,0.0,Sunny
20.6,45.9,1007.2,12.4,0.0,Sunny
24.3,35.8,1005.4,15.0,0.0,Sunny
25.8,72.4,1015.7,24.0,1.0,Cloudy
26.0,90.9,1006.6,31.5,12.2,Rainy
30.3,77.3,1002.4,7.9,3.9,Cloudy
38.6,96.9,1014.4,19.0,7.3,Cloudy
21.0,39.0,1016.4,5.9,0.0,Sunny
18.0,91.9,1005.5,11.2,16.3,Rainy
19.9,86.3,1011.7,24.6,9.6,Rainy
37.2,54.8,996.5,4.6,1.4,Sunny
31.1,96.3,1008.2,23.9,13.4,Rainy
22.1,53.1,996.1,31.7,0.1,Sunny
35.4,91.0,995.7,34.0,17.1,Rainy
36.5,90.5,1010.3,9.1,4.9,Cloudy
36.2,82.7,1002.6,26.7,7.9,Cloudy
38.0,70.5,1013.6,32.6,0.0,Cloudy
21.3,42.6,1017.4,5.0,0.0,Sunny
33.9,68.5,998.5,15.7,6.4,Cloudy
26.5,57.5,1013.1,32.3,0.0,Sunny
36.0,84.9,1007.9,8.7,8.3,Rainy
33.2,82.8,997.8,32.8,15.3,Rainy
34.4,92.4,1011.3,19.4,9.7,Rainy
31.4,35.9,1010.2,5.3,0.0,Sunny
19.4,86.0,1007.9,16.8,10.8,Rainy
28.6,94.1,1018.2,12.8,1.7,Cloudy
39.6,84.7,1008.0,11.3,12.9,Rainy
38.4,43.2,1019.8,19.9,0.0,Sunny
16.1,40.1,1007.7,18.0,0.0,Sunny
19.1,36.3,997.9,17.9,0.0,Sunny
18.3,74.6,1006.8,4.9,5.1,Cloudy
33.1,74.7,999.6,28.5,14.1,Rainy
35.4,97.2,1009.9,17.9,18.9,Rainy
20.3,60.1,1012.3,29.1,0.0,Sunny
27.6,55.9,1006.7,29.2,0.0,Sunny
36.0,74.3,997.4,12.5,7.3,Cloudy
33.3,87.0,1006.7,2.1,6.5,Cloudy
28.6,94.0,997.0,32.1,27.5,Rainy
29.8,85.6,1012.1,27.1,0.9,Cloudy
27.7,61.9,1014.8,5.5,0.0,Sunny
22.4,75.0,1019.1,25.2,0.0,Cloudy
29.1,88.9,998.7,2.7,10.3,Rainy
32.2,65.9,1008.3,2.9,0.0,Sunny
36.8,48.7,1009.2,19.4,0.0,Sunny
30.9,45.7,1018.1,5.2,0.0,Sunny
34.0,35.0,1010.7,33.8,0.0,Sunny
19.0,80.2,998.6,31.5,7.5,Cloudy
26.5,42.0,1005.9,23.4,0.0,Sunny
15.2,50.4,1011.4,4.1,0.0,Sunny
21.2,53.8,1012.5,12.7,0.0,Sunny
33.2,70.3,1016.6,14.3,0.0,Cloudy
39.8,60.1,999.5,17.9,1.2,Sunny
17.5,77.5,1018.8,7.6,0.0,Cloudy
25.0,38.5,996.5,21.1,0.0,Sunny
35.0,42.8,1019.6,16.4,0.0,Sunny
20.1,66.5,1016.4,33.3,0.0,Sunny
28.9,56.2,1011.5,32.9,0.0,Sunny
33.3,53.6,1013.4,20.7,0.0,Sunny
30.4,39.2,996.8,23.3,0.0,Sunny
19.7,91.4,996.0,6.5,17.0,Rainy
23.9,78.6,997.5,9.4,7.8,Cloudy
34.6,42.7,997.2,31.7,0.0,Sunny
28.9,39.1,1008.7,25.1,0.0,Sunny
15.1,96.4,1000.4,8.3,16.5,Rainy
34.0,77.9,1016.5,20.8,0.0,Cloudy
15.9,61.3,1006.1,32.8,4.3,Cloudy
33.6,79.2,1012.4,13.4,2.3,Cloudy
20.1,82.6,1011.3,8.1,3.9,Cloudy
39.0,84.1,1003.0,33.1,9.4,Rainy
24.2,65.1,1001.1,17.2,0.0,Sunny
23.2,62.1,1003.6,15.8,0.0,Sunny
18.7,35.7,1014.9,10.8,0.0,Sunny
22.6,93.4,1009.7,31.4,9.8,Rainy
36.9,73.0,1001.3,29.9,5.4,Cloudy
39.9,47.8,1015.4,15.3,0.0,Sunny
24.2,92.9,996.4,3.0,20.6,Rainy
26.2,92.6,1012.5,16.7,12.0,Rainy
33.1,97.3,1006.0,8.0,16.4,Rainy
37.2,90.1,1013.3,6.7,0.9,Cloudy
29.8,97.9,1018.2,15.0,6.1,Cloudy
24.8,50.4,1013.8,5.3,0.0,Sunny
25.3,88.1,1006.0,33.6,6.4,Cloudy
32.4,86.9,998.8,3.6,18.2,Rainy
15.1,49.5,1015.2,15.2,0.0,Sunny
30.5,41.2,1006.5,7.4,0.0,Sunny
23.9,96.7,996.9,24.7,23.3,Rainy
34.9,53.6,1013.0,4.6,0.0,Sunny
17.3,89.9,1002.3,20.0,23.1,Rainy
29.7,35.3,996.2,27.5,0.0,Sunny
27.0,36.3,1017.6,33.4,0.0,Sunny
31.1,64.3,1007.1,25.1,1.5,Sunny
16.6,50.0,1002.0,5.3,0.0,Sunny
29.5,78.5,1012.9,4.9,1.5,Cloudy
29.0,70.6,1017.1,26.1,0.0,Cloudy
29.0,39.9,995.0,9.1,0.0,Sunny
30.1,45.2,1012.2,16.8,0.0,Sunny
31.9,59.4,1014.2,34.2,0.0,Sunny
35.1,46.7,1000.2,29.1,4.7,Cloudy
21.7,84.9,1007.2,29.9,8.5,Rainy
35.6,61.2,997.2,30.4,3.6,Cloudy
27.5,40.9,1013.7,22.4,0.0,Sunny
16.9,65.5,1016.2,26.5,0.0,Sunny
16.5,40.7,997.7,13.8,0.0,Sunny
23.4,43.1,1015.4,34.9,0.0,Sunny
34.6,50.1,1014.3,11.2,0.0,Sunny
32.7,89.2,1003.7,21.5,22.8,Rainy
34.7,93.3,1012.3,11.3,12.3,Rainy
27.9,87.1,995.0,5.7,19.9,Rainy
26.0,56.0,1018.3,20.7,0.0,Sunny
18.7,52.2,1008.8,13.7,0.0,Sunny
23.2,69.6,1010.5,21.2,0.5,Sunny
25.9,80.5,1011.6,20.4,5.8,Cloudy
17.2,97.6,1009.0,19.9,13.7,Rainy
20.5,43.3,1016.4,6.1,0.0,Sunny
30.0,38.1,1010.2,16.5,0.0,Sunny
33.4,78.7,1017.7,28.8,0.7,Cloudy
40.0,87.4,1009.6,12.4,4.7,Cloudy
38.3,88.3,999.3,16.6,17.8,Rainy
31.1,77.7,1017.8,18.3,0.0,Cloudy
25.5,95.1,1012.0,30.5,16.7,Rainy
30.9,67.2,1012.5,23.6,0.0,Sunny
34.6,92.6,1019.6,5.3,0.0,Cloudy
18.0,96.0,996.9,30.6,23.9,Rainy
25.2,88.4,1005.7,29.5,14.7,Rainy
36.0,54.5,1001.0,26.9,8.5,Rainy
24.6,47.4,1010.8,17.4,0.0,Sunny
29.3,69.5,1015.2,27.0,0.0,Sunny
29.7,63.5,1019.2,17.8,0.0,Sunny
19.6,90.3,1006.4,26.3,18.8,Rainy
24.1,41.3,1014.7,31.0,0.0,Sunny
23.4,51.2,1017.9,31.4,0.0,Sunny
15.7,82.4,1012.1,17.0,5.6,Cloudy
15.6,41.0,1001.1,30.4,0.0,Sunny
35.8,55.2,1010.2,5.3,0.0,Sunny
21.8,59.4,1019.2,5.4,0.0,Sunny
28.0,74.2,1019.7,20.1,0.0,Cloudy
22.5,45.0,1011.1,23.5,0.0,Sunny
38.5,89.2,1017.2,7.0,2.7,Cloudy
21.5,63.2,1000.0,17.6,8.2,Rainy
25.7,92.8,1001.2,5.1,14.9,Rainy
36.8,64.5,1018.8,21.9,0.0,Sunny
36.0,52.3,998.4,30.2,4.5,Cloudy
19.7,43.9,999.8,26.3,0.0,Sunny
35.1,35.2,1005.5,14.5,0.0,Sunny
26.5,68.5,1009.7,34.8,3.7,Cloudy
27.1,41.8,1010.1,23.9,0.0,Sunny
18.3,59.7,1002.3,28.9,2.3,Cloudy
17.0,72.1,1018.0,24.1,0.0,Cloudy
33.2,52.4,1017.9,34.7,0.0,Sunny
27.4,46.0,1004.8,29.1,0.0,Sunny
25.9,83.8,1005.9,19.1,12.9,Rainy
33.2,94.6,1012.6,14.1,9.1,Rainy
34.1,41.3,1011.6,24.5,0.0,Sunny
19.0,44.8,1004.6,21.5,0.0,Sunny
30.3,95.5,1005.4,22.8,19.1,Rainy
18.4,37.4,1003.7,13.3,0.0,Sunny
33.8,96.6,1000.9,16.1,14.0,Rainy
31.4,35.3,1006.5,20.4,0.0,Sunny
38.9,90.0,1012.2,29.7,7.0,Cloudy
16.7,54.4,1013.5,27.2,0.0,Sunny
16.4,94.1,1014.5,5.9,11.2,Rainy
22.1,55.0,1004.4,10.1,0.0,Sunny
21.5,76.2,1014.1,2.9,0.0,Cloudy
21.2,40.0,995.2,2.3,0.0,Sunny
37.7,50.3,1006.9,9.4,0.0,Sunny
21.2,83.7,1014.8,28.4,8.9,Rainy
21.8,68.3,1010.8,31.9,6.5,Cloudy
34.0,93.5,1006.9,14.9,14.6,Rainy
26.2,62.0,1011.1,20.6,0.0,Sunny
34.4,89.8,1017.7,25.3,2.5,Cloudy
16.6,63.3,1009.2,33.4,0.0,Sunny
27.2,96.7,1015.0,32.1,12.1,Rainy
15.8,95.5,1019.5,3.9,4.6,Cloudy
16.6,55.7,1012.6,10.2,0.0,Sunny
37.7,90.8,1009.3,3.6,9.6,Rainy
18.5,88.4,995.9,22.3,17.0,Rainy
28.3,48.3,1004.4,25.4,0.0,Sunny
25.3,74.3,1009.1,12.2,0.0,Cloudy
23.7,39.6,1014.9,30.2,0.0,Sunny
37.5,87.7,1006.0,16.9,9.1,Rainy
15.5,46.0,1019.0,34.9,0.0,Sunny
31.6,39.5,1001.8,2.0,0.0,Sunny
39.1,60.2,1013.6,5.6,0.0,Sunny
29.0,71.3,1005.5,12.0,0.0,Cloudy
38.4,88.9,1007.1,2.8,6.8,Cloudy
16.3,96.4,1015.1,27.8,3.6,Cloudy
25.5,62.7,1002.4,3.7,0.0,Sunny
21.5,38.8,997.4,26.7,0.0,Sunny
33.3,82.2,1008.0,3.7,3.5,Cloudy
39.5,70.6,1008.2,10.3,0.0,Cloudy
21.4,63.2,1014.9,29.8,0.0,Sunny
31.4,54.5,1019.2,33.4,0.0,Sunny
20.0,66.7,996.4,15.7,5.7,Cloudy
29.1,56.3,1009.8,34.0,0.0,Sunny
26.6,82.7,1012.0,22.7,2.9,Cloudy
39.3,69.3,1019.6,15.7,0.0,Sunny
30.2,90.2,1018.6,28.5,1.8,Cloudy
23.7,69.2,1012.8,11.7,0.0,Sunny
17.9,50.0,1008.0,10.8,0.0,Sunny
18.8,88.6,999.0,23.7,12.4,Rainy
20.6,70.1,1004.6,14.9,1.3,Cloudy
21.3,48.0,1009.6,6.5,0.0,Sunny
36.3,74.3,1013.1,4.2,0.0,Cloudy
29.0,57.5,1010.9,28.0,0.0,Sunny
28.1,88.2,1012.9,24.3,11.5,Rainy
17.9,63.6,1005.7,15.6,0.0,Sunny
36.5,80.8,1013.2,31.6,4.4,Cloudy
33.1,41.0,998.6,15.6,0.0,Sunny
16.7,59.9,999.1,25.4,8.0,Rainy
32.7,96.9,999.1,32.0,28.3,Rainy
28.6,85.9,1017.3,29.7,2.6,Cloudy
17.0,45.1,996.9,18.9,0.0,Sunny
26.5,52.5,1015.0,24.5,0.0,Sunny
27.1,55.8,1000.8,15.7,0.0,Sunny
19.1,76.0,1006.7,23.4,3.3,Cloudy
38.6,82.7,1017.9,10.5,0.4,Cloudy
36.2,82.2,1009.6,16.3,8.8,Rainy
31.7,67.1,1000.3,8.9,0.5,Sunny
26.6,86.1,1002.1,3.3,20.2,Rainy
25.3,62.5,1018.0,21.4,0.0,Sunny
31.3,42.8,1005.7,30.5,0.0,Sunny
28.6,70.6,1009.7,2.8,0.0,Cloudy
16.6,95.0,1006.5,8.5,20.8,Rainy
27.8,85.0,1004.5,17.2,7.7,Cloudy
35.2,71.5,1000.6,24.0,3.4,Cloudy
26.5,75.7,1012.2,7.7,1.2,Cloudy
16.3,93.6,1013.0,3.9,4.9,Cloudy
34.7,62.0,1001.9,19.1,4.4,Cloudy
20.0,55.9,1014.7,29.0,0.0,Sunny
21.5,96.6,1016.4,3.2,1.3,Cloudy
19.1,89.4,1018.0,13.5,11.4,Rainy
23.3,55.4,999.0,23.9,0.0,Sunny
33.9,64.2,1002.6,6.3,7.6,Cloudy
28.0,61.1,1016.5,9.8,0.0,Sunny
20.1,44.4,1000.0,19.7,0.0,Sunny
36.9,95.3,995.1,33.5,31.1,Rainy
37.0,60.5,1016.8,11.5,0.0,Sunny
36.8,90.1,1003.2,18.1,17.4,Rainy
21.0,46.9,1005.4,15.2,0.0,Sunny
26.3,69.5,1006.2,31.6,0.0,Sunny
39.6,36.5,1016.2,4.4,0.0,Sunny
34.3,83.1,1003.4,20.7,7.4,Cloudy
15.7,71.6,1017.3,29.9,0.0,Cloudy
16.6,74.4,1010.4,34.6,0.4,Cloudy
26.6,38.3,1008.2,25.1,0.0,Sunny
37.7,48.3,1003.1,14.5,0.0,Sunny
28.5,39.7,1001.1,15.6,0.0,Sunny
27.4,53.2,1010.6,13.6,0.0,Sunny
17.6,74.5,1006.2,21.9,5.5,Cloudy
31.4,70.7,1017.8,26.4,0.0,Cloudy
35.6,73.6,1007.3,29.0,4.4,Cloudy
24.5,69.6,1007.8,15.7,4.6,Cloudy
34.4,52.2,1005.4,25.7,0.0,Sunny
39.1,50.4,1014.7,32.2,0.0,Sunny
20.1,43.6,1005.6,32.4,0.0,Sunny
28.1,88.5,1001.7,25.2,20.1,Rainy
22.2,73.8,1016.6,23.0,0.0,Cloudy
34.8,46.8,1009.9,19.5,0.0,Sunny
29.4,46.2,1009.8,8.0,0.0,Sunny
30.9,90.0,1010.3,6.1,11.8,Rainy
34.9,81.8,1013.0,18.0,7.8,Cloudy
24.9,76.5,1002.8,7.3,5.6,Cloudy
37.9,60.6,995.8,21.0,15.0,Rainy
28.3,51.5,1015.3,23.3,0.0,Sunny
18.9,96.7,998.2,19.3,15.5,Rainy
32.4,85.2,1013.0,3.2,0.9,Cloudy
34.8,54.0,997.1,3.9,0.0,Sunny
22.9,88.4,1004.4,5.7,10.2,Rainy
36.4,82.8,996.6,7.1,18.0,Rainy
37.7,53.7,1008.1,34.7,0.0,Sunny
21.9,61.9,1011.3,13.4,0.0,Sunny
39.6,46.7,999.3,11.6,0.0,Sunny
18.5,42.0,1004.3,3.7,0.0,Sunny
20.1,80.5,1018.3,23.0,8.9,Rainy
19.6,51.9,1006.1,23.5,0.0,Sunny
37.3,86.7,1015.1,7.8,0.0,Cloudy
31.4,97.7,1018.2,32.3,13.2,Rainy
18.8,39.8,1019.4,28.4,0.0,Sunny
26.0,64.8,1017.5,9.6,0.0,Sunny
30.4,85.5,1002.9,18.0,11.0,Rainy
17.1,84.7,1019.1,17.1,1.3,Cloudy
37.1,82.9,1015.3,13.5,0.0,Cloudy
35.1,57.0,1015.9,29.0,0.0,Sunny
27.6,63.6,995.4,5.6,0.0,Sunny
39.2,72.5,1018.9,15.7,0.0,Cloudy
25.4,96.4,1014.5,16.1,1.6,Cloudy
39.6,55.6,1014.2,17.5,0.0,Sunny
31.7,93.2,997.0,30.4,20.6,Rainy
30.9,52.0,1000.8,9.2,0.0,Sunny
19.1,97.3,1019.1,5.4,0.0,Cloudy
37.0,77.2,1007.5,22.4,6.0,Cloudy
25.7,64.2,1004.9,7.7,7.3,Cloudy
19.1,73.6,1016.0,4.5,0.0,Cloudy
15.3,52.2,997.2,16.1,4.0,Cloudy
29.0,52.3,1005.4,9.2,0.0,Sunny
28.2,42.2,1004.4,13.9,0.0,Sunny
33.0,42.2,1003.7,10.6,0.0,Sunny
37.3,56.9,1002.7,5.1,0.0,Sunny
17.0,83.1,1000.3,20.5,9.3,Rainy
33.3,73.3,999.3,2.9,13.0,Rainy
19.7,41.5,1011.0,33.9,0.0,Sunny
36.5,88.7,1018.0,13.3,4.8,Cloudy
35.5,72.9,1007.7,24.9,3.3,Cloudy
28.5,95.5,1002.4,28.7,13.1,Rainy
32.8,77.2,999.0,11.2,12.1,Rainy
22.9,46.0,1015.8,26.7,0.0,Sunny
26.8,64.8,1019.3,29.5,0.0,Sunny
35.5,75.9,1003.7,10.0,7.3,Cloudy
26.5,36.8,1002.3,34.8,0.0,Sunny
23.9,35.9,1010.0,2.7,0.0,Sunny
27.4,43.2,1014.4,9.2,0.0,Sunny
35.7,50.9,1006.4,27.7,0.0,Sunny
23.4,62.1,1010.8,8.4,0.0,Sunny
19.3,65.7,1012.9,25.0,3.1,Cloudy
32.8,43.7,1019.0,30.2,0.0,Sunny
35.6,77.4,999.1,33.7,14.4,Rainy
17.5,72.6,1019.9,17.7,0.0,Cloudy
21.0,53.6,1004.8,34.0,2.5,Cloudy
18.5,35.9,1013.1,15.6,0.0,Sunny
23.7,39.9,1009.3,9.2,0.0,Sunny
26.3,59.7,1007.2,19.0,0.0,Sunny
33.7,44.7,1012.5,23.4,0.0,Sunny
31.3,58.7,1004.9,17.1,0.0,Sunny
30.5,74.6,998.2,20.7,16.0,Rainy
23.8,69.5,1007.2,15.7,3.0,Cloudy
36.0,49.6,1008.0,19.3,0.0,Sunny
26.8,56.7,1000.0,33.4,3.6,Cloudy
39.5,73.7,1018.4,18.5,1.5,Cloudy
30.9,89.2,1000.7,10.4,8.3,Rainy
18.2,82.5,1005.2,27.0,13.5,Rainy
31.9,69.9,998.9,13.1,4.0,Cloudy
23.1,57.8,1008.4,28.9,0.0,Sunny
32.2,58.0,1002.7,3.9,1.2,Sunny
16.7,90.4,1007.2,13.0,6.4,Cloudy
19.4,37.5,1000.6,5.1,0.0,Sunny
36.4,97.2,996.3,4.8,17.4,Rainy
20.7,76.9,1014.5,23.7,0.0,Cloudy
35.9,77.9,1011.0,14.7,3.8,Cloudy
22.0,37.4,1003.5,30.8,0.0,Sunny
31.1,73.1,996.2,19.0,3.1,Cloudy
32.4,65.5,1016.6,11.7,0.0,Sunny
27.8,41.7,999.2,25.8,0.0,Sunny
22.6,52.5,1018.3,22.6,0.0,Sunny
20.3,91.1,1007.0,28.4,18.2,Rainy
15.8,69.6,1003.5,23.2,8.0,Rainy
22.6,61.0,1013.5,7.5,0.0,Sunny
31.3,39.6,1016.9,24.1,0.0,Sunny
38.5,80.0,1004.3,14.9,9.7,Rainy
36.8,79.3,1005.2,17.3,6.9,Cloudy
34.2,73.7,1005.8,32.4,7.0,Cloudy
34.7,67.1,1018.1,13.9,0.0,Sunny
31.6,62.3,1012.3,22.2,0.0,Sunny
21.5,72.4,1001.2,14.0,4.6,Cloudy
37.7,49.7,999.6,5.1,0.0,Sunny
31.8,94.3,1000.8,17.0,16.0,Rainy
29.0,72.1,1001.6,21.7,6.0,Cloudy
17.8,54.6,1000.8,15.4,0.0,Sunny
26.2,63.3,1011.5,14.9,0.0,Sunny
26.5,85.8,997.9,29.1,9.1,Rainy
36.6,45.2,1004.7,3.0,0.0,Sunny
28.7,53.4,1010.6,11.8,0.0,Sunny
24.5,77.8,1002.3,28.8,15.0,Rainy
39.4,54.9,996.6,32.4,3.4,Cloudy
17.8,84.9,997.0,15.6,12.9,Rainy
25.6,43.2,998.1,31.3,0.0,Sunny
16.1,83.0,1015.9,8.6,0.0,Cloudy
33.5,39.3,1011.4,9.3,0.0,Sunny
38.0,35.8,996.6,29.9,2.5,Cloudy
22.0,91.6,1004.8,31.8,22.1,Rainy
36.5,71.6,1002.0,9.4,2.9,Cloudy
22.3,57.2,1009.5,4.0,0.0,Sunny
37.8,49.7,1008.1,5.0,0.0,Sunny
33.8,73.9,1007.0,10.6,0.0,Cloudy
35.1,67.1,1002.9,27.1,8.7,Rainy
15.5,97.5,998.4,18.8,29.8,Rainy
39.1,96.9,1013.6,17.0,7.2,Cloudy
33.2,75.0,1017.0,21.3,0.0,Cloudy
22.6,62.9,1018.6,31.4,0.0,Sunny
35.7,65.9,996.5,5.0,5.5,Cloudy
22.0,78.0,1013.5,24.9,0.0,Cloudy
36.8,41.4,1013.2,32.6,0.0,Sunny
17.8,55.7,1018.7,9.0,0.0,Sunny
32.6,39.7,1001.3,29.6,0.0,Sunny
28.5,39.6,1013.6,25.0,0.0,Sunny
17.4,47.3,996.4,2.5,0.0,Sunny
21.0,65.6,1010.8,9.6,0.0,Sunny
15.3,84.4,1003.8,22.0,8.6,Rainy
26.7,65.6,1014.2,18.6,0.0,Sunny
22.5,56.1,1016.6,19.4,0.0,Sunny
30.0,40.2,1004.1,9.7,0.0,Sunny
22.4,69.7,1008.1,24.3,0.0,Sunny
22.5,52.1,997.9,10.8,0.9,Sunny
33.6,73.7,1005.4,14.9,2.5,Cloudy
16.2,96.6,1004.0,14.2,19.8,Rainy
37.6,42.0,999.6,24.2,0.0,Sunny
36.3,48.4,1017.4,5.0,0.0,Sunny
31.7,64.8,998.7,8.8,3.2,Cloudy
29.8,96.0,1010.9,8.6,15.8,Rainy
37.3,83.6,1017.3,5.6,0.0,Cloudy
19.6,91.6,1017.8,8.9,0.0,Cloudy
17.0,56.0,1014.8,22.0,0.0,Sunny
21.0,97.5,999.4,26.2,25.3,Rainy
34.9,41.5,1015.4,23.8,0.0,Sunny
15.9,38.3,1001.9,17.7,0.0,Sunny
29.6,88.9,1018.1,3.7,2.8,Cloudy
39.9,93.4,1012.7,33.6,7.4,Cloudy
36.4,40.7,1014.6,7.5,0.0,Sunny
28.0,42.1,997.1,24.1,0.0,Sunny
16.6,37.1,1009.6,32.1,0.0,Sunny
35.8,41.6,1015.5,25.0,0.0,Sunny
30.0,48.2,1016.5,9.2,0.0,Sunny
17.9,96.1,995.7,12.4,25.0,Rainy
17.3,77.1,1018.5,3.0,0.0,Cloudy
37.7,84.0,996.1,22.2,8.7,Rainy
31.7,83.9,1010.4,22.2,0.0,Cloudy
35.7,68.7,1012.3,25.9,0.0,Sunny
37.0,85.2,997.7,2.4,7.4,Cloudy
29.3,72.5,996.2,29.0,13.0,Rainy
27.9,54.8,1014.6,26.4,0.0,Sunny
25.8,70.3,1004.6,6.6,4.9,Cloudy
22.9,68.6,997.7,13.5,2.3,Cloudy
25.9,86.9,1014.1,23.1,2.2,Cloudy
34.3,96.8,1016.2,18.4,5.3,Cloudy
30.0,60.9,1009.7,5.8,0.0,Sunny
37.3,83.1,999.0,4.9,17.4,Rainy
26.1,41.3,995.4,27.8,0.0,Sunny
30.2,83.9,1012.5,7.1,8.5,Rainy
30.8,58.4,1008.8,7.7,2.0,Cloudy
29.8,37.5,1011.3,29.4,0.0,Sunny
32.6,57.9,1015.3,22.2,0.0,Sunny
20.9,73.5,1005.9,22.0,3.1,Cloudy
27.8,42.5,998.1,17.8,0.0,Sunny
17.6,93.2,1018.5,20.8,3.0,Cloudy
24.6,39.9,1008.6,21.9,0.0,Sunny
27.2,93.6,1010.4,33.9,6.0,Cloudy
31.3,79.5,1018.3,9.4,0.0,Cloudy
38.8,55.8,1018.3,9.1,0.0,Sunny
30.0,59.6,1009.3,3.9,0.0,Sunny
33.6,81.7,1002.4,23.7,19.7,Rainy
27.7,72.9,1019.9,20.1,0.0,Cloudy
30.9,77.3,1012.0,5.7,0.0,Cloudy
16.8,59.5,1005.2,14.0,0.0,Sunny
21.4,65.7,1009.0,7.9,0.0,Sunny
24.0,97.4,1005.4,12.9,7.2,Cloudy
26.8,48.5,1017.2,33.4,0.0,Sunny
16.1,61.3,1007.1,24.5,0.0,Sunny
18.5,53.4,1015.6,2.2,0.0,Sunny
21.9,83.2,1016.0,10.3,0.0,Cloudy
39.3,83.1,1015.6,2.3,1.0,Cloudy
23.3,53.4,1013.1,25.6,0.0,Sunny
27.1,40.1,1016.4,17.5,0.0,Sunny
19.9,35.7,1004.7,34.8,0.0,Sunny
30.3,61.9,997.9,26.2,7.9,Cloudy
22.0,60.9,1016.1,19.1,0.0,Sunny
20.2,97.3,1007.5,28.6,25.3,Rainy
27.9,64.6,998.2,25.3,10.2,Rainy
15.1,51.2,997.9,10.0,4.1,Cloudy
15.2,91.1,999.0,19.5,18.8,Rainy
20.5,65.9,1013.8,20.3,0.0,Sunny
15.9,72.7,1012.8,16.9,0.0,Cloudy
17.7,41.0,1000.1,7.9,0.0,Sunny
23.5,59.1,1016.2,9.4,0.0,Sunny
35.1,94.5,1002.0,11.3,13.0,Rainy
29.3,72.1,1014.8,2.3,0.0,Cloudy
27.8,56.7,1007.2,32.3,0.0,Sunny
22.3,74.4,1013.3,24.6,2.1,Cloudy
38.3,92.4,1004.5,24.8,10.6,Rainy
24.9,52.3,1003.7,20.9,0.0,Sunny
17.2,66.8,1016.0,24.7,0.0,Sunny
30.4,95.4,995.9,34.4,25.6,Rainy
17.8,45.9,1019.4,14.7,0.0,Sunny
23.6,80.3,1011.2,25.5,3.6,Cloudy
27.7,73.7,1005.8,13.9,5.4,Cloudy
36.9,77.8,1010.7,30.2,2.4,Cloudy
27.3,57.1,998.1,30.3,0.0,Sunny
32.6,54.8,1007.9,31.8,0.0,Sunny
39.8,78.1,1019.6,2.2,0.0,Cloudy
18.3,48.6,1000.9,11.8,0.0,Sunny
21.9,61.4,1013.1,6.4,0.0,Sunny
24.9,46.9,1005.9,17.0,0.0,Sunny
25.5,35.5,1011.3,18.3,0.0,Sunny
25.3,96.1,1000.1,10.4,20.6,Rainy
37.7,62.2,1006.8,25.9,1.3,Sunny
32.9,96.1,1019.5,10.9,2.9,Cloudy
30.2,43.8,999.9,30.2,0.0,Sunny
22.7,72.0,1010.9,7.9,0.0,Cloudy
35.6,47.7,1009.4,14.1,0.0,Sunny
38.9,84.8,1009.1,22.5,0.8,Cloudy
35.5,84.4,1010.4,22.0,5.0,Cloudy
15.0,42.1,1007.6,4.6,0.0,Sunny
30.9,92.5,995.4,29.9,26.2,Rainy
16.3,47.3,1017.5,21.7,0.0,Sunny
21.4,73.6,1015.7,30.7,2.9,Cloudy
16.5,97.1,999.4,30.6,22.2,Rainy
30.1,90.6,1005.3,20.0,9.0,Rainy
32.2,95.3,1014.3,32.1,7.5,Cloudy
17.9,56.6,1019.5,30.0,0.0,Sunny
24.6,41.7,1018.8,33.6,0.0,Sunny
26.4,46.9,1017.5,30.1,0.0,Sunny
24.2,66.5,999.0,29.1,5.7,Cloudy
18.0,85.0,1017.9,17.5,0.7,Cloudy
25.5,44.5,1017.0,9.0,0.0,Sunny
33.8,76.6,1004.4,32.1,11.1,Rainy
16.8,55.4,1004.9,25.8,0.0,Sunny
17.0,56.5,1006.5,11.3,0.0,Sunny
23.9,76.7,1011.4,13.3,7.4,Cloudy
38.5,64.4,1001.5,24.6,6.4,Cloudy
31.7,86.2,995.6,17.8,10.4,Rainy
32.0,44.8,998.5,4.7,0.0,Sunny
24.0,84.8,1006.0,6.7,3.3,Cloudy
29.8,39.0,1002.1,26.6,0.0,Sunny
15.3,47.2,1014.1,12.8,0.0,Sunny
30.9,76.3,997.7,18.8,8.6,Rainy
37.8,88.9,1017.9,27.3,1.3,Cloudy
30.3,50.9,1017.4,26.8,0.0,Sunny
36.8,55.6,1017.7,7.5,0.0,Sunny
33.1,68.8,1013.5,5.2,0.0,Sunny
18.0,48.3,997.7,21.5,0.0,Sunny
37.6,86.1,1006.0,26.5,5.0,Cloudy
16.7,83.7,998.3,6.9,17.3,Rainy
28.3,44.2,1019.7,14.3,0.0,Sunny
18.6,64.2,1003.3,30.7,0.0,Sunny
15.3,83.8,1009.6,33.2,10.0,Rainy
25.6,56.3,1014.5,17.0,0.0,Sunny
22.4,74.9,1018.0,4.6,0.0,Cloudy
27.2,38.2,1013.9,10.5,0.0,Sunny
29.4,73.3,1011.9,9.7,1.1,Cloudy
16.1,44.6,1006.6,9.9,0.0,Sunny
18.1,87.3,1010.1,18.3,14.4,Rainy
29.0,57.4,997.4,21.2,3.1,Cloudy
23.6,52.7,1017.1,6.0,0.0,Sunny
33.2,88.0,1008.6,31.3,11.7,Rainy
31.3,38.2,996.0,22.5,4.2,Cloudy
36.1,60.0,1018.0,21.7,0.0,Sunny
32.3,58.3,1007.2,34.6,0.0,Sunny
25.7,52.9,1016.7,22.7,0.0,Sunny
31.8,92.4,1016.4,32.7,6.3,Cloudy
21.9,82.3,1015.4,11.4,0.0,Cloudy
22.7,39.0,996.5,9.9,0.0,Sunny
34.7,80.0,1001.2,19.0,7.1,Cloudy
26.2,68.2,1016.9,18.8,2.2,Cloudy
35.0,91.8,1017.5,9.5,0.0,Cloudy
35.6,54.7,1006.5,25.1,0.0,Sunny
36.4,71.2,1006.0,3.0,0.2,Cloudy
37.9,66.5,999.4,24.8,6.1,Cloudy
25.8,65.8,1019.2,17.1,0.0,Sunny
23.0,63.7,1000.3,24.7,2.6,Cloudy
29.6,48.0,999.8,17.7,0.0,Sunny
24.3,82.6,1011.5,34.3,11.1,Rainy
30.0,63.4,1001.1,13.0,7.1,Cloudy
32.6,95.4,1018.5,34.4,6.4,Cloudy
32.2,51.4,995.3,4.1,1.8,Sunny
24.4,78.0,995.1,24.6,9.9,Rainy
19.2,94.3,1007.6,17.0,9.1,Rainy
25.8,76.8,1007.2,29.1,1.5,Cloudy
18.6,89.9,999.1,28.1,17.4,Rainy
37.3,87.1,1007.4,28.4,7.1,Cloudy
23.6,57.7,1005.3,5.1,0.0,Sunny
18.9,72.8,1017.3,29.1,0.0,Cloudy
15.6,44.8,995.2,9.1,0.0,Sunny
31.1,68.7,1019.4,2.8,0.0,Sunny
30.9,49.5,1010.6,9.2,0.0,Sunny
23.5,81.9,998.8,17.8,16.6,Rainy
16.8,68.3,996.2,26.5,7.7,Cloudy
25.2,60.9,1008.5,9.2,0.0,Sunny
22.8,51.9,1000.9,5.7,0.6,Sunny
31.9,97.9,1002.5,23.3,18.5,Rainy
30.1,39.5,1001.1,34.5,2.0,Cloudy
24.1,37.7,1011.3,21.8,0.0,Sunny
20.4,48.7,1008.8,24.8,0.0,Sunny
39.7,96.2,996.9,20.5,24.9,Rainy
26.4,96.7,1008.2,27.8,18.3,Rainy
32.2,76.3,1014.8,34.2,2.0,Cloudy
18.5,90.4,997.0,20.0,31.4,Rainy
27.1,48.5,1017.2,15.8,0.0,Sunny
15.7,96.2,1009.5,30.4,8.4,Rainy
27.6,44.0,1018.8,34.0,0.0,Sunny
39.1,41.4,998.7,6.3,0.0,Sunny
24.6,42.1,1019.8,21.1,0.0,Sunny
16.0,71.1,1011.1,28.2,0.0,Cloudy
15.8,84.2,1009.2,19.6,13.0,Rainy
24.7,58.1,1007.9,15.5,0.0,Sunny
19.0,96.6,995.6,23.6,26.7,Rainy
15.6,62.4,1018.5,10.9,0.0,Sunny
33.9,44.5,1011.1,13.5,0.0,Sunny
26.5,64.4,997.3,34.7,11.4,Rainy
22.2,77.8,995.5,23.0,11.6,Rainy
37.5,87.4,996.3,30.8,16.6,Rainy
17.9,63.9,1010.2,28.7,0.0,Sunny
38.9,72.4,1010.4,23.5,8.9,Rainy
22.8,51.8,1007.5,29.7,0.0,Sunny
37.2,75.7,1002.7,11.5,0.0,Cloudy
30.1,97.1,1008.3,23.0,12.6,Rainy
35.7,38.1,1007.9,21.5,0.0,Sunny
39.6,90.9,995.5,22.5,19.9,Rainy
22.2,70.4,1002.1,7.6,0.0,Cloudy
39.0,50.9,996.3,11.1,0.0,Sunny
24.7,95.2,1017.5,11.5,0.0,Cloudy
24.6,65.5,1013.1,21.9,0.0,Sunny
23.5,55.9,1019.9,34.1,0.0,Sunny
28.5,46.4,1002.6,33.5,0.0,Sunny
18.9,50.4,1017.0,9.5,0.0,Sunny
28.8,87.5,1010.1,12.1,7.2,Cloudy
28.5,73.7,1006.3,3.2,0.0,Cloudy
34.0,92.5,1000.6,15.2,19.9,Rainy
35.8,49.6,1013.5,29.5,0.0,Sunny
26.0,42.6,1017.6,32.2,0.0,Sunny
22.6,35.4,1000.9,9.8,0.0,Sunny
21.5,67.0,999.4,10.8,0.2,Sunny
19.9,97.9,1012.4,9.3,4.0,Cloudy
16.4,78.8,1019.4,13.6,0.0,Cloudy
23.6,54.4,1013.7,28.6,0.0,Sunny
21.8,90.2,1002.1,23.3,14.3,Rainy
39.2,84.2,1005.5,27.9,7.8,Cloudy
28.9,36.0,1004.6,21.2,0.0,Sunny
23.7,86.5,1016.3,10.5,4.1,Cloudy
29.5,53.9,1014.3,9.5,0.0,Sunny
18.5,44.4,1009.7,2.3,0.0,Sunny
26.1,49.3,1001.9,27.8,0.0,Sunny
30.7,64.5,1018.4,30.0,0.0,Sunny
27.2,61.8,1011.3,27.4,0.0,Sunny
25.0,53.2,1019.3,4.5,0.0,Sunny
39.8,45.8,1009.5,27.2,0.0,Sunny
37.0,83.0,1015.5,3.5,0.0,Cloudy
30.6,97.4,1015.3,5.5,4.1,Cloudy
29.2,84.0,1003.4,16.5,5.9,Cloudy
30.5,53.6,1019.1,17.7,0.0,Sunny
20.0,50.4,995.5,28.9,2.1,Cloudy
24.9,48.7,1014.2,24.4,0.0,Sunny
16.0,43.6,1019.1,7.1,0.0,Sunny
26.9,69.7,1003.5,9.5,4.9,Cloudy
28.6,73.1,1011.2,11.4,0.0,Cloudy
20.7,79.4,1009.1,6.1,0.0,Cloudy
39.1,77.9,1014.0,11.5,0.0,Cloudy
37.7,53.4,1016.7,26.0,0.0,Sunny
33.1,55.8,1010.1,10.0,0.0,Sunny
28.3,77.9,1015.4,29.6,1.6,Cloudy
36.7,57.0,1002.8,17.5,0.0,Sunny
18.3,48.4,1000.7,12.7,0.0,Sunny
34.8,58.6,1005.8,15.6,0.0,Sunny
18.1,52.1,1011.9,25.4,0.0,Sunny
34.9,40.6,999.7,19.1,0.0,Sunny
21.9,87.3,1012.0,2.2,3.9,Cloudy
36.9,88.7,1004.9,32.4,14.9,Rainy
38.6,48.8,1014.9,4.2,0.0,Sunny
18.7,39.1,995.9,33.0,0.0,Sunny
26.6,81.5,1011.7,2.9,0.0,Cloudy
39.5,48.3,1011.2,27.4,0.0,Sunny
27.1,59.8,1018.5,19.6,0.0,Sunny
36.6,39.0,1012.8,18.7,0.0,Sunny
29.7,49.3,1014.9,4.4,0.0,Sunny
24.4,85.0,1017.6,9.9,3.6,Cloudy
22.1,85.7,1011.9,27.7,0.2,Cloudy
20.1,48.0,1002.3,31.4,4.4,Cloudy
34.0,56.2,1016.7,19.5,0.0,Sunny
24.7,43.5,1013.7,13.7,0.0,Sunny
27.8,39.7,1005.6,4.0,0.0,Sunny
27.3,97.5,1012.8,24.5,14.8,Rainy
29.4,76.3,1016.7,11.2,0.0,Cloudy
36.6,69.2,1019.4,3.8,0.0,Sunny
39.5,83.2,1018.8,24.0,0.0,Cloudy
25.2,87.9,1003.1,18.0,14.2,Rainy
35.7,85.8,1005.5,2.4,12.7,Rainy
34.1,36.0,997.7,5.7,0.0,Sunny
29.3,46.8,1001.2,25.1,0.0,Sunny
38.9,76.3,1017.1,4.1,0.0,Cloudy
20.0,58.7,1004.0,30.6,0.0,Sunny
17.7,96.9,1010.5,12.3,11.5,Rainy
36.3,76.9,1011.6,4.9,0.0,Cloudy
26.0,95.3,1014.5,27.1,10.7,Rainy
36.2,47.7,999.6,19.3,0.0,Sunny
37.3,89.4,1002.6,12.1,8.7,Rainy
16.6,55.2,1006.2,15.4,0.0,Sunny
37.1,97.3,1004.1,2.7,11.9,Rainy
26.2,44.9,1019.6,23.9,0.0,Sunny
27.8,67.5,1015.9,14.1,0.0,Sunny
30.7,84.9,1007.0,25.6,5.8,Cloudy
38.2,62.3,1017.0,22.7,0.0,Sunny
15.5,64.5,1003.7,23.5,0.3,Sunny
26.9,97.1,1014.6,28.2,8.9,Rainy
32.2,61.8,1000.6,22.8,11.7,Rainy
33.1,73.1,1014.3,15.8,0.0,Cloudy
32.3,38.4,1006.4,14.9,0.0,Sunny
18.4,88.1,997.7,5.9,16.5,Rainy
22.5,75.8,1001.8,27.7,11.0,Rainy
24.0,60.5,1005.1,27.1,0.0,Sunny
35.1,36.0,1013.7,10.1,0.0,Sunny
22.0,72.3,996.8,30.5,5.8,Cloudy
20.3,35.8,1011.5,21.4,0.0,Sunny
38.9,35.1,1012.9,17.8,0.0,Sunny
15.2,73.8,1011.3,2.6,0.0,Cloudy
39.9,46.9,1014.0,14.6,0.0,Sunny
31.9,47.1,999.5,23.1,7.7,Cloudy
35.7,76.2,1009.7,5.0,3.0,Cloudy
22.4,38.4,1018.5,17.2,0.0,Sunny
15.4,54.7,1010.3,34.8,0.0,Sunny
33.4,44.4,1010.3,25.6,0.0,Sunny
35.9,71.6,1013.4,20.0,0.0,Cloudy
33.5,76.7,1003.3,19.6,3.7,Cloudy
18.6,80.4,1012.5,3.4,3.0,Cloudy
33.8,51.1,1017.9,33.6,0.0,Sunny
34.2,40.6,995.3,32.6,2.8,Cloudy
31.5,40.0,1016.8,24.5,0.0,Sunny
34.2,61.8,1000.5,5.3,0.3,Sunny
36.1,94.6,1006.4,8.9,14.0,Rainy
30.3,48.7,1016.3,8.1,0.0,Sunny
17.2,51.2,1015.6,19.1,0.0,Sunny
27.2,41.4,1017.3,8.9,0.0,Sunny
16.9,73.2,1018.5,25.0,0.0,Cloudy
25.2,77.8,1006.2,20.0,8.8,Rainy
25.2,75.5,1011.4,2.6,1.6,Cloudy
16.7,89.3,1004.8,26.6,3.2,Cloudy
23.7,65.6,1003.8,8.2,0.0,Sunny
17.8,43.5,1005.8,29.2,0.0,Sunny
35.2,53.2,1013.6,13.7,0.0,Sunny
38.7,76.7,1007.5,13.2,6.3,Cloudy
16.8,73.6,1015.4,2.4,0.0,Cloudy
38.9,68.5,1013.6,34.6,3.7,Cloudy
28.1,78.0,995.5,22.2,14.3,Rainy
22.5,75.2,1010.8,16.0,6.7,Cloudy
16.9,90.5,1005.9,5.2,5.8,Cloudy
27.5,71.9,1006.4,25.1,3.4,Cloudy
34.9,84.1,1015.5,11.3,0.0,Cloudy
32.7,50.7,1008.7,34.6,0.0,Sunny
16.3,77.7,1017.1,33.4,0.0,Cloudy
16.8,91.8,1012.8,26.3,7.7,Cloudy
25.1,59.3,1008.8,34.0,0.0,Sunny
22.4,84.1,1013.9,5.5,0.0,Cloudy
20.8,80.7,996.0,11.2,13.1,Rainy
22.0,38.8,995.7,10.4,0.0,Sunny
35.1,71.6,997.1,4.4,0.0,Cloudy
38.2,43.2,1005.9,34.1,0.0,Sunny
25.1,95.9,1000.9,4.0,4.3,Cloudy
37.7,86.1,1019.6,30.3,1.1,Cloudy
23.0,41.9,1008.6,27.3,0.0,Sunny
26.9,42.7,1011.6,14.4,0.0,Sunny
20.7,72.5,1002.0,2.6,1.2,Cloudy
31.0,56.7,1003.0,2.2,2.3,Cloudy
39.5,37.2,1003.4,8.7,0.0,Sunny
30.1,69.1,1012.5,18.3,0.0,Sunny
23.9,59.4,1006.8,17.1,0.0,Sunny
31.2,41.4,1007.9,21.3,0.0,Sunny
18.1,85.5,1009.8,27.5,5.2,Cloudy
37.2,92.6,1014.2,14.5,6.0,Cloudy
27.6,82.7,997.3,7.3,18.1,Rainy
26.2,86.8,1014.4,28.4,3.4,Cloudy
29.6,48.6,1009.1,13.0,0.0,Sunny
30.6,51.6,1011.7,11.5,0.0,Sunny
16.8,48.1,1003.2,27.2,0.0,Sunny
32.1,83.2,1005.2,32.8,15.9,Rainy
21.0,94.7,1000.8,32.2,20.9,Rainy
32.8,80.2,1019.5,6.5,0.0,Cloudy
35.6,90.5,1007.4,18.6,6.3,Cloudy
35.1,75.2,1019.9,5.1,0.0,Cloudy
28.8,59.4,1007.2,33.7,3.6,Cloudy
28.0,61.8,1000.5,9.1,2.1,Cloudy
18.6,39.7,1007.7,8.5,0.0,Sunny
34.4,37.0,996.0,31.3,0.0,Sunny
21.8,78.8,1017.6,33.9,6.6,Cloudy
27.4,62.6,1015.5,25.0,0.0,Sunny
22.1,69.8,1013.1,6.0,0.0,Sunny
18.3,70.1,1010.2,18.0,0.0,Cloudy
30.7,52.5,1009.5,28.9,0.0,Sunny
16.4,65.0,1019.9,20.9,0.0,Sunny
33.7,64.7,1001.9,6.4,0.0,Sunny
22.9,59.5,1014.5,7.7,0.0,Sunny
15.0,86.7,1009.5,30.5,12.7,Rainy
27.8,63.4,1019.4,19.4,0.0,Sunny
16.2,73.0,1015.7,25.3,0.0,Cloudy
21.9,91.4,1020.0,14.3,8.7,Rainy
32.7,89.6,1009.7,19.6,12.9,Rainy
16.6,91.1,1000.1,34.2,17.1,Rainy
36.0,52.0,1007.6,12.9,0.0,Sunny
15.1,37.2,1012.8,24.3,0.0,Sunny
21.2,51.4,1014.4,7.7,0.0,Sunny
33.5,52.6,995.0,6.0,9.2,Rainy
22.9,92.3,1007.6,27.9,11.2,Rainy
17.5,75.9,1000.9,29.9,6.0,Cloudy
24.0,40.1,1016.9,24.1,0.0,Sunny
21.8,43.5,998.8,7.2,0.0,Sunny
36.1,44.8,1011.7,9.9,0.0,Sunny
22.8,74.7,1001.7,32.1,12.2,Rainy
34.7,81.3,1003.9,11.5,7.6,Cloudy
37.3,89.2,1018.5,29.0,0.0,Cloudy
25.8,94.3,1001.0,11.4,15.6,Rainy
37.7,47.7,997.4,33.0,0.0,Sunny
24.4,54.5,996.7,32.2,3.9,Cloudy
39.1,50.1,1007.6,3.4,0.0,Sunny
17.2,57.6,1011.0,27.4,1.5,Sunny
32.2,92.6,1003.2,7.6,8.5,Rainy
27.3,71.2,1012.3,9.1,0.0,Cloudy
24.7,81.5,996.5,17.2,11.9,Rainy
30.8,65.9,1016.4,21.0,0.0,Sunny
32.6,36.8,1015.4,12.8,0.0,Sunny
15.1,39.0,1019.6,21.0,0.0,Sunny
19.2,68.9,1018.4,7.6,0.0,Sunny
32.8,80.3,1003.9,2.7,0.4,Cloudy
31.7,48.6,1005.0,20.9,0.0,Sunny
39.2,80.5,1013.6,19.1,8.6,Rainy
34.0,86.1,998.4,24.8,17.3,Rainy
38.8,60.9,1002.9,23.4,1.4,Sunny
32.6,82.0,998.0,31.6,20.7,Rainy
22.5,60.5,1006.4,17.2,0.0,Sunny
17.6,77.7,1008.8,2.3,3.4,Cloudy
34.5,83.1,1000.3,22.8,11.0,Rainy
31.1,97.5,995.7,24.3,20.3,Rainy
16.2,56.8,1013.0,19.2,0.0,Sunny
24.0,60.9,995.5,24.7,4.2,Cloudy
38.9,45.4,1019.3,12.7,0.0,Sunny
27.5,47.9,1000.5,6.9,0.0,Sunny
25.8,78.7,1011.6,23.9,3.0,Cloudy
26.4,92.8,1005.9,10.1,10.0,Rainy
20.2,59.9,996.5,17.1,0.6,Sunny
24.2,46.3,1006.8,18.2,0.0,Sunny
24.2,53.0,1007.9,17.7,0.0,Sunny
16.3,63.7,1016.4,21.7,0.0,Sunny
34.2,53.3,1013.3,3.0,0.0,Sunny
25.4,49.7,997.0,34.7,3.3,Cloudy
35.6,81.4,1000.2,25.6,15.6,Rainy
36.3,35.5,1002.8,16.0,0.0,Sunny
20.3,69.0,997.9,8.3,5.3,Cloudy
31.4,85.0,1006.4,4.6,10.4,Rainy
26.8,51.8,1019.6,24.2,0.0,Sunny
37.0,73.0,1007.9,12.5,1.1,Cloudy
20.4,77.1,1013.5,9.6,0.0,Cloudy
31.9,76.3,1012.1,14.5,4.5,Cloudy
30.2,63.1,1016.2,21.6,0.0,Sunny
22.4,56.8,1000.4,24.2,0.0,Sunny
18.4,87.7,1013.8,23.3,12.6,Rainy
31.3,82.8,1017.0,30.5,0.0,Cloudy
33.5,55.2,999.3,9.2,2.3,Cloudy
22.9,41.5,1003.7,23.0,0.0,Sunny
31.1,39.5,1019.3,5.3,0.0,Sunny
24.9,40.9,1014.5,20.1,0.0,Sunny
32.8,71.7,1002.1,21.3,7.5,Cloudy
20.0,38.3,1009.1,9.1,0.0,Sunny
37.3,56.2,1005.1,14.9,0.0,Sunny
22.2,82.5,1007.2,29.3,7.3,Cloudy
24.2,53.5,1003.9,6.9,0.0,Sunny
16.5,83.1,1002.0,16.3,9.0,Rainy
17.8,82.0,1011.9,32.8,8.2,Rainy
27.9,50.5,1014.5,18.6,0.0,Sunny
21.7,80.9,1016.8,25.9,4.3,Cloudy
35.9,82.1,998.9,29.3,8.1,Rainy
15.4,60.0,1015.6,8.7,0.0,Sunny
24.5,48.3,1001.4,9.2,0.0,Sunny
23.4,67.8,1005.7,27.0,1.9,Sunny
15.5,93.0,1017.5,26.9,6.3,Cloudy
18.1,75.3,1006.4,4.0,3.5,Cloudy
25.3,45.9,999.9,12.6,0.0,Sunny
27.3,78.0,999.0,15.2,9.6,Rainy
25.1,61.9,1006.8,29.4,0.0,Sunny
28.3,72.3,1014.1,15.9,0.0,Cloudy
29.9,81.2,1019.9,32.6,0.0,Cloudy
15.2,67.4,1014.7,34.9,0.0,Sunny
26.6,86.3,1016.9,27.8,2.7,Cloudy
39.1,80.5,1013.7,24.0,0.0,Cloudy
28.0,73.7,1017.4,14.9,2.7,Cloudy
31.9,44.5,996.9,4.2,0.0,Sunny
22.8,87.7,1018.2,20.9,3.3,Cloudy
34.3,94.0,1004.9,13.9,10.7,Rainy
34.3,43.6,1018.0,13.6,0.0,Sunny
28.0,65.8,996.9,24.7,9.1,Rainy
39.4,51.3,1012.9,17.3,0.0,Sunny
18.1,82.5,1013.4,26.8,4.1,Cloudy
15.4,80.5,1019.9,15.1,0.1,Cloudy
34.3,43.9,1014.2,7.0,0.0,Sunny
35.2,90.3,1004.6,17.2,7.0,Cloudy
18.0,46.4,1008.9,33.4,0.0,Sunny
21.6,85.2,1004.2,28.5,17.7,Rainy
15.4,63.8,999.9,8.8,6.1,Cloudy
22.3,55.7,1001.2,14.9,1.4,Sunny
34.3,45.0,1000.6,32.6,0.0,Sunny
27.9,45.6,1008.7,6.1,0.0,Sunny
23.7,76.7,1017.7,10.4,0.0,Cloudy
24.3,69.7,1017.8,10.7,0.0,Sunny
15.0,42.7,996.4,20.8,0.0,Sunny
22.5,42.1,997.0,15.6,0.0,Sunny
31.2,39.6,1001.1,4.6,0.0,Sunny
39.4,81.9,1001.4,22.8,14.2,Rainy
36.2,79.8,997.4,5.3,6.0,Cloudy
15.6,38.7,1004.7,22.0,0.0,Sunny
37.5,70.3,1009.7,18.7,0.0,Cloudy
34.6,40.3,1009.5,18.3,0.0,Sunny
34.5,91.9,1008.6,4.2,9.6,Rainy
26.4,92.1,1003.5,23.1,13.8,Rainy
25.0,79.0,1012.7,16.2,1.9,Cloudy
22.6,93.3,1015.7,15.6,5.2,Cloudy
16.6,86.1,1003.7,21.7,9.2,Rainy
20.7,87.2,997.1,22.0,20.8,Rainy
21.2,70.9,1002.4,2.5,1.2,Cloudy
27.1,54.3,998.4,6.1,0.0,Sunny
33.7,48.7,1006.7,9.8,0.0,Sunny
26.8,55.6,998.9,24.4,2.8,Cloudy
16.4,74.6,1006.6,21.0,2.0,Cloudy
38.9,45.9,1000.5,27.0,0.0,Sunny
38.6,51.3,1013.5,26.4,0.0,Sunny
34.6,64.5,995.7,30.2,8.4,Rainy
39.8,49.7,1008.9,14.4,0.0,Sunny
28.6,72.1,999.2,13.4,10.0,Rainy
39.1,93.2,995.0,29.4,22.0,Rainy
16.9,82.1,1016.7,9.8,0.0,Cloudy
24.1,77.0,1011.8,17.2,0.0,Cloudy
20.6,71.7,997.5,8.4,9.3,Rainy
19.9,65.7,1011.6,32.2,0.0,Sunny
18.5,46.8,1010.3,15.5,0.0,Sunny
30.6,91.4,1006.8,9.0,12.0,Rainy
34.5,50.7,1005.5,24.8,1.1,Sunny
29.5,40.8,1017.2,10.1,0.0,Sunny
18.7,82.3,1001.1,33.1,17.8,Rainy
35.3,46.1,1005.0,14.1,0.0,Sunny
30.9,58.4,1003.2,23.9,0.0,Sunny
24.7,36.8,1014.3,13.4,0.0,Sunny
31.9,43.6,1017.9,28.6,0.0,Sunny
21.5,45.9,1016.2,31.6,0.0,Sunny
23.6,38.4,1014.9,28.0,0.0,Sunny
37.9,76.4,1019.7,30.0,0.0,Cloudy
22.3,87.7,1012.4,5.4,5.5,Cloudy
26.7,58.5,1013.8,32.5,0.0,Sunny
37.3,90.1,1019.6,22.6,7.8,Cloudy
32.7,48.4,995.2,30.7,0.0,Sunny
16.6,55.5,1010.9,24.6,0.0,Sunny
18.7,44.5,1013.5,8.7,0.0,Sunny
15.2,74.1,1017.9,22.1,0.0,Cloudy
30.8,61.5,1017.1,5.0,0.0,Sunny
26.2,73.6,1016.0,25.0,0.0,Cloudy
18.4,83.0,1018.6,15.5,0.0,Cloudy
38.9,69.4,1008.4,7.0,0.0,Sunny
28.2,74.5,995.2,34.3,16.5,Rainy
21.0,93.9,995.3,31.7,20.9,Rainy
27.5,53.8,1008.6,31.5,0.0,Sunny
32.0,57.6,1005.9,28.0,0.0,Sunny
16.9,80.2,1006.3,24.8,5.8,Cloudy
21.9,73.5,1005.0,23.6,1.5,Cloudy
35.2,46.2,1017.9,5.5,0.0,Sunny
26.5,58.7,1004.0,31.7,1.3,Sunny
28.7,64.5,1016.4,31.1,0.0,Sunny
25.8,61.4,1017.6,26.7,0.0,Sunny
16.1,46.2,1007.5,32.6,0.0,Sunny
19.1,93.2,1006.2,20.3,15.4,Rainy
26.1,83.0,1014.0,16.8,5.5,Cloudy
20.2,65.3,1012.7,33.9,3.5,Cloudy
16.2,77.8,1003.2,17.3,3.9,Cloudy
36.1,91.5,997.6,23.2,18.4,Rainy
39.5,43.6,1001.6,14.3,0.0,Sunny
34.8,50.8,998.3,23.0,0.0,Sunny
36.3,69.2,1002.4,25.8,7.8,Cloudy
21.0,85.3,1001.5,22.6,12.9,Rainy
39.0,37.3,1010.9,19.0,0.0,Sunny
19.9,97.0,1018.9,11.9,1.5,Cloudy
38.8,63.7,1012.1,23.2,1.0,Sunny
39.9,57.6,1018.2,32.0,0.0,Sunny
32.8,53.4,1014.6,2.2,0.0,Sunny
39.5,46.0,1013.2,6.4,0.0,Sunny
29.2,84.9,1005.4,6.0,7.5,Cloudy
21.5,95.2,1003.1,32.5,12.6,Rainy
25.9,61.1,1016.2,23.9,0.0,Sunny
29.8,95.0,1017.6,33.4,4.5,Cloudy
16.8,86.9,1006.3,21.2,7.6,Cloudy
30.6,65.3,995.2,17.2,17.7,Rainy
39.5,77.5,1014.8,28.1,0.0,Cloudy
19.8,62.4,1002.1,7.3,0.0,Sunny
34.8,70.2,995.2,14.6,17.5,Rainy
37.7,38.7,1015.1,17.4,0.0,Sunny
38.6,78.9,1007.9,11.8,6.9,Cloudy
39.0,38.3,1012.1,14.3,0.0,Sunny
28.0,86.5,1017.9,4.6,4.2,Cloudy
39.4,87.0,1008.5,8.5,10.0,Rainy
33.9,49.9,1007.6,13.1,0.0,Sunny
19.0,55.4,1002.3,28.3,0.0,Sunny
26.9,65.3,1002.6,8.0,1.0,Sunny
33.0,72.6,1014.9,13.4,3.5,Cloudy
21.2,53.1,1006.2,4.1,0.0,Sunny
31.0,72.3,999.1,20.4,7.0,Cloudy
31.7,53.8,997.4,22.2,0.7,Sunny
19.1,38.5,1006.8,30.6,0.0,Sunny
29.1,35.2,1006.6,29.0,0.0,Sunny
34.3,41.4,1011.3,11.4,0.0,Sunny
27.5,84.9,1006.8,6.5,12.5,Rainy
15.3,95.6,998.6,7.2,22.7,Rainy
15.2,61.9,1007.7,34.0,0.0,Sunny
23.9,67.3,1017.7,24.2,0.0,Sunny
38.2,44.3,999.0,3.4,0.0,Sunny
20.7,69.7,1012.2,6.5,0.0,Sunny
30.9,44.1,1009.8,18.0,0.0,Sunny
20.6,73.5,1013.7,8.9,0.0,Cloudy
23.0,93.8,998.8,28.5,18.0,Rainy
36.2,47.3,1018.5,20.9,0.0,Sunny
33.2,83.2,1010.5,22.2,0.9,Cloudy
17.4,36.5,1016.2,17.3,0.0,Sunny
25.7,58.7,1001.2,10.5,0.7,Sunny
15.7,42.0,1013.5,21.5,0.0,Sunny
27.0,57.2,1014.5,25.7,0.0,Sunny
31.6,45.9,1004.9,14.2,0.0,Sunny
18.0,58.5,1004.6,18.7,0.0,Sunny
22.2,61.3,1011.4,29.7,0.0,Sunny
24.9,53.9,997.3,6.9,0.0,Sunny
38.0,76.4,1013.4,20.0,0.0,Cloudy
39.8,92.9,996.1,13.5,16.1,Rainy
16.1,60.2,999.8,25.2,3.2,Cloudy
34.0,47.1,1011.6,2.6,0.0,Sunny
24.3,52.1,997.5,24.1,0.2,Sunny
24.8,88.8,1019.3,5.4,2.6,Cloudy
33.9,71.0,1016.7,4.1,0.0,Cloudy
38.0,63.7,1010.7,25.9,0.0,Sunny
38.8,44.4,1015.5,23.1,0.0,Sunny
29.4,63.3,1017.2,31.5,0.0,Sunny
23.9,52.5,1001.5,19.1,5.2,Cloudy
34.7,94.4,1016.2,19.5,10.5,Rainy
21.3,90.7,999.9,25.3,10.8,Rainy
29.1,40.3,1005.3,12.7,0.0,Sunny
24.0,67.5,1009.0,3.2,0.0,Sunny
31.4,49.2,1012.8,9.6,0.0,Sunny
21.0,60.9,995.8,9.9,8.0,Rainy
19.8,90.2,1002.3,13.1,14.8,Rainy
38.0,68.2,1010.2,33.1,1.3,Sunny
17.5,56.1,1003.9,28.6,0.0,Sunny
27.6,48.1,1014.4,32.9,0.0,Sunny
20.5,85.4,1011.3,35.0,11.1,Rainy
16.0,74.3,1000.9,16.3,10.0,Rainy
15.9,64.5,998.6,9.5,8.5,Rainy
19.4,48.7,1010.7,20.5,0.0,Sunny
36.7,56.1,1006.3,31.1,2.9,Cloudy
22.1,95.5,999.2,17.4,17.4,Rainy
38.8,67.8,1003.2,18.7,4.7,Cloudy
29.5,60.2,1002.6,6.4,0.0,Sunny
25.9,67.8,997.7,15.9,0.0,Sunny
29.5,84.1,1008.7,14.8,10.1,Rainy
27.9,56.4,1014.1,13.6,0.0,Sunny
34.0,46.3,1009.4,31.3,0.0,Sunny
22.1,71.9,1015.7,4.0,0.0,Cloudy
23.8,76.9,998.2,34.1,5.5,Cloudy
37.4,79.9,1005.9,2.3,0.1,Cloudy
38.7,90.6,1010.2,33.2,11.9,Rainy
37.3,58.4,1011.9,20.1,0.0,Sunny
25.5,39.7,1012.4,25.2,0.0,Sunny
34.5,95.4,1013.2,8.2,3.6,Cloudy
26.9,62.4,1011.3,23.6,0.0,Sunny
27.4,74.3,997.4,31.1,10.9,Rainy
20.1,77.0,1012.4,6.6,0.0,Cloudy
29.8,69.4,1013.1,6.2,0.0,Sunny
19.7,47.9,1019.8,12.0,0.0,Sunny
23.3,82.6,1012.3,7.3,5.5,Cloudy
36.4,85.6,1012.2,5.7,1.6,Cloudy
20.2,69.8,1007.9,24.4,11.9,Rainy
16.8,65.8,1016.7,9.1,0.0,Sunny
16.7,42.2,1019.9,24.0,0.0,Sunny
38.5,40.3,1014.5,30.4,0.0,Sunny
27.7,56.4,1010.3,23.5,0.0,Sunny
25.2,54.6,997.0,5.9,3.7,Cloudy
35.3,95.1,1013.2,20.9,5.7,Cloudy
35.9,84.4,1012.7,15.0,4.0,Cloudy
23.3,76.6,1014.4,13.3,0.0,Cloudy
32.3,67.6,998.1,12.5,3.4,Cloudy
34.3,45.5,1011.3,32.7,0.0,Sunny
31.4,96.6,1002.4,26.5,18.4,Rainy
18.8,58.6,1014.0,6.4,0.0,Sunny
36.9,41.7,1001.0,17.7,0.0,Sunny
28.5,66.1,1012.1,12.5,0.0,Sunny
22.1,90.1,1002.4,34.3,25.6,Rainy
25.6,90.9,995.2,34.3,22.6,Rainy
15.9,35.7,1010.8,12.5,0.0,Sunny
18.2,90.8,997.8,13.6,15.4,Rainy
34.1,52.1,1011.5,21.8,0.0,Sunny
15.0,37.5,1018.1,17.8,0.0,Sunny
25.4,88.4,1019.2,9.0,1.1,Cloudy
28.1,89.4,1000.9,23.8,20.7,Rainy
16.4,72.6,1015.2,13.0,4.6,Cloudy
39.3,71.2,1003.8,23.6,11.1,Rainy
20.7,86.2,1017.5,14.7,0.0,Cloudy
22.6,84.5,1014.7,25.1,2.0,Cloudy
22.6,91.1,996.8,24.0,20.5,Rainy
20.8,69.8,1005.2,18.8,1.3,Sunny
15.0,96.0,1003.4,25.3,16.7,Rainy
33.2,97.8,1014.6,17.2,0.1,Cloudy
39.2,42.3,1005.3,5.8,0.0,Sunny
20.6,88.5,1012.1,8.0,0.0,Cloudy
31.6,66.5,1010.1,10.1,0.0,Sunny
33.5,59.4,1019.4,4.1,0.0,Sunny
36.2,73.6,1018.4,25.5,0.0,Cloudy
25.6,38.5,1005.7,14.1,0.0,Sunny
22.6,66.9,1013.1,5.1,0.0,Sunny
23.1,89.9,1015.7,29.1,10.7,Rainy
32.8,48.4,1017.5,24.6,0.0,Sunny
35.4,61.9,996.7,16.9,6.7,Cloudy
19.5,94.2,1002.6,10.2,9.5,Rainy
24.3,62.0,1003.0,7.0,0.0,Sunny
37.5,57.6,1005.9,17.1,0.0,Sunny
35.2,62.8,999.2,31.2,2.6,Cloudy
39.6,67.7,1007.4,8.2,0.0,Sunny
33.9,74.8,1011.6,20.8,0.0,Cloudy
24.8,85.4,1007.4,33.7,12.4,Rainy
29.8,63.5,1011.6,23.0,0.0,Sunny
31.5,86.5,996.7,16.5,15.0,Rainy
17.0,68.6,1016.9,25.6,0.0,Sunny
28.6,56.3,1018.5,29.2,0.0,Sunny
32.7,76.5,1010.4,21.5,1.4,Cloudy
19.2,80.2,1017.0,30.8,0.0,Cloudy
34.5,70.2,998.3,19.0,13.2,Rainy
29.6,38.6,1014.9,29.4,0.0,Sunny
38.8,45.7,998.0,33.4,1.8,Sunny
16.1,53.0,1005.2,18.5,0.0,Sunny
21.6,52.8,1003.1,22.0,0.9,Sunny
30.0,77.4,1009.6,22.1,7.8,Cloudy
22.4,36.2,1002.5,27.8,0.0,Sunny
32.9,82.6,1010.9,29.2,8.0,Rainy
34.0,51.7,1004.2,2.9,0.0,Sunny
17.6,54.5,1016.5,26.2,0.0,Sunny
27.8,68.3,1010.8,27.9,1.1,Sunny
27.7,48.6,1000.4,25.1,0.0,Sunny
24.2,90.7,1003.4,25.6,13.7,Rainy
38.3,40.4,1016.2,3.4,0.0,Sunny
35.7,63.0,1004.7,16.6,0.0,Sunny
32.4,88.5,1008.4,29.0,11.9,Rainy
32.9,73.8,1011.2,32.8,7.2,Cloudy
26.5,53.4,1003.7,9.6,0.0,Sunny
38.0,61.5,1002.3,21.1,0.0,Sunny
32.4,79.5,1006.9,28.5,2.5,Cloudy
33.2,96.3,1000.4,26.8,21.0,Rainy
36.5,91.3,1002.1,22.4,10.2,Rainy
21.9,56.6,996.6,2.6,0.0,Sunny
35.2,97.9,1002.6,25.9,23.9,Rainy
19.9,35.2,1003.0,27.5,0.0,Sunny
23.6,36.7,1019.0,25.9,0.0,Sunny
23.4,86.9,1009.7,27.3,9.2,Rainy
39.5,47.6,1014.7,16.2,0.0,Sunny
36.4,38.8,996.1,34.8,0.0,Sunny
32.5,49.9,997.7,27.4,7.0,Cloudy
33.2,61.8,1015.4,21.1,0.0,Sunny
29.1,81.0,1010.6,32.8,14.4,Rainy
38.7,74.3,999.8,32.0,12.5,Rainy
27.4,50.0,1005.1,28.9,0.0,Sunny
24.5,66.7,1008.5,20.6,8.6,Rainy
19.1,93.4,1016.1,19.4,5.5,Cloudy
34.7,86.3,996.5,12.8,11.3,Rainy
33.4,55.4,1009.9,10.3,1.1,Sunny
24.6,96.9,1012.9,18.9,6.8,Cloudy
15.6,79.6,1019.4,21.1,0.0,Cloudy
36.0,38.9,1015.2,10.1,0.0,Sunny
15.3,37.2,1001.9,32.4,0.0,Sunny
32.6,45.6,1012.7,20.4,0.0,Sunny
39.3,80.9,1014.1,19.4,0.0,Cloudy
25.9,46.6,1013.2,16.4,0.0,Sunny
20.9,67.2,1015.5,3.9,0.0,Sunny
32.6,40.9,1017.6,31.1,0.0,Sunny
35.4,93.0,997.5,12.5,24.6,Rainy
28.7,56.7,997.6,23.2,3.8,Cloudy
39.2,92.2,1014.9,22.0,8.5,Rainy
16.3,94.5,1001.3,21.3,16.9,Rainy
27.6,35.4,996.5,19.3,0.0,Sunny
33.0,64.2,1005.0,8.0,5.4,Cloudy
36.6,36.6,1015.5,11.3,0.0,Sunny
19.5,92.2,998.2,19.3,22.3,Rainy
35.0,67.7,1011.8,28.0,4.9,Cloudy
28.8,39.7,995.1,16.3,0.0,Sunny
24.9,41.9,997.7,8.7,0.0,Sunny
18.3,59.2,1003.8,4.9,0.0,Sunny
36.6,94.2,997.1,23.9,29.8,Rainy
18.9,78.7,1016.1,16.0,0.0,Cloudy
22.7,89.7,1016.6,6.1,8.0,Rainy
22.3,58.1,1013.9,24.3,0.0,Sunny
36.8,37.7,1001.1,8.9,0.0,Sunny
31.8,96.4,1008.1,18.8,11.6,Rainy
34.9,36.1,999.6,12.1,0.0,Sunny
21.3,94.7,1002.0,32.7,18.4,Rainy
30.6,58.2,1007.9,9.5,0.0,Sunny
29.3,35.6,1013.4,15.9,0.0,Sunny
35.8,78.4,997.4,33.7,17.0,Rainy
37.7,96.8,1002.4,12.5,19.2,Rainy
15.3,95.8,1018.2,23.3,9.3,Rainy
31.9,45.1,1005.7,12.5,0.0,Sunny
16.3,46.4,1018.5,5.7,0.0,Sunny
28.7,70.6,1019.8,22.7,0.0,Cloudy
22.2,75.2,1008.2,32.2,13.0,Rainy
22.7,81.6,1002.2,16.9,5.4,Cloudy
23.8,46.4,1014.8,22.7,0.0,Sunny
30.5,95.4,999.0,22.1,17.8,Rainy
23.4,75.2,1001.3,15.7,4.9,Cloudy
33.3,88.4,1014.6,22.3,0.0,Cloudy
25.1,69.0,1005.8,10.6,0.0,Sunny
16.7,61.1,1000.0,14.5,0.0,Sunny
34.6,96.6,1011.3,16.6,14.7,Rainy
22.1,71.7,1013.3,30.5,0.0,Cloudy
25.8,89.6,998.1,13.5,19.3,Rainy
32.1,95.1,1001.9,23.0,14.9,Rainy
23.3,77.5,1000.5,9.0,7.8,Cloudy
16.4,69.6,1004.5,10.3,8.5,Rainy
24.3,35.2,1014.1,23.4,0.0,Sunny
38.6,37.5,1012.8,27.2,0.0,Sunny
31.0,47.7,1011.6,17.2,0.0,Sunny
31.8,46.7,995.2,13.1,0.7,Sunny
30.8,51.0,998.6,32.0,2.5,Cloudy
20.0,54.2,1000.6,6.5,0.0,Sunny
25.5,57.7,1001.8,25.8,0.0,Sunny
33.8,61.5,998.7,24.8,9.1,Rainy
17.5,41.2,1005.3,24.8,0.0,Sunny
21.9,37.7,996.9,32.9,2.3,Cloudy
21.9,77.5,1013.8,26.0,0.3,Cloudy
25.8,68.9,1014.7,12.0,0.0,Sunny
39.5,63.0,1009.4,13.7,0.0,Sunny
16.7,75.0,997.2,14.9,6.7,Cloudy
28.0,87.1,1017.3,3.0,0.0,Cloudy
19.5,61.9,1019.1,32.1,0.0,Sunny
39.3,75.4,1000.1,4.4,4.3,Cloudy
17.8,95.1,1012.6,25.1,8.8,Rainy
25.1,87.9,1016.0,26.1,4.3,Cloudy
33.4,61.8,1008.5,29.8,1.7,Sunny
32.6,75.6,1003.1,20.3,6.2,Cloudy
25.6,46.2,1007.0,25.9,0.0,Sunny
23.7,70.3,1007.8,12.0,0.3,Cloudy
24.9,96.8,1005.0,26.6,18.5,Rainy
21.6,67.7,1018.2,13.3,0.0,Sunny
20.1,93.4,1013.6,31.8,7.0,Cloudy
27.1,60.7,1001.0,7.4,0.0,Sunny
21.7,97.9,1009.6,12.4,12.3,Rainy
22.2,71.5,1012.2,18.5,3.8,Cloudy
31.4,37.7,998.5,27.6,0.0,Sunny
39.2,72.0,1004.0,26.7,3.1,Cloudy
30.1,52.3,1017.6,9.0,0.0,Sunny
16.9,37.0,1009.2,6.8,0.0,Sunny
16.9,86.7,1000.4,12.0,10.2,Rainy
38.8,52.4,998.1,18.0,0.0,Sunny
22.4,85.2,1008.0,19.8,7.0,Cloudy
17.3,53.2,1008.7,16.2,0.0,Sunny
30.0,47.2,1003.4,23.9,0.0,Sunny
30.6,96.4,1010.8,16.1,7.0,Cloudy
31.2,57.8,996.7,33.2,1.8,Sunny
21.7,72.9,998.6,10.6,2.1,Cloudy
15.4,73.4,1008.7,22.7,0.0,Cloudy
39.1,70.3,996.5,22.2,8.9,Rainy
21.3,92.6,1017.0,11.3,0.0,Cloudy
31.9,77.5,998.6,15.6,9.9,Rainy
32.7,60.4,1011.8,14.1,0.0,Sunny
30.3,89.3,1004.8,7.7,6.6,Cloudy
22.8,46.4,1005.0,17.8,0.0,Sunny
21.8,69.3,1014.1,14.8,0.0,Sunny
29.9,94.9,1007.5,7.9,9.1,Rainy
36.7,74.4,1013.1,16.8,4.3,Cloudy
38.7,86.5,1007.6,15.9,4.6,Cloudy
17.6,76.2,1009.8,6.3,6.9,Cloudy
18.9,87.9,1014.0,6.3,1.6,Cloudy
38.6,94.5,1010.2,23.4,6.7,Cloudy
33.4,52.2,1010.4,25.3,0.0,Sunny
37.1,45.7,1014.7,33.1,0.0,Sunny
20.1,65.5,1018.7,4.9,0.0,Sunny
29.7,79.2,1004.4,5.9,8.9,Rainy
32.5,49.3,1009.4,3.7,0.0,Sunny
32.0,35.3,997.2,19.6,0.0,Sunny
25.2,56.6,1004.0,22.6,0.0,Sunny
15.4,96.0,1005.3,15.3,15.1,Rainy
29.6,78.8,1015.9,28.3,2.1,Cloudy
21.3,60.3,1007.8,24.7,0.0,Sunny
26.3,47.1,1013.3,34.5,0.0,Sunny
38.9,57.4,995.5,6.6,0.0,Sunny
25.0,45.7,1006.6,3.9,0.0,Sunny
36.0,41.7,1017.5,11.1,0.0,Sunny
19.7,92.1,1000.6,2.6,21.4,Rainy
31.8,97.9,995.8,32.8,21.6,Rainy
39.4,45.3,1005.8,12.0,0.0,Sunny
17.5,38.4,1012.6,20.2,0.0,Sunny
15.2,55.8,1006.4,12.5,5.3,Cloudy
25.8,64.1,1006.5,10.1,2.5,Cloudy
17.3,47.9,1011.7,7.0,0.0,Sunny
33.7,54.0,1001.4,12.6,9.0,Rainy
37.9,47.7,1013.8,22.3,0.0,Sunny
25.9,83.8,998.8,34.1,12.8,Rainy
21.5,79.9,1004.9,20.4,15.6,Rainy
25.9,75.0,1011.4,19.6,0.0,Cloudy
33.1,59.4,1015.7,3.2,0.0,Sunny
15.2,92.3,1014.8,29.7,10.8,Rainy
29.7,96.1,1013.0,3.5,6.9,Cloudy
30.3,45.9,1004.0,31.9,0.0,Sunny
30.9,49.0,998.1,19.8,0.0,Sunny
21.1,68.1,1000.4,7.6,8.3,Rainy
32.9,40.7,1016.6,16.9,0.0,Sunny
17.3,62.5,1016.4,34.8,0.0,Sunny
20.0,71.7,1018.8,12.1,0.0,Cloudy
36.9,67.9,996.9,10.9,3.7,Cloudy
33.5,55.8,1008.4,5.9,0.0,Sunny
15.3,69.2,1011.2,21.7,0.0,Sunny
21.2,95.4,1012.8,4.9,3.8,Cloudy
20.4,48.0,1011.1,27.3,0.0,Sunny
21.8,76.3,1014.3,32.3,4.8,Cloudy
21.2,37.7,1004.0,32.8,0.0,Sunny
16.6,39.2,999.5,5.6,0.0,Sunny
26.5,69.8,1000.1,20.4,10.0,Rainy
33.3,41.6,995.3,5.2,0.3,Sunny
30.2,36.4,1003.8,20.9,0.0,Sunny
31.8,45.8,997.3,28.9,0.0,Sunny
17.0,70.6,1003.0,19.7,1.5,Cloudy
38.8,79.3,1010.7,30.8,11.7,Rainy
36.0,47.8,1017.4,28.5,0.0,Sunny
35.1,77.1,1016.0,11.1,0.0,Cloudy
35.6,46.5,1001.3,22.8,0.0,Sunny
38.3,73.6,998.4,2.2,5.7,Cloudy
28.6,61.0,999.8,15.1,4.5,Cloudy
20.0,76.2,1019.3,9.9,0.0,Cloudy
30.4,97.7,1008.7,32.9,17.2,Rainy
33.6,94.1,999.6,15.4,12.3,Rainy
33.4,35.3,1016.0,23.6,0.0,Sunny
28.0,90.8,1004.9,26.2,15.6,Rainy
16.7,39.2,1017.5,27.5,0.0,Sunny
24.3,95.0,1001.5,26.3,18.8,Rainy
38.0,52.8,1004.8,11.5,0.0,Sunny
29.6,59.1,1007.6,24.6,0.0,Sunny
28.5,40.8,1017.3,20.1,0.0,Sunny
21.7,42.1,1016.7,21.7,0.0,Sunny
24.2,80.8,1009.4,2.0,7.5,Cloudy
37.4,94.5,1000.5,10.5,18.6,Rainy
31.7,73.5,1005.1,32.7,6.1,Cloudy
34.7,80.1,1019.4,11.6,0.6,Cloudy
26.4,83.0,1010.2,16.5,6.7,Cloudy
30.8,51.6,1014.5,8.2,0.0,Sunny
21.2,37.8,1006.2,6.6,0.0,Sunny
32.6,35.1,1008.3,8.9,0.0,Sunny
25.7,57.1,1005.7,20.3,0.1,Sunny
26.1,50.2,1012.6,32.3,0.0,Sunny
31.2,38.9,1016.3,12.8,0.0,Sunny
38.4,46.3,1007.7,12.7,0.0,Sunny
16.6,42.8,1007.0,20.6,0.0,Sunny
35.6,92.6,1003.5,13.8,10.8,Rainy
22.3,43.8,999.4,32.0,0.0,Sunny
26.1,68.9,1018.5,14.5,0.0,Sunny
15.5,72.4,1002.9,18.2,10.9,Rainy
22.5,69.2,1015.0,19.6,0.0,Sunny
27.6,41.2,1012.9,27.8,0.0,Sunny
16.4,55.1,1014.8,20.6,0.0,Sunny
27.3,38.2,1018.4,9.9,0.0,Sunny
38.2,59.9,1010.6,6.1,0.0,Sunny
17.6,46.9,1017.4,32.9,0.0,Sunny
34.1,70.4,999.2,28.5,7.6,Cloudy
25.2,78.6,1010.7,2.8,0.0,Cloudy
31.4,68.5,1014.3,29.1,0.0,Sunny
21.5,62.4,1001.8,21.5,2.9,Cloudy
19.0,59.4,1013.5,19.1,0.0,Sunny
19.0,88.0,1014.5,2.4,9.8,Rainy
16.8,48.8,1015.8,27.8,0.0,Sunny
19.6,81.3,1002.8,8.5,4.0,Cloudy
31.6,82.7,1012.0,26.0,8.3,Rainy
37.0,61.4,1002.6,2.5,2.2,Cloudy
35.4,53.7,1013.5,28.3,0.0,Sunny
32.1,64.6,1006.6,2.8,0.0,Sunny
17.8,40.9,1009.9,9.8,0.0,Sunny
22.2,37.9,1005.4,10.9,0.0,Sunny
22.7,42.0,999.0,7.2,0.0,Sunny
21.2,46.8,999.5,17.9,0.0,Sunny
27.9,66.8,996.9,11.4,6.5,Cloudy
28.4,88.5,1010.5,34.8,9.1,Rainy
23.9,49.8,1016.2,21.1,0.0,Sunny
23.8,93.9,995.5,20.7,16.7,Rainy
35.7,95.2,996.7,9.3,16.4,Rainy
34.7,95.4,1006.4,15.5,10.2,Rainy
22.7,87.8,1013.4,6.1,4.6,Cloudy
37.8,57.9,998.9,27.2,3.4,Cloudy
38.8,39.6,1001.8,12.9,0.0,Sunny
23.2,70.8,1000.8,26.8,4.1,Cloudy
23.9,70.2,1005.0,14.3,8.5,Rainy
27.6,88.5,1000.6,34.6,15.1,Rainy
38.5,97.7,1003.8,7.6,19.5,Rainy
36.9,67.0,1013.2,2.1,6.1,Cloudy
17.6,56.7,1010.3,21.6,0.0,Sunny
24.8,46.7,997.0,33.4,1.8,Sunny
28.8,35.3,1010.9,23.4,0.0,Sunny
27.6,67.1,1006.9,4.8,6.5,Cloudy
19.8,70.0,1018.4,19.8,0.0,Cloudy
36.5,87.0,1002.2,32.0,15.7,Rainy
31.9,66.8,1013.2,2.2,0.0,Sunny
35.9,92.7,1013.3,7.5,5.4,Cloudy
36.5,74.6,1000.5,28.9,12.9,Rainy
33.7,87.9,1017.6,31.5,4.6,Cloudy
26.0,44.3,1007.3,25.3,0.0,Sunny
30.3,88.9,1012.0,34.7,10.0,Rainy
19.0,77.5,998.6,5.0,6.5,Cloudy
31.8,45.7,1001.4,20.0,0.0,Sunny
19.5,47.0,1009.7,24.6,0.0,Sunny
32.3,93.4,1003.0,25.2,18.2,Rainy
20.7,37.0,1007.5,28.2,0.0,Sunny
17.9,64.1,1004.4,32.3,10.3,Rainy
19.1,54.7,1011.0,13.9,0.0,Sunny
15.0,76.9,1007.2,3.4,2.9,Cloudy
33.0,87.9,995.1,14.0,16.6,Rainy
33.3,57.7,1011.2,24.2,0.0,Sunny
27.9,61.9,1005.6,9.0,0.0,Sunny
19.0,96.9,1003.5,28.7,20.9,Rainy
17.1,84.4,997.4,9.3,9.2,Rainy
15.5,91.5,1000.5,2.3,12.0,Rainy
19.1,62.6,1000.6,18.8,1.0,Sunny
37.3,49.7,1018.4,26.0,0.0,Sunny
21.0,60.9,1005.8,13.5,0.0,Sunny
23.9,80.1,996.1,26.7,10.5,Rainy
17.6,41.9,998.5,16.5,0.0,Sunny
20.6,52.0,997.0,7.7,0.0,Sunny
28.0,37.9,1009.7,5.0,0.0,Sunny
30.2,62.2,999.7,25.4,6.1,Cloudy
21.1,87.1,1007.5,14.7,14.6,Rainy
16.4,36.6,1004.3,32.1,0.0,Sunny
24.8,77.5,1015.1,19.8,0.0,Cloudy
20.9,93.7,1003.0,13.5,17.0,Rainy
20.5,49.9,1006.5,13.5,0.0,Sunny
39.0,78.7,1013.0,6.3,4.1,Cloudy
30.4,96.4,1005.8,21.6,17.1,Rainy
28.9,95.6,1014.8,21.2,15.8,Rainy
25.4,49.8,1011.5,28.4,0.0,Sunny
25.7,41.3,1005.3,8.6,0.0,Sunny
28.5,44.3,1007.6,11.6,0.0,Sunny
32.4,79.2,1019.2,5.2,0.0,Cloudy
32.6,80.7,1011.5,11.7,4.5,Cloudy
19.3,77.5,1017.6,16.1,0.0,Cloudy
27.5,56.2,999.5,33.8,0.9,Sunny
25.3,45.7,1007.1,23.6,0.0,Sunny
36.8,71.6,1017.7,27.8,0.0,Cloudy
30.8,65.5,1003.1,12.7,0.0,Sunny
28.3,80.9,1019.2,6.8,0.0,Cloudy
17.9,62.8,997.4,10.5,2.3,Cloudy
30.1,56.3,1017.6,10.5,0.0,Sunny
17.9,53.5,1006.1,21.2,0.0,Sunny
23.4,48.3,996.8,13.3,0.0,Sunny
18.6,51.7,1017.0,30.3,0.0,Sunny
32.3,41.0,1001.3,34.6,0.0,Sunny
20.2,56.9,995.6,13.3,6.9,Cloudy
24.8,37.3,998.4,25.3,0.0,Sunny
37.4,46.7,1011.5,23.7,0.0,Sunny
20.1,82.0,1019.4,8.4,0.0,Cloudy
27.7,55.5,997.8,32.3,5.3,Cloudy
25.5,77.1,1006.5,8.6,0.0,Cloudy
15.5,80.2,999.5,26.3,12.2,Rainy
34.8,71.6,1013.6,13.5,0.0,Cloudy
16.7,95.4,998.0,14.1,17.4,Rainy
26.9,36.4,1001.0,17.0,0.0,Sunny
29.0,81.5,999.9,30.5,19.2,Rainy
30.7,95.4,1008.8,6.6,7.6,Cloudy
32.2,89.3,1016.8,3.8,0.2,Cloudy
21.3,45.6,1007.8,15.3,0.0,Sunny
15.2,55.6,996.5,3.8,0.0,Sunny
33.1,45.9,1009.1,24.7,0.0,Sunny
28.4,72.9,1014.9,27.1,0.0,Cloudy
35.9,79.9,998.3,30.2,18.5,Rainy
35.5,55.0,996.8,26.5,3.2,Cloudy
36.1,69.0,999.7,32.2,13.6,Rainy
27.1,78.5,1013.7,26.7,0.0,Cloudy
23.3,61.5,1009.8,32.9,0.0,Sunny
34.8,88.8,1008.5,8.4,6.4,Cloudy
26.3,83.6,1001.2,18.5,13.9,Rainy
19.6,39.1,1003.3,34.8,0.0,Sunny
36.4,74.1,1019.1,24.5,0.0,Cloudy
37.1,49.8,1001.0,31.0,2.6,Cloudy
26.7,70.1,1017.5,3.0,0.0,Cloudy
16.9,95.3,1009.5,30.8,13.6,Rainy
24.7,90.4,998.1,25.0,18.4,Rainy
35.1,60.5,1006.7,7.6,0.0,Sunny
37.5,53.4,1018.7,2.8,0.0,Sunny
20.1,49.8,1005.5,10.6,0.0,Sunny
16.7,68.5,1016.6,32.2,0.0,Sunny
36.9,42.2,1001.4,24.0,0.0,Sunny
24.7,69.6,1009.3,32.3,0.1,Sunny
28.5,35.1,1016.1,16.7,0.0,Sunny
39.2,55.4,1018.0,32.9,0.0,Sunny
16.7,48.9,1007.1,17.3,0.0,Sunny
31.2,96.2,1011.0,8.7,8.3,Rainy
16.9,80.8,995.1,7.0,12.5,Rainy
24.4,57.0,1001.3,34.8,3.9,Cloudy
35.1,40.8,1002.0,13.0,0.0,Sunny
25.8,67.6,997.3,7.3,6.5,Cloudy
39.9,48.4,1002.0,2.3,0.0,Sunny
29.0,68.8,1003.0,11.4,2.0,Cloudy
23.0,87.6,1019.2,31.3,1.3,Cloudy
20.5,73.8,1011.7,19.6,0.0,Cloudy
23.8,74.9,1005.7,22.9,7.4,Cloudy
24.3,69.1,1019.7,32.4,0.0,Sunny
16.7,93.4,998.8,18.9,20.9,Rainy
24.2,93.7,1006.9,29.7,10.1,Rainy
26.6,67.3,1011.2,12.7,0.0,Sunny
33.1,54.3,996.4,34.2,4.4,Cloudy
31.4,64.0,1012.9,4.6,0.0,Sunny
32.7,46.8,997.5,25.9,0.0,Sunny
15.2,75.1,998.5,23.8,10.7,Rainy
20.4,66.5,999.0,8.3,3.6,Cloudy
31.5,41.5,1018.2,14.8,0.0,Sunny
27.1,47.5,1012.1,12.3,0.0,Sunny
15.1,65.2,1011.4,5.1,0.0,Sunny
35.1,90.9,1008.9,21.3,14.5,Rainy
34.3,70.7,1002.3,34.8,4.5,Cloudy
28.7,77.9,1010.5,20.5,0.0,Cloudy
16.7,56.4,1005.3,20.0,0.0,Sunny
34.2,71.0,998.6,3.3,0.0,Cloudy
29.6,63.2,1012.2,6.6,0.0,Sunny
34.5,76.5,998.2,18.9,8.9,Rainy
33.8,38.2,999.8,34.5,0.0,Sunny
35.1,66.1,1015.4,30.9,0.0,Sunny
28.0,53.6,1011.5,13.2,0.0,Sunny
18.5,55.5,1010.8,19.9,0.0,Sunny
31.8,95.5,1005.5,20.2,17.4,Rainy
30.5,46.5,1004.9,24.6,0.0,Sunny
33.6,54.6,1012.3,24.7,0.0,Sunny
19.2,67.1,1013.5,28.1,0.0,Sunny
19.9,89.4,1007.8,2.8,15.3,Rainy
37.3,61.3,1019.2,33.1,0.0,Sunny
33.7,81.9,1018.9,4.3,0.0,Cloudy
37.7,89.0,1005.3,17.7,16.1,Rainy
34.0,54.5,1015.5,32.3,0.0,Sunny
29.9,59.7,1008.6,18.1,0.0,Sunny
31.4,57.5,1007.8,4.1,0.0,Sunny
37.2,87.5,996.4,9.6,11.6,Rainy
29.5,37.8,1009.3,21.1,0.0,Sunny
30.8,54.4,1017.5,4.9,0.0,Sunny
18.9,77.8,1014.5,16.0,0.0,Cloudy
26.8,70.6,1014.7,12.9,0.0,Cloudy
32.9,62.5,999.0,28.9,0.4,Sunny
21.8,69.0,1004.0,5.6,4.5,Cloudy
20.1,47.4,1000.8,24.5,0.0,Sunny
22.8,62.1,1002.9,15.4,0.0,Sunny
21.0,66.6,1009.5,21.4,0.0,Sunny
20.4,91.8,1004.1,8.8,13.4,Rainy
25.6,51.4,1009.0,22.1,0.0,Sunny
37.7,89.7,1006.0,24.2,16.9,Rainy
27.7,75.6,1002.2,4.3,10.4,Rainy
19.7,36.3,997.4,29.2,1.4,Sunny
16.9,80.7,1017.3,30.4,2.2,Cloudy
32.4,37.2,995.3,4.1,0.0,Sunny
24.6,97.8,995.0,21.9,21.9,Rainy
35.5,90.0,1015.7,21.6,3.6,Cloudy
31.5,53.7,1019.9,2.4,0.0,Sunny
34.9,51.2,1013.2,13.3,0.0,Sunny
21.8,59.0,995.4,34.0,12.1,Rainy
32.3,57.4,1000.7,20.3,0.8,Sunny
21.6,58.5,1019.3,32.8,0.0,Sunny
38.5,55.1,1015.2,24.3,0.0,Sunny
30.9,74.1,1009.2,2.9,5.9,Cloudy
23.1,45.3,1000.9,4.6,0.0,Sunny
21.7,88.3,995.4,25.8,22.1,Rainy
19.8,86.2,995.5,20.3,15.7,Rainy
32.4,65.0,1010.3,6.2,0.0,Sunny
20.5,88.7,995.5,22.3,20.3,Rainy
29.9,50.6,1019.8,28.7,0.0,Sunny
21.6,36.1,999.6,26.8,0.0,Sunny
31.5,74.0,1012.8,10.1,0.0,Cloudy
35.4,63.8,998.9,10.5,0.0,Sunny
34.5,70.7,1008.5,33.9,2.9,Cloudy
34.0,91.7,997.0,31.3,15.0,Rainy
19.7,96.1,1014.2,12.5,6.2,Cloudy
17.2,75.0,1009.6,29.2,3.5,Cloudy
32.5,83.1,997.2,7.3,3.3,Cloudy
24.2,40.3,1016.2,8.5,0.0,Sunny
25.8,45.1,1008.7,8.0,0.0,Sunny
15.8,81.2,1018.0,4.9,0.0,Cloudy
21.5,62.2,1017.9,30.2,0.0,Sunny
15.8,63.1,1018.0,21.1,0.0,Sunny
37.0,54.4,996.9,10.5,0.0,Sunny
21.1,73.3,998.0,30.0,1.1,Cloudy
28.9,46.7,1019.7,28.5,0.0,Sunny
16.0,74.5,1007.2,5.3,0.0,Cloudy
31.7,45.9,1001.0,23.3,0.0,Sunny
23.1,39.0,1014.2,25.8,0.0,Sunny
37.4,55.8,1001.6,25.6,0.0,Sunny
37.2,49.6,1013.2,25.9,0.0,Sunny
23.1,91.0,1015.9,7.6,1.4,Cloudy
37.5,38.5,1014.6,12.4,0.0,Sunny
39.9,46.1,1001.9,29.9,0.0,Sunny
35.6,69.6,1005.0,31.6,5.4,Cloudy
36.1,65.3,1005.3,11.2,0.0,Sunny
21.2,37.9,1007.3,2.8,0.0,Sunny
29.4,35.5,999.2,30.4,0.0,Sunny
16.7,97.2,1006.3,14.4,7.1,Cloudy
17.4,76.5,1007.8,12.9,0.0,Cloudy
40.0,58.0,1008.3,13.5,0.0,Sunny
23.2,64.6,1015.5,15.7,0.0,Sunny
33.7,51.8,1007.9,14.5,0.0,Sunny
35.2,56.7,1000.8,20.7,1.4,Sunny
36.5,75.9,1011.6,4.6,2.3,Cloudy
39.9,90.6,1014.9,34.1,8.7,Rainy
21.0,46.6,1003.0,32.9,0.0,Sunny
16.0,87.9,1011.1,32.8,6.4,Cloudy
25.3,42.7,998.7,31.0,5.0,Cloudy
18.3,48.5,1003.5,23.8,0.0,Sunny
15.6,37.3,1017.7,9.3,0.0,Sunny
24.0,43.9,1017.8,3.6,0.0,Sunny
34.6,92.8,1009.4,5.3,5.0,Cloudy
29.2,63.9,1012.6,12.7,0.0,Sunny
22.8,39.9,1016.4,18.6,0.0,Sunny
31.4,95.5,1019.0,34.8,5.8,Cloudy
20.8,90.4,1007.2,16.4,11.7,Rainy
15.4,82.5,1009.0,19.3,2.4,Cloudy
34.1,93.8,1005.4,24.9,9.6,Rainy
30.6,48.9,996.8,8.0,0.0,Sunny
34.1,87.7,1005.6,32.8,10.6,Rainy
16.0,78.5,1014.8,19.5,0.0,Cloudy
35.9,89.8,1015.1,11.1,0.0,Cloudy
30.5,85.2,1017.3,32.9,7.3,Cloudy
29.1,56.8,996.3,22.6,5.9,Cloudy
30.6,83.8,1008.2,18.0,9.8,Rainy
36.6,51.5,997.7,21.1,1.8,Sunny
29.7,55.7,1000.0,26.7,0.0,Sunny
29.5,41.8,1017.5,7.1,0.0,Sunny
39.8,93.9,1007.4,30.5,11.5,Rainy
33.9,53.3,1014.0,33.7,0.0,Sunny
26.1,67.8,996.6,20.7,10.3,Rainy
32.7,59.7,1005.4,24.5,5.7,Cloudy
24.7,95.5,1011.9,30.4,17.5,Rainy
20.7,56.1,998.3,14.4,3.4,Cloudy
29.9,84.0,1003.1,34.8,13.0,Rainy
38.2,88.9,996.6,24.5,17.5,Rainy
38.2,62.4,1011.3,16.0,0.0,Sunny
23.5,58.8,1019.3,24.4,0.0,Sunny
28.2,82.1,1015.7,19.2,4.8,Cloudy
20.3,92.5,1019.4,5.7,8.5,Rainy
39.9,82.6,1016.1,28.3,0.0,Cloudy
39.5,49.3,1016.4,20.6,0.0,Sunny
31.2,91.0,1009.4,28.3,8.8,Rainy
35.1,59.4,1008.0,7.1,0.0,Sunny
32.9,71.3,1005.2,19.8,12.0,Rainy
29.8,87.4,1015.5,27.3,10.1,Rainy
16.3,46.9,999.6,34.6,4.0,Cloudy
26.4,84.4,996.4,31.2,14.1,Rainy
31.9,72.6,1018.7,30.5,0.0,Cloudy
31.9,91.3,995.1,10.2,13.0,Rainy
24.3,45.8,1019.4,29.7,0.0,Sunny
38.5,61.5,1013.2,7.6,0.0,Sunny
19.2,87.5,1003.2,8.5,17.2,Rainy
27.5,36.2,1012.4,5.6,0.0,Sunny
32.3,42.1,1015.4,30.3,0.0,Sunny
32.4,97.4,1001.1,5.6,11.9,Rainy
31.2,52.7,1014.3,6.6,0.0,Sunny
21.9,96.5,1015.1,10.1,7.5,Cloudy
18.9,46.5,1001.2,20.9,0.0,Sunny
30.9,57.7,996.0,31.0,9.4,Rainy
30.0,82.4,1000.1,15.8,10.0,Rainy
19.5,76.4,1000.0,20.0,13.1,Rainy
32.6,71.6,996.6,7.5,8.0,Rainy
26.4,68.4,1013.2,10.8,0.0,Sunny
31.7,88.1,1004.5,6.4,6.9,Cloudy
35.9,49.8,1017.1,15.5,0.0,Sunny
19.2,62.9,1001.3,21.5,5.5,Cloudy
15.5,44.8,1006.3,11.4,0.0,Sunny
34.5,72.5,1011.0,29.9,0.0,Cloudy
30.2,50.8,1016.9,34.4,0.0,Sunny
32.5,56.0,1008.1,6.0,0.0,Sunny
36.0,64.7,1004.3,2.6,4.3,Cloudy
35.1,36.7,1016.7,28.1,0.0,Sunny
39.0,40.8,1002.8,8.3,0.0,Sunny
28.4,78.2,997.0,13.7,9.5,Rainy
27.2,62.0,1006.1,15.0,0.0,Sunny
25.0,89.5,1014.6,32.2,5.1,Cloudy
18.8,78.8,995.8,23.7,16.3,Rainy
29.3,35.5,1009.6,3.3,0.0,Sunny
21.9,73.9,1009.9,2.5,4.0,Cloudy
38.0,40.9,1018.2,8.6,0.0,Sunny
29.6,84.2,1002.2,12.5,8.5,Rainy
29.8,97.5,1002.0,18.0,15.8,Rainy
23.9,68.5,1006.0,29.6,0.0,Sunny
16.3,78.0,1003.9,12.4,1.7,Cloudy
15.8,50.0,1013.4,14.4,0.0,Sunny
25.6,62.6,1011.0,12.9,0.0,Sunny
17.1,88.9,1014.0,2.3,4.8,Cloudy
30.2,45.5,1015.5,33.5,0.0,Sunny
37.0,51.7,1018.1,6.6,0.0,Sunny
37.1,63.1,1005.8,11.5,0.0,Sunny
31.5,79.9,1019.6,6.3,0.0,Cloudy
20.3,58.7,1000.4,18.2,3.9,Cloudy
36.6,93.4,1012.9,32.8,5.0,Cloudy
37.2,41.0,1008.4,5.3,0.0,Sunny
19.9,58.4,1015.4,16.5,0.0,Sunny
33.4,79.7,1006.9,2.7,0.0,Cloudy
22.2,49.2,1014.6,27.4,0.0,Sunny
35.1,76.4,1018.3,23.2,0.0,Cloudy
39.9,45.3,1013.3,25.1,0.0,Sunny
15.8,38.5,1014.4,17.6,0.0,Sunny
37.4,42.6,996.7,32.0,1.2,Sunny
30.6,93.6,1000.1,15.5,23.0,Rainy
39.3,69.8,1019.4,19.0,0.0,Sunny
26.6,85.2,1012.3,24.9,6.7,Cloudy
36.2,56.0,1009.0,19.2,0.0,Sunny
16.6,72.3,1004.2,8.2,2.3,Cloudy
23.4,66.2,996.1,12.5,15.0,Rainy
16.7,94.6,1004.2,5.0,13.7,Rainy
39.4,82.1,1007.5,16.3,7.8,Cloudy
35.4,81.0,1000.3,22.1,7.3,Cloudy
36.3,37.9,999.3,5.9,0.0,Sunny
38.4,69.6,1007.7,22.8,4.3,Cloudy
17.1,64.4,1009.6,31.5,3.7,Cloudy
24.6,93.5,1001.0,13.1,18.2,Rainy
16.8,51.2,1009.7,9.3,0.0,Sunny
20.3,52.0,1017.5,31.5,0.0,Sunny
20.7,60.9,1006.8,24.8,0.0,Sunny
26.7,50.3,1016.4,5.5,0.0,Sunny
21.7,43.1,1018.2,15.5,0.0,Sunny
17.5,89.0,997.3,24.2,22.2,Rainy
19.2,70.2,997.4,21.0,11.9,Rainy
18.7,89.3,1006.9,22.4,19.1,Rainy
39.3,87.4,1009.7,20.7,0.0,Cloudy
34.0,52.8,1005.6,28.3,0.0,Sunny
39.2,69.5,1003.2,12.6,3.2,Cloudy
26.0,40.2,1011.0,25.4,0.0,Sunny
22.0,92.7,995.1,34.7,18.9,Rainy
35.0,60.5,1019.2,14.9,0.0,Sunny
23.2,59.8,1000.8,28.1,1.6,Sunny
22.5,54.1,1017.9,10.1,0.0,Sunny
20.8,64.0,997.7,11.3,7.5,Cloudy
18.2,50.9,1001.0,32.9,0.0,Sunny
21.4,58.6,1000.9,2.9,0.0,Sunny
23.9,85.4,1019.9,9.2,3.6,Cloudy
31.8,87.6,995.1,17.9,11.8,Rainy
16.6,54.2,1011.0,15.3,0.0,Sunny
20.3,64.5,1016.7,22.8,0.0,Sunny
35.2,90.1,1011.8,8.4,5.9,Cloudy
18.7,38.3,1004.1,4.3,0.0,Sunny
23.6,91.0,1019.0,14.2,0.0,Cloudy
36.6,48.8,1017.3,19.3,0.0,Sunny
18.9,77.7,1005.8,20.5,9.0,Rainy
17.1,71.7,1009.3,21.8,0.0,Cloudy
27.1,69.8,1019.2,20.1,0.0,Sunny
22.6,89.1,1019.6,10.1,2.0,Cloudy
29.1,41.4,1006.2,27.2,0.0,Sunny
35.1,56.9,1016.2,4.9,0.0,Sunny
18.4,68.9,1002.5,8.5,4.9,Cloudy
29.5,86.1,1004.3,26.4,7.3,Cloudy
27.6,48.6,999.1,11.2,0.0,Sunny
18.6,85.6,1000.2,18.3,13.6,Rainy
30.6,60.2,1011.4,12.8,0.0,Sunny
21.8,46.9,1007.8,18.7,0.0,Sunny
27.2,82.8,1000.8,13.4,6.4,Cloudy
17.1,40.7,1005.1,34.8,0.0,Sunny
26.5,67.4,1004.3,13.8,8.7,Rainy
22.7,39.0,1019.7,22.7,0.0,Sunny
35.6,57.5,1016.3,31.3,0.0,Sunny
16.4,72.9,1004.7,23.1,0.0,Cloudy
25.5,70.0,1017.8,20.7,0.0,Cloudy
26.5,60.5,1003.6,20.8,2.9,Cloudy
33.1,62.0,1011.7,18.4,0.0,Sunny
29.4,49.3,1019.2,28.7,0.0,Sunny
31.7,63.7,1004.8,3.7,0.0,Sunny
34.4,95.1,1012.0,31.2,11.1,Rainy
36.6,88.6,1002.4,21.3,9.6,Rainy
22.8,44.1,1001.7,30.0,0.0,Sunny
28.5,36.9,1009.4,2.3,0.0,Sunny
36.0,93.8,1019.5,30.7,0.0,Cloudy
39.7,68.2,1006.3,6.0,0.0,Sunny
37.2,68.9,1018.4,25.8,0.0,Sunny
24.3,84.2,1017.9,15.7,0.0,Cloudy
19.9,54.8,1001.3,24.5,0.0,Sunny
27.2,65.4,1005.0,22.7,0.0,Sunny
33.5,96.0,1011.1,7.4,5.5,Cloudy
27.3,77.3,1008.0,19.0,9.9,Rainy
27.1,44.7,997.4,11.1,0.0,Sunny
36.0,43.4,1019.8,20.5,0.0,Sunny
24.0,47.9,1013.8,26.4,0.0,Sunny
36.5,83.3,1005.9,4.7,11.2,Rainy
25.2,53.6,1010.5,19.0,0.0,Sunny
23.2,36.3,997.2,22.4,0.0,Sunny
26.3,94.5,1007.4,11.7,15.8,Rainy
34.1,45.7,1018.3,33.4,0.0,Sunny
18.2,35.6,1017.4,19.2,0.0,Sunny
19.9,49.9,1003.4,8.0,0.0,Sunny
38.8,49.8,1008.3,5.6,0.0,Sunny
19.4,61.6,1012.4,19.9,0.0,Sunny
29.2,93.0,1003.5,14.4,11.5,Rainy
29.5,90.4,996.6,8.4,13.6,Rainy
27.2,63.8,1007.6,3.0,0.2,Sunny
31.1,60.9,1010.0,20.7,0.0,Sunny
20.7,70.0,995.1,21.8,18.9,Rainy
28.8,50.3,997.4,6.7,0.0,Sunny
24.3,38.3,1000.2,21.9,0.0,Sunny
31.5,94.2,1003.7,33.4,21.6,Rainy
18.5,46.8,1008.5,34.3,0.0,Sunny
29.3,47.5,1002.3,31.3,2.0,Cloudy
19.6,64.8,1001.9,28.6,0.0,Sunny
22.0,66.0,1016.7,8.9,0.0,Sunny
20.5,36.2,998.6,7.2,0.0,Sunny
19.6,44.3,1007.4,16.7,0.0,Sunny
35.6,58.8,1018.8,22.4,0.0,Sunny
22.1,78.1,1010.6,30.1,12.2,Rainy
38.2,49.4,1012.9,9.7,0.0,Sunny
39.2,61.6,1005.8,17.8,0.0,Sunny
29.3,70.1,995.5,23.4,12.6,Rainy
18.6,91.0,1011.2,16.7,5.5,Cloudy
24.4,55.5,1010.8,17.0,0.0,Sunny
34.9,43.4,997.8,9.4,0.0,Sunny
24.2,65.8,1006.6,34.6,0.0,Sunny
17.2,82.0,1017.9,17.7,0.0,Cloudy
28.9,41.9,1000.1,19.6,0.0,Sunny
36.1,61.8,1006.5,9.2,0.0,Sunny
34.9,36.1,1006.5,19.0,0.0,Sunny
19.4,37.1,1015.3,10.4,0.0,Sunny
31.8,65.4,1015.6,8.7,0.0,Sunny
20.5,53.8,1014.0,11.1,0.0,Sunny
20.5,88.2,1004.1,2.1,7.6,Cloudy
36.9,72.9,996.8,20.8,9.6,Rainy
21.2,63.6,1003.7,14.8,6.4,Cloudy
21.6,60.7,1012.0,31.7,0.0,Sunny
15.0,66.3,1012.6,3.3,0.0,Sunny
36.8,37.5,1019.1,3.4,0.0,Sunny
34.8,91.2,1006.3,31.2,11.0,Rainy
30.7,97.9,1010.8,6.2,1.1,Cloudy
33.8,46.4,1008.5,2.1,0.0,Sunny
18.8,42.6,998.8,7.9,0.0,Sunny
26.5,44.0,1006.5,29.2,0.0,Sunny
23.8,76.6,1008.6,28.5,0.7,Cloudy
17.3,76.7,1018.8,13.2,1.7,Cloudy
27.2,88.4,1004.2,24.0,11.6,Rainy
38.0,82.4,1019.5,18.7,0.0,Cloudy
16.0,63.3,1008.6,31.9,1.7,Sunny
22.3,73.6,1001.1,3.9,1.2,Cloudy
20.2,78.4,999.8,28.8,14.3,Rainy
21.0,67.3,998.5,7.6,2.8,Cloudy
37.7,65.0,1006.3,14.9,0.0,Sunny
26.7,75.6,995.5,8.3,10.4,Rainy
26.7,70.1,1006.1,25.2,0.0,Cloudy
34.0,75.6,1019.7,24.4,0.0,Cloudy
18.9,73.6,1011.8,20.1,1.5,Cloudy
27.2,80.3,1014.0,25.0,0.0,Cloudy
25.7,75.5,998.0,23.1,15.5,Rainy
29.9,67.7,1006.8,27.6,5.4,Cloudy
40.0,78.0,1002.2,9.9,0.0,Cloudy
34.2,63.3,1017.4,16.2,0.0,Sunny
24.9,50.2,999.5,7.0,0.0,Sunny
35.7,35.1,1006.5,16.2,0.0,Sunny
19.3,70.3,1009.7,25.2,3.4,Cloudy
15.8,72.2,1007.9,24.8,0.0,Cloudy
20.1,96.2,1015.8,25.4,15.7,Rainy
23.5,57.8,1000.8,12.2,0.0,Sunny
27.8,59.8,1004.4,23.9,0.7,Sunny
30.4,47.7,1014.8,14.1,0.0,Sunny
37.8,39.4,1008.2,33.2,0.0,Sunny
27.7,83.7,1005.1,13.3,8.9,Rainy
27.5,50.7,995.7,21.9,3.1,Cloudy
16.3,73.4,1013.8,26.8,0.0,Cloudy
15.9,78.3,1019.3,31.9,0.0,Cloudy
28.8,64.7,1010.5,16.5,0.0,Sunny
26.0,90.2,1016.4,13.9,3.6,Cloudy
36.0,63.0,1007.9,16.2,0.0,Sunny
19.0,52.9,1000.8,12.7,0.0,Sunny
15.6,91.4,995.4,23.6,20.8,Rainy
26.2,89.3,1011.3,32.8,10.0,Rainy
20.9,45.3,1007.3,6.2,0.0,Sunny
16.2,36.6,1014.6,20.5,0.0,Sunny
33.1,40.7,1012.4,31.6,0.0,Sunny
17.8,53.1,1019.7,5.3,0.0,Sunny
30.2,96.3,1007.8,18.3,21.2,Rainy
22.0,70.2,1005.7,30.6,3.6,Cloudy
19.3,58.5,1002.2,31.7,0.0,Sunny
24.5,91.0,1006.9,19.0,8.2,Rainy
35.0,63.5,1016.8,2.8,0.0,Sunny
24.8,54.9,996.1,5.5,6.0,Cloudy
33.8,94.3,1019.4,21.4,8.7,Rainy
18.1,88.5,1019.8,6.1,2.1,Cloudy
34.3,88.2,1009.9,6.9,8.3,Rainy
20.9,67.3,1003.3,27.5,9.4,Rainy
31.9,84.7,1000.6,26.8,13.0,Rainy
29.1,46.3,1001.9,29.8,0.0,Sunny
38.2,71.1,996.3,5.5,4.5,Cloudy
24.7,97.0,1006.9,8.5,11.8,Rainy
16.7,53.3,996.4,29.5,5.0,Cloudy
15.5,85.0,1013.0,25.8,0.0,Cloudy
35.7,65.9,1004.3,28.6,0.8,Sunny
28.1,37.5,1000.0,34.7,0.0,Sunny
34.4,83.1,1008.6,30.5,7.9,Cloudy
20.9,45.6,1019.3,19.2,0.0,Sunny
23.6,74.8,1012.4,12.3,1.5,Cloudy
15.8,40.4,1007.3,20.8,0.0,Sunny
39.0,94.7,1014.4,23.1,3.4,Cloudy
31.7,53.4,1013.4,13.1,0.0,Sunny
38.3,49.3,1017.3,27.4,0.0,Sunny
21.6,43.1,1000.1,5.1,0.0,Sunny
30.3,94.6,1016.5,27.7,7.2,Cloudy
32.0,79.8,1002.5,3.1,10.3,Rainy
22.9,81.7,1018.5,18.4,0.0,Cloudy
36.2,66.5,1002.0,30.4,7.5,Cloudy
38.7,64.9,1018.2,4.9,0.0,Sunny
37.1,41.9,1019.1,19.1,0.0,Sunny
33.5,70.3,998.6,7.3,8.1,Rainy
21.9,50.6,1019.4,31.5,0.0,Sunny
22.0,96.6,997.1,29.5,23.8,Rainy
39.1,85.2,1000.5,32.8,14.9,Rainy
15.3,61.0,1006.1,30.9,0.0,Sunny
32.9,44.5,1019.8,26.3,0.0,Sunny
32.7,84.5,1007.2,8.1,7.0,Cloudy
30.6,42.7,1008.8,12.0,0.0,Sunny
39.8,46.9,1012.4,18.4,0.0,Sunny
22.8,48.3,1019.2,21.4,0.0,Sunny
23.5,70.1,1014.6,27.8,0.0,Cloudy
17.0,84.6,1000.6,9.5,10.4,Rainy
26.1,54.8,1002.6,6.2,0.0,Sunny
21.5,40.3,997.4,17.9,2.3,Cloudy
23.6,64.3,1011.1,7.2,0.0,Sunny
35.9,82.1,999.5,24.9,6.8,Cloudy
38.4,49.0,1001.4,21.0,0.0,Sunny
19.6,48.9,1017.2,26.5,0.0,Sunny
24.3,94.7,1003.2,4.1,10.6,Rainy
38.2,95.1,1009.2,33.8,18.2,Rainy
16.5,97.4,1004.9,2.0,13.7,Rainy
17.3,85.9,996.9,12.7,17.6,Rainy
19.1,46.9,1004.1,24.4,1.6,Sunny
29.9,48.4,1005.2,3.5,0.0,Sunny
18.8,56.4,1017.4,4.8,0.0,Sunny
39.2,55.0,1003.1,4.5,0.0,Sunny
26.2,95.3,1004.5,21.2,11.4,Rainy
27.5,84.7,1014.6,31.6,4.5,Cloudy
21.2,80.6,1014.0,20.3,8.6,Rainy
26.8,46.7,1015.0,21.9,0.0,Sunny
31.5,92.3,1018.8,13.4,0.0,Cloudy
33.8,87.2,1014.9,2.6,0.0,Cloudy
33.8,45.3,1005.2,2.7,0.0,Sunny
29.4,89.9,1015.5,31.3,6.5,Cloudy
37.6,52.2,1007.7,5.4,0.0,Sunny
35.4,40.1,1001.9,35.0,0.0,Sunny
33.9,76.4,1002.6,7.4,3.0,Cloudy
16.4,76.2,1000.6,24.3,4.4,Cloudy
15.2,41.0,998.6,33.3,0.0,Sunny
20.3,55.1,999.6,14.0,0.0,Sunny
31.6,97.5,996.6,26.2,18.8,Rainy
25.3,77.7,1017.2,13.6,0.0,Cloudy
25.1,81.0,1018.3,12.1,0.0,Cloudy
37.1,48.4,1009.7,8.7,0.0,Sunny
37.4,40.0,1016.0,29.1,0.0,Sunny
37.7,52.4,999.6,10.5,3.4,Cloudy
22.8,50.7,1017.5,11.3,0.0,Sunny
32.3,49.8,1007.7,35.0,0.0,Sunny
21.8,47.1,996.7,12.8,0.0,Sunny
19.8,71.2,998.5,16.0,4.2,Cloudy
19.6,55.7,1002.7,34.7,0.0,Sunny
23.6,86.7,996.1,14.2,14.2,Rainy
25.7,46.6,1002.7,14.1,0.0,Sunny
35.8,64.3,996.5,29.3,7.6,Cloudy
18.0,35.9,1000.9,12.3,0.0,Sunny
33.4,65.3,1001.6,9.7,2.5,Cloudy
28.3,38.5,1019.9,16.0,0.0,Sunny
22.2,96.6,1000.9,25.1,26.3,Rainy
27.3,84.8,1001.0,3.4,10.5,Rainy
22.5,65.9,1012.2,14.3,0.0,Sunny
29.9,40.5,1016.5,13.4,0.0,Sunny
25.8,72.3,1004.7,10.1,0.0,Cloudy
19.1,82.8,1016.9,23.6,0.0,Cloudy
17.9,47.0,1003.5,11.6,0.0,Sunny
28.7,70.8,999.9,22.0,11.8,Rainy
37.6,86.3,1003.2,18.6,16.6,Rainy
23.6,83.4,1010.2,9.2,0.0,Cloudy
33.3,85.6,1004.2,10.8,12.2,Rainy
31.5,90.4,1011.8,7.6,0.0,Cloudy
38.3,94.1,1000.9,3.9,16.4,Rainy
35.5,60.5,1012.5,22.4,0.0,Sunny
29.2,70.8,1003.7,24.2,0.0,Cloudy
31.4,84.8,1006.4,7.5,11.1,Rainy
37.5,78.9,1008.9,22.3,11.9,Rainy
25.0,97.7,1012.2,34.4,12.6,Rainy
23.2,35.9,1001.0,4.5,0.0,Sunny
15.3,57.4,1015.9,18.2,0.0,Sunny
35.7,52.7,1013.0,26.2,0.0,Sunny
35.0,51.5,1000.9,3.5,0.0,Sunny
17.6,49.0,1019.4,27.7,0.0,Sunny
29.4,79.7,1011.6,34.3,5.3,Cloudy
26.6,40.3,1006.3,4.9,0.0,Sunny
18.0,81.7,998.9,29.1,12.0,Rainy
39.5,78.7,1008.3,14.5,2.9,Cloudy
20.4,50.8,999.1,6.8,0.0,Sunny
16.7,50.9,1005.7,18.3,0.0,Sunny
29.9,74.6,1005.2,4.4,0.0,Cloudy
33.5,83.0,1013.0,19.2,0.4,Cloudy
15.8,90.2,999.8,2.6,5.4,Cloudy
31.5,88.7,1015.5,26.0,4.4,Cloudy
28.3,95.8,1003.2,18.1,8.1,Rainy
17.6,71.6,1006.1,17.1,5.8,Cloudy
19.3,92.2,1014.3,8.5,2.8,Cloudy
29.2,85.9,1010.6,13.9,5.1,Cloudy
22.4,91.4,1002.7,8.0,11.2,Rainy
38.5,35.7,1004.7,26.3,0.0,Sunny
35.5,95.9,1002.6,8.6,20.0,Rainy
39.6,64.8,1009.9,22.4,0.0,Sunny
21.5,85.3,1003.3,11.2,3.6,Cloudy
39.2,43.0,1013.1,23.7,0.0,Sunny
25.8,59.9,1009.5,19.8,0.0,Sunny
23.7,52.1,998.6,16.0,0.6,Sunny
16.3,53.4,1002.8,24.2,0.9,Sunny
16.3,42.8,1000.5,15.7,0.0,Sunny
32.3,85.8,1004.8,29.1,14.3,Rainy
26.4,35.6,1007.9,26.1,0.0,Sunny
20.7,54.7,1007.7,19.8,0.0,Sunny
30.3,46.0,1013.9,30.9,0.0,Sunny
21.3,72.1,999.7,29.4,9.9,Rainy
29.4,51.0,1018.7,19.6,0.0,Sunny
24.0,51.3,1003.6,4.3,0.0,Sunny
35.6,65.8,1002.5,20.7,0.0,Sunny
35.5,76.1,1012.1,13.7,3.1,Cloudy
26.9,42.6,1015.1,19.8,0.0,Sunny
23.8,46.1,1004.5,23.4,0.0,Sunny
24.1,50.6,1013.7,23.3,0.0,Sunny
35.1,96.3,1017.1,24.2,12.5,Rainy
23.2,60.0,1014.2,24.4,0.0,Sunny
20.2,72.7,995.9,5.6,14.6,Rainy
17.1,50.2,1015.7,8.3,0.0,Sunny
26.7,65.9,1014.4,22.8,0.0,Sunny
27.1,39.7,1011.7,15.5,0.0,Sunny
36.0,37.2,1014.0,27.2,0.0,Sunny
20.5,64.5,1019.5,6.1,0.0,Sunny
24.5,60.1,1005.8,8.3,0.0,Sunny
35.2,43.6,996.7,20.4,0.0,Sunny
35.6,78.3,1006.5,18.5,1.3,Cloudy
24.6,97.6,996.2,10.8,16.0,Rainy
26.5,59.9,1002.4,15.5,1.7,Sunny
22.6,74.3,1009.7,3.2,0.0,Cloudy
38.3,95.7,1002.7,3.2,12.2,Rainy
18.0,87.4,1012.1,5.1,1.7,Cloudy
38.3,64.2,1015.5,21.0,0.0,Sunny
32.1,81.5,1005.5,30.5,9.9,Rainy
28.3,43.1,1017.5,10.6,0.0,Sunny
15.8,67.3,997.0,3.1,2.7,Cloudy
26.9,52.6,1016.0,25.4,0.0,Sunny
25.2,45.2,1015.7,30.2,0.0,Sunny
19.0,61.9,1003.0,6.6,0.4,Sunny
31.4,43.3,1002.5,14.7,0.0,Sunny
39.3,79.0,1002.6,7.2,10.1,Rainy
29.1,63.7,1015.3,5.5,0.0,Sunny
32.9,68.5,1015.8,23.4,0.0,Sunny
16.7,44.2,1003.2,33.9,2.7,Cloudy
25.4,43.8,1009.8,24.4,0.0,Sunny
17.9,71.8,998.5,34.5,16.1,Rainy
30.3,97.1,1006.7,16.3,16.8,Rainy
38.5,41.1,1020.0,31.6,0.0,Sunny
31.5,53.0,999.0,8.8,0.0,Sunny
16.9,89.8,1018.7,5.9,2.5,Cloudy
23.9,39.6,1015.6,25.2,0.0,Sunny
28.8,90.2,1019.3,14.3,2.2,Cloudy
25.1,68.0,999.5,12.5,5.8,Cloudy
35.8,60.7,1000.3,24.2,3.1,Cloudy
35.4,54.5,995.4,13.0,2.5,Cloudy
30.3,53.7,1013.1,20.9,0.0,Sunny
24.3,54.3,1011.1,11.9,0.0,Sunny
21.4,90.7,999.5,27.9,11.8,Rainy
17.6,80.6,1014.8,12.3,0.0,Cloudy
23.9,77.2,1002.5,19.7,5.9,Cloudy
25.3,85.3,998.4,2.8,9.6,Rainy
31.9,51.2,1005.6,28.1,0.0,Sunny
31.5,73.9,997.3,22.5,11.9,Rainy
16.8,64.0,1001.6,8.3,0.0,Sunny
24.9,84.3,1004.3,9.1,6.9,Cloudy
19.5,54.5,1016.3,10.7,0.0,Sunny
18.9,75.5,1014.8,21.0,0.0,Cloudy
35.7,90.6,1006.1,20.1,16.4,Rainy
16.0,60.3,1013.1,11.0,0.0,Sunny
25.5,39.2,1009.2,24.9,0.0,Sunny
19.2,67.5,1003.5,31.3,3.7,Cloudy
37.0,56.8,1013.1,3.4,0.0,Sunny
28.9,77.4,1012.1,15.8,0.0,Cloudy
20.8,94.9,1010.5,21.6,9.7,Rainy
27.6,65.6,1010.4,21.4,0.0,Sunny
33.3,64.4,1012.1,2.6,0.0,Sunny
39.0,76.2,1004.6,8.9,7.8,Cloudy
20.5,41.5,1016.7,4.0,0.0,Sunny
37.2,51.0,999.1,20.8,5.9,Cloudy
38.4,92.9,1017.1,23.3,7.3,Cloudy
37.9,77.2,1003.6,7.3,7.0,Cloudy
30.9,35.8,998.1,13.0,0.0,Sunny
30.7,47.9,1010.0,12.9,0.0,Sunny
25.1,78.0,1004.4,29.1,5.1,Cloudy
33.8,83.2,1015.4,8.4,0.0,Cloudy
28.3,87.9,1005.8,20.1,10.6,Rainy
31.9,53.4,1011.7,27.8,0.0,Sunny
25.7,93.7,1002.7,29.4,14.3,Rainy
33.3,69.8,1000.2,24.0,7.5,Cloudy
35.6,78.9,1004.7,11.9,6.7,Cloudy
18.7,72.6,1010.2,29.2,2.7,Cloudy
35.8,42.7,1011.4,26.5,0.0,Sunny
28.5,95.7,1009.5,25.2,6.9,Cloudy
36.1,42.7,1019.7,4.2,0.0,Sunny
25.8,51.1,1012.3,3.4,0.0,Sunny
24.5,86.3,1018.3,24.9,0.0,Cloudy
37.9,74.0,997.9,33.2,7.3,Cloudy
21.3,87.8,996.5,27.5,18.2,Rainy
36.1,67.5,1002.8,29.4,9.5,Rainy
27.1,58.8,998.4,20.0,5.8,Cloudy
27.9,93.1,1008.1,12.1,12.2,Rainy
22.7,37.3,1008.0,24.4,0.0,Sunny
29.3,88.9,1009.4,25.5,5.9,Cloudy
23.1,49.5,1013.6,24.3,0.0,Sunny
16.0,88.5,1019.3,33.2,6.1,Cloudy
21.8,43.8,1017.0,14.1,0.0,Sunny
15.2,71.6,998.0,3.3,4.7,Cloudy
39.5,91.0,1003.5,32.0,23.0,Rainy
39.1,64.8,1001.4,7.3,2.0,Cloudy
24.9,82.0,999.4,25.0,20.4,Rainy
33.2,85.7,1008.6,30.8,2.2,Cloudy
23.6,81.4,1008.8,12.2,2.1,Cloudy
31.8,93.3,1000.7,29.4,19.8,Rainy
35.1,63.2,1012.8,13.0,0.0,Sunny
38.7,45.9,1013.3,28.2,0.0,Sunny
25.0,38.0,995.5,4.3,0.0,Sunny
34.6,50.5,1004.9,23.6,5.0,Cloudy
21.6,44.0,1017.3,24.3,0.0,Sunny
39.8,70.2,1008.0,18.2,3.4,Cloudy
15.6,46.7,1003.7,24.7,0.0,Sunny
30.1,37.5,1001.3,32.5,0.0,Sunny
31.5,37.3,1001.1,26.2,0.0,Sunny
32.2,87.4,997.5,33.7,22.9,Rainy
18.0,72.3,1015.4,16.8,0.9,Cloudy
38.5,57.6,997.2,19.4,4.7,Cloudy
19.5,91.3,1002.3,10.7,13.7,Rainy
30.6,39.4,996.1,34.5,0.0,Sunny
20.6,96.8,1014.5,3.8,0.0,Cloudy
22.7,73.8,996.0,13.8,10.7,Rainy
28.7,46.6,1002.7,11.8,0.0,Sunny
25.4,77.8,1009.3,14.8,8.3,Rainy
19.0,83.1,1005.2,32.3,7.3,Cloudy
19.3,62.0,1002.1,14.1,0.0,Sunny
25.5,89.3,1001.9,32.3,19.7,Rainy
33.9,44.5,1014.9,16.0,0.0,Sunny
37.4,52.6,1019.3,30.2,0.0,Sunny
17.1,40.9,1003.7,19.2,0.0,Sunny
24.8,48.3,996.0,12.3,0.0,Sunny
17.5,50.0,995.9,16.8,5.5,Cloudy
15.4,92.8,1014.0,16.0,10.1,Rainy
31.5,39.9,1008.8,10.6,0.0,Sunny
30.1,61.9,1014.6,11.6,0.0,Sunny
19.1,68.5,1012.4,8.2,0.0,Sunny
20.8,91.6,1017.7,13.1,7.3,Cloudy
15.6,97.9,1017.1,22.6,13.1,Rainy
35.9,82.5,1014.7,14.8,0.3,Cloudy
39.4,96.2,1006.9,25.5,16.9,Rainy
18.4,84.6,1002.7,34.6,12.0,Rainy
20.8,95.7,1007.7,14.4,15.9,Rainy
36.7,79.6,1007.6,17.3,5.8,Cloudy
38.2,40.0,1010.3,7.4,0.0,Sunny
25.5,60.3,999.7,14.9,8.0,Rainy
16.3,75.7,1011.4,26.0,4.5,Cloudy
16.0,57.1,1006.4,9.2,0.0,Sunny
29.3,52.2,1010.5,8.0,0.0,Sunny
24.8,71.4,1001.0,14.4,0.0,Cloudy
15.7,93.8,1005.9,29.0,11.9,Rainy
29.6,37.2,1000.3,22.6,0.0,Sunny
15.3,83.5,1016.9,33.6,7.0,Cloudy
34.7,80.5,1007.2,31.8,5.3,Cloudy
22.7,95.7,1000.6,7.0,16.7,Rainy
16.0,93.6,996.0,3.4,17.0,Rainy
29.7,83.0,1011.9,15.2,6.4,Cloudy
24.9,67.8,1000.4,19.2,14.2,Rainy
39.3,47.9,1019.7,19.0,0.0,Sunny
28.6,69.3,1008.3,6.4,0.0,Sunny
21.9,83.2,1002.2,6.1,8.8,Rainy
32.7,91.4,1011.4,3.5,11.6,Rainy
21.8,84.8,1001.9,30.1,8.0,Rainy
37.6,47.3,1015.5,33.3,0.0,Sunny
24.4,72.8,1002.7,5.8,6.9,Cloudy
28.7,55.9,1019.7,9.0,0.0,Sunny
16.3,35.6,1010.1,5.0,0.0,Sunny
25.7,47.6,1016.1,31.0,0.0,Sunny
35.8,42.1,996.8,33.6,0.7,Sunny
35.1,88.1,1003.7,10.6,12.6,Rainy
20.6,51.3,1013.4,12.0,0.0,Sunny
20.7,52.9,1011.4,14.0,0.0,Sunny
35.4,95.5,999.9,18.6,18.3,Rainy
38.3,58.9,1003.9,24.5,0.0,Sunny
17.4,35.6,1001.6,18.6,0.0,Sunny
26.3,52.9,1010.3,33.4,0.0,Sunny
23.4,42.5,1003.6,5.3,0.0,Sunny
36.8,41.5,1002.7,28.4,0.0,Sunny
17.1,39.9,1000.2,13.0,0.0,Sunny
20.3,72.4,1005.2,14.5,0.0,Cloudy
33.8,46.9,999.9,25.4,0.0,Sunny
16.3,57.8,1019.1,32.7,0.0,Sunny
27.3,89.3,998.9,25.6,25.3,Rainy
26.1,61.7,1017.8,27.6,0.0,Sunny
23.4,92.7,1005.7,26.8,10.8,Rainy
24.9,66.4,1004.4,12.6,3.1,Cloudy
28.2,60.1,1000.8,27.0,0.3,Sunny
19.0,82.3,1010.9,27.9,7.6,Cloudy
29.3,39.6,1012.1,19.6,0.0,Sunny
35.1,40.6,1006.7,19.7,0.0,Sunny
34.0,76.1,996.4,27.1,6.9,Cloudy
18.8,65.7,1018.0,29.0,0.0,Sunny
18.7,84.8,1019.5,13.1,0.0,Cloudy
21.7,92.7,1005.8,28.5,10.1,Rainy
24.0,59.5,1010.3,28.9,0.0,Sunny
25.2,72.6,1006.3,9.7,3.1,Cloudy
32.0,66.5,1003.0,25.7,0.3,Sunny
16.4,96.8,996.9,8.2,28.3,Rainy
15.9,87.4,1006.4,5.1,5.8,Cloudy
24.8,92.4,1015.5,21.0,5.1,Cloudy
32.4,51.0,995.4,32.0,4.5,Cloudy
19.8,83.7,1009.6,3.2,0.0,Cloudy
31.0,51.7,1017.0,29.3,0.0,Sunny
21.5,48.2,1000.4,18.7,0.0,Sunny
37.2,94.5,999.6,30.4,18.3,Rainy
37.4,36.2,1014.3,29.8,0.0,Sunny
22.4,95.8,1001.4,30.9,20.8,Rainy
20.7,44.4,999.8,27.4,2.3,Cloudy
25.3,86.6,1004.4,29.8,22.7,Rainy
21.0,52.4,1004.8,7.8,0.0,Sunny
31.8,57.1,1016.9,12.0,0.0,Sunny
35.7,48.7,1010.5,10.0,0.0,Sunny
31.8,71.9,1005.1,26.5,0.0,Cloudy
35.6,56.9,1008.4,7.1,0.0,Sunny
24.9,76.4,1018.8,8.0,0.0,Cloudy
18.9,36.0,997.8,31.0,0.0,Sunny
33.4,39.1,1000.2,25.3,0.0,Sunny
24.0,41.3,1019.1,30.9,0.0,Sunny
31.8,61.4,1018.9,6.6,0.0,Sunny
21.8,86.3,999.4,15.2,14.6,Rainy
17.0,91.0,998.6,11.3,10.5,Rainy
39.8,50.4,1005.5,2.3,0.0,Sunny
18.9,71.2,996.2,11.4,16.1,Rainy
39.7,83.4,1011.4,14.5,5.0,Cloudy
39.4,53.2,996.9,5.0,0.0,Sunny
34.8,60.8,996.5,20.7,11.5,Rainy
31.5,68.0,1007.1,14.6,0.0,Sunny
29.4,43.5,1018.9,3.5,0.0,Sunny
36.7,36.6,1005.7,25.2,0.0,Sunny
22.2,44.6,1003.9,26.1,0.0,Sunny
26.7,74.5,1019.9,29.5,0.0,Cloudy
30.5,39.6,1008.3,18.0,0.0,Sunny
25.3,47.0,1004.4,34.0,0.0,Sunny
25.7,56.3,1004.6,32.2,3.2,Cloudy
23.3,39.9,999.9,20.2,0.0,Sunny
29.1,47.1,1007.8,16.7,0.0,Sunny
36.3,92.4,1006.0,2.1,12.5,Rainy
20.0,36.2,1001.8,25.5,0.0,Sunny
38.4,76.2,999.0,20.6,10.9,Rainy
32.2,59.2,1002.8,32.9,0.0,Sunny
35.6,77.4,1007.7,21.6,1.6,Cloudy
28.9,72.1,996.5,34.8,15.1,Rainy
34.5,49.1,998.8,30.2,0.0,Sunny
15.4,88.4,1018.7,33.5,0.0,Cloudy
35.5,66.0,1008.6,12.8,2.1,Cloudy
16.0,86.8,996.6,6.9,16.8,Rainy
37.2,60.6,1012.3,28.3,0.0,Sunny
39.8,97.0,996.5,27.9,23.1,Rainy
22.4,83.5,1013.5,9.0,0.0,Cloudy
20.3,95.9,1013.7,27.2,9.3,Rainy
34.1,67.4,1011.3,21.2,0.0,Sunny
21.3,64.8,1013.3,5.6,0.0,Sunny
36.6,82.6,997.2,18.6,17.2,Rainy
17.6,90.5,1013.2,32.7,12.3,Rainy
18.1,95.7,998.4,18.7,20.3,Rainy
39.5,55.4,1003.5,28.0,0.6,Sunny
31.8,85.3,1018.6,3.0,0.0,Cloudy
36.2,48.3,1007.6,26.0,0.0,Sunny
23.1,69.4,1019.2,33.2,0.0,Sunny
31.9,46.3,997.2,18.5,0.0,Sunny
29.9,56.9,1006.9,13.1,0.0,Sunny
30.1,93.7,996.6,23.3,23.3,Rainy
32.1,44.2,1010.8,32.2,0.0,Sunny
29.4,74.8,997.0,7.8,4.9,Cloudy
25.7,72.4,999.4,15.3,10.6,Rainy
21.9,42.6,1001.5,7.2,0.0,Sunny
34.2,55.5,1013.7,18.4,0.0,Sunny
20.7,70.5,999.1,19.8,4.4,Cloudy
32.3,46.8,1016.2,33.2,0.0,Sunny
20.8,85.4,998.3,15.6,15.0,Rainy
30.6,96.2,995.9,20.7,26.3,Rainy
33.7,48.5,1004.9,31.2,0.0,Sunny
20.5,46.8,1019.5,12.6,0.0,Sunny
16.5,63.7,997.8,24.2,5.2,Cloudy
18.3,82.1,997.5,27.0,20.9,Rainy
30.1,52.7,1013.8,12.9,0.0,Sunny
36.2,36.3,1002.8,7.4,0.0,Sunny
16.1,69.1,1012.9,18.6,0.0,Sunny
33.4,95.3,1000.0,13.8,17.9,Rainy
23.5,59.7,1006.5,10.8,0.0,Sunny
27.0,61.5,1001.6,34.1,7.5,Cloudy
38.2,96.0,1006.3,18.6,9.4,Rainy
23.3,78.8,1014.2,30.3,2.6,Cloudy
26.6,80.3,1014.1,8.4,0.0,Cloudy
15.3,70.5,1007.9,33.0,6.7,Cloudy
17.0,96.4,1018.2,28.2,5.8,Cloudy
21.5,78.4,1001.6,28.7,5.9,Cloudy
15.7,91.4,1001.0,14.9,16.3,Rainy
30.8,79.1,1010.3,18.0,1.9,Cloudy
25.7,81.3,1010.5,21.6,9.8,Rainy
28.7,53.3,996.2,28.1,0.0,Sunny
19.4,54.1,1010.2,30.0,2.9,Cloudy
22.4,84.3,1004.4,4.6,11.3,Rainy
31.6,53.7,1013.7,31.8,0.0,Sunny
39.1,70.5,1015.2,32.9,0.0,Cloudy
16.3,50.7,1008.8,21.6,0.0,Sunny
37.3,86.5,995.0,8.2,11.1,Rainy
29.4,42.0,1010.9,29.0,0.0,Sunny
29.1,87.3,1013.7,20.1,10.2,Rainy
27.5,73.0,1001.2,29.0,10.7,Rainy
16.7,46.8,1006.6,28.9,0.0,Sunny
17.2,69.1,1019.1,4.9,0.0,Sunny
30.0,52.8,1002.5,22.0,0.0,Sunny
23.5,55.4,1000.6,17.9,0.0,Sunny
37.9,57.1,1000.3,33.2,0.0,Sunny
25.2,39.0,1009.0,11.8,0.0,Sunny
18.6,97.1,1018.7,8.8,3.6,Cloudy
32.9,37.0,1010.2,31.6,0.0,Sunny
22.3,76.7,1002.6,6.9,0.0,Cloudy
28.1,58.4,1011.0,24.7,0.0,Sunny
32.4,75.7,1010.6,11.9,2.7,Cloudy
37.5,57.4,1009.9,20.7,1.8,Sunny
34.8,77.4,999.0,22.3,10.4,Rainy
31.9,80.9,1010.9,15.8,9.2,Rainy
32.0,78.5,1005.8,34.2,11.8,Rainy
38.6,42.2,995.5,6.4,0.0,Sunny
22.4,76.4,1008.5,14.9,0.0,Cloudy
15.0,52.6,1019.7,16.2,0.0,Sunny
21.8,36.8,1003.7,22.8,0.0,Sunny
20.4,61.1,1019.1,15.4,0.0,Sunny
31.5,62.3,997.4,5.2,0.5,Sunny
30.8,64.4,1013.3,33.3,0.0,Sunny
29.8,79.4,997.9,15.7,11.2,Rainy
15.4,54.5,1001.8,13.3,1.2,Sunny
33.2,54.9,1009.3,16.7,0.0,Sunny
23.1,38.8,1009.8,9.1,0.0,Sunny
31.6,78.3,1014.4,5.3,0.0,Cloudy
28.9,70.8,1010.4,6.9,0.0,Cloudy
23.6,57.0,1009.8,7.5,0.0,Sunny
18.4,79.4,1017.8,8.5,0.0,Cloudy
17.4,68.9,1006.3,15.9,0.0,Sunny
35.8,64.6,1000.6,22.6,6.2,Cloudy
38.0,67.2,999.0,22.8,6.6,Cloudy
31.2,75.1,1005.0,2.0,0.0,Cloudy
17.6,76.6,1012.8,32.4,0.0,Cloudy
25.1,53.2,996.1,29.2,0.0,Sunny
33.2,43.9,998.2,33.8,0.0,Sunny
34.5,44.9,997.7,13.9,0.0,Sunny
18.0,75.3,1009.6,23.9,0.8,Cloudy
15.0,90.0,1001.1,7.5,13.8,Rainy
32.8,60.8,999.2,29.0,4.6,Cloudy
23.9,45.7,1009.8,7.3,0.0,Sunny
21.4,82.7,1014.0,12.8,5.7,Cloudy
15.3,87.4,1003.3,18.2,11.2,Rainy
28.5,90.5,1009.5,21.6,13.3,Rainy
36.3,73.2,997.5,20.5,0.2,Cloudy
38.9,89.2,1018.4,5.4,4.8,Cloudy
29.1,36.0,1003.4,15.9,0.0,Sunny
27.9,41.8,1019.9,32.5,0.0,Sunny
17.1,40.8,1019.5,30.8,0.0,Sunny
28.7,79.9,1014.5,21.5,5.7,Cloudy
24.5,39.4,995.5,20.9,0.0,Sunny
30.2,66.3,1008.6,5.7,0.0,Sunny
24.7,64.8,997.2,8.6,0.9,Sunny
21.0,54.6,1017.4,10.3,0.0,Sunny
17.4,89.8,1014.7,18.1,8.1,Rainy
22.9,45.7,1019.3,26.1,0.0,Sunny
17.4,57.2,1010.2,17.2,3.1,Cloudy
19.4,83.8,1008.1,6.2,7.9,Cloudy
39.7,36.9,1008.0,16.5,0.0,Sunny
26.1,77.4,1004.7,7.4,0.1,Cloudy
28.3,86.4,1006.7,26.8,18.1,Rainy
36.8,93.7,1010.9,7.5,8.8,Rainy
39.9,90.2,1018.3,17.9,1.6,Cloudy
29.6,55.1,1009.9,24.9,0.0,Sunny
35.3,71.9,1016.4,9.5,0.0,Cloudy
23.2,39.9,1016.6,4.5,0.0,Sunny
22.6,51.2,1008.0,20.6,0.0,Sunny
25.1,40.9,1003.7,3.8,0.0,Sunny
31.8,54.9,1011.0,21.4,0.0,Sunny
32.1,90.1,1006.1,26.9,12.6,Rainy
22.9,56.9,997.0,12.9,2.0,Cloudy
18.3,70.4,1004.4,18.1,4.3,Cloudy
30.8,62.3,1019.9,32.6,0.0,Sunny
18.2,63.9,996.2,17.5,6.1,Cloudy
29.5,96.1,1012.4,34.9,12.2,Rainy
32.3,53.7,1016.0,7.2,0.0,Sunny
32.5,74.5,1011.2,25.4,3.7,Cloudy
33.8,61.5,1009.2,23.5,0.0,Sunny
36.8,38.9,1012.7,30.8,0.0,Sunny
27.5,65.8,1005.7,5.1,1.3,Sunny
33.3,86.2,997.3,11.2,18.4,Rainy
30.5,41.2,1019.1,6.4,0.0,Sunny
19.7,39.4,1005.8,32.8,0.0,Sunny
15.6,44.7,1011.6,16.1,0.0,Sunny
22.1,83.2,1008.3,32.0,11.8,Rainy
26.1,80.6,996.4,11.7,15.7,Rainy
30.4,70.6,1018.8,6.2,0.0,Cloudy
36.2,64.5,1014.8,11.8,0.0,Sunny
19.9,91.0,998.7,21.7,22.9,Rainy
18.1,83.3,1019.5,29.9,0.0,Cloudy
39.1,86.2,1013.4,14.7,5.2,Cloudy
17.7,86.2,1006.8,32.2,14.1,Rainy
27.0,75.5,1010.3,10.1,0.0,Cloudy
29.6,63.9,997.7,24.9,7.0,Cloudy
28.5,89.5,1009.0,26.3,15.3,Rainy
17.2,93.3,996.8,11.0,15.8,Rainy
16.4,36.5,1008.6,2.9,0.0,Sunny
17.6,38.2,1008.8,14.1,0.0,Sunny
29.6,95.4,1016.9,3.5,1.2,Cloudy
28.6,52.5,1013.1,31.7,0.0,Sunny
20.8,90.0,1001.2,33.5,14.9,Rainy
30.9,59.5,1017.2,26.3,0.0,Sunny
35.5,42.5,1009.3,26.0,0.0,Sunny
16.0,40.1,1010.2,9.9,0.0,Sunny
27.5,44.9,999.2,4.4,0.0,Sunny
32.2,50.7,1016.4,28.5,0.0,Sunny
21.3,65.8,1018.3,20.5,0.0,Sunny
22.7,79.2,1014.4,24.5,3.7,Cloudy
30.3,97.1,1018.5,27.7,2.6,Cloudy
37.4,62.8,1002.6,15.5,0.1,Sunny
35.2,67.6,1016.5,6.8,0.0,Sunny
29.6,67.9,1007.2,28.2,1.4,Sunny
33.3,69.0,999.1,17.0,7.1,Cloudy
24.1,67.6,1011.7,29.3,1.2,Sunny
31.0,35.6,1012.1,16.4,0.0,Sunny
26.7,35.1,1002.2,9.2,0.0,Sunny
19.7,41.2,995.7,7.6,0.0,Sunny
32.5,41.4,1000.0,26.5,0.0,Sunny
28.9,79.4,1005.0,21.0,3.2,Cloudy
24.0,47.9,999.2,15.4,0.0,Sunny
37.8,91.4,999.9,18.2,13.2,Rainy
15.5,93.5,1004.8,20.1,13.6,Rainy
22.9,96.5,1019.0,9.9,1.9,Cloudy
16.4,94.2,1014.1,14.5,8.7,Rainy
34.2,52.1,1003.0,11.6,0.0,Sunny
32.6,67.1,1018.8,14.8,0.0,Sunny
23.3,46.1,1011.1,18.5,0.0,Sunny
31.9,85.8,1006.4,7.7,6.9,Cloudy
24.9,91.0,1006.7,15.0,10.3,Rainy
33.9,88.6,1005.3,14.7,12.7,Rainy
26.4,62.3,1000.8,11.4,11.3,Rainy
25.3,82.8,1004.7,35.0,7.6,Cloudy
38.4,41.1,1008.2,4.4,0.0,Sunny
21.3,37.5,1008.2,23.2,0.0,Sunny
18.0,82.5,1014.0,7.8,0.7,Cloudy
29.6,61.8,1004.0,29.7,0.0,Sunny
39.2,97.7,1012.9,32.2,11.6,Rainy
24.4,41.1,1009.5,15.2,0.0,Sunny
16.6,88.9,1019.0,29.2,1.4,Cloudy
23.5,65.2,1004.6,10.2,0.0,Sunny
27.6,87.1,1017.5,6.6,5.9,Cloudy
19.0,86.5,1015.5,12.4,5.6,Cloudy
31.5,92.7,1010.9,13.3,7.9,Cloudy
39.9,53.8,1011.4,15.1,0.0,Sunny
26.3,94.8,997.1,14.3,19.5,Rainy
23.9,44.6,1018.8,15.6,0.0,Sunny
25.0,40.2,997.7,25.4,0.0,Sunny
17.9,62.2,1009.1,10.1,0.0,Sunny
37.1,87.2,1003.3,2.6,13.8,Rainy
25.4,64.8,1005.7,18.2,0.0,Sunny
24.7,87.2,1010.3,16.8,5.6,Cloudy
31.5,81.0,1017.7,4.0,0.9,Cloudy
26.1,48.2,1006.4,6.4,0.0,Sunny
31.2,94.8,1019.7,18.8,8.9,Rainy
16.5,38.8,1009.8,9.7,0.0,Sunny
35.3,91.6,999.0,31.0,23.6,Rainy
38.5,54.2,999.8,7.7,0.6,Sunny
31.2,66.5,1012.9,2.7,0.0,Sunny
38.9,61.6,996.3,16.8,6.3,Cloudy
18.8,45.8,1007.0,34.5,0.0,Sunny
26.9,57.6,998.7,22.9,0.0,Sunny
30.0,47.2,1005.8,13.7,0.0,Sunny
29.5,47.8,1013.7,2.6,0.0,Sunny
25.0,46.8,1006.5,18.0,0.0,Sunny
23.5,65.8,999.1,8.8,4.9,Cloudy
18.2,85.3,1001.3,23.4,16.8,Rainy
24.8,70.8,1004.2,21.2,1.6,Cloudy
19.1,91.3,996.7,10.8,17.9,Rainy
33.4,75.1,1009.6,4.3,0.0,Cloudy
20.2,78.4,1010.2,26.9,5.2,Cloudy
16.5,77.1,996.6,21.3,15.3,Rainy
28.8,63.3,1005.1,29.8,5.4,Cloudy
29.9,78.4,1005.4,10.6,8.1,Rainy
36.8,39.4,1003.3,23.5,0.0,Sunny
29.4,89.2,1008.9,5.9,1.4,Cloudy
23.6,84.0,1003.6,11.6,5.0,Cloudy
35.1,50.4,1005.4,23.7,0.0,Sunny
28.5,83.4,1014.9,29.2,5.2,Cloudy
17.0,35.8,999.1,12.6,0.0,Sunny
29.1,48.7,1010.5,28.4,0.0,Sunny
37.7,39.1,1007.6,24.4,0.0,Sunny
24.9,84.2,1002.6,13.5,2.7,Cloudy
22.4,82.6,1013.2,30.9,0.5,Cloudy
18.6,86.3,1008.8,18.8,12.0,Rainy
18.8,35.3,1006.9,23.4,0.0,Sunny
25.8,66.6,1011.7,18.4,0.0,Sunny
29.9,79.4,1015.1,16.9,0.0,Cloudy
17.0,44.8,1019.3,30.0,0.0,Sunny
38.5,75.9,1010.7,11.7,6.6,Cloudy
33.9,40.3,1016.9,3.2,0.0,Sunny
29.7,46.4,995.0,31.0,8.9,Rainy
35.7,65.0,1008.3,29.2,0.0,Sunny
17.0,76.2,1000.4,14.1,9.6,Rainy
26.9,44.2,997.4,8.1,0.0,Sunny
30.8,46.7,1008.3,24.3,0.0,Sunny
35.7,47.9,1013.7,4.6,0.0,Sunny
34.6,50.0,1005.3,16.0,0.0,Sunny
21.9,49.3,1011.8,4.8,0.0,Sunny
38.5,59.9,1007.2,21.7,0.0,Sunny
18.1,76.2,1005.9,2.9,1.4,Cloudy
36.9,62.6,1002.3,22.8,2.5,Cloudy
39.3,83.9,1004.6,24.2,16.0,Rainy
19.4,80.3,1003.7,18.1,6.8,Cloudy
33.1,43.0,1011.2,7.8,0.0,Sunny
16.0,38.1,997.9,5.3,0.0,Sunny
25.1,90.3,997.3,12.3,21.6,Rainy
27.9,40.0,1011.5,17.4,0.0,Sunny
29.5,44.3,1008.7,23.2,0.0,Sunny
38.4,36.4,1005.8,2.0,0.0,Sunny
31.8,74.6,998.8,25.5,13.9,Rainy
27.0,71.7,1005.3,25.5,8.9,Rainy
35.2,97.2,1014.7,16.7,16.8,Rainy
38.8,90.9,1017.2,13.3,9.6,Rainy
15.6,60.9,1012.6,29.8,0.0,Sunny
39.6,58.4,996.5,27.9,3.4,Cloudy
17.2,53.7,1011.8,34.4,0.0,Sunny
35.4,44.6,1001.0,14.3,0.0,Sunny
22.0,43.7,1002.9,31.9,0.0,Sunny
18.3,43.3,999.9,4.9,0.0,Sunny
26.0,42.2,1014.4,15.6,0.0,Sunny
31.1,50.2,1011.2,17.4,0.0,Sunny
24.5,54.3,1010.3,16.5,0.0,Sunny
16.4,95.6,1011.7,22.6,10.3,Rainy
30.0,71.4,1000.9,7.6,0.7,Cloudy
37.6,97.2,1006.1,30.6,9.4,Rainy
24.6,58.5,1010.8,20.2,0.0,Sunny
20.4,63.8,1010.9,31.8,0.7,Sunny
26.1,55.4,1014.8,2.1,0.0,Sunny
16.2,46.5,1002.2,22.8,0.0,Sunny
35.5,44.0,1014.3,15.6,0.0,Sunny
35.7,94.5,1006.0,18.7,13.9,Rainy
29.7,97.2,1011.8,26.5,5.8,Cloudy
23.8,37.8,1006.4,9.5,0.0,Sunny
35.0,44.5,1018.7,8.8,0.0,Sunny
28.9,61.7,999.5,25.2,8.4,Rainy
35.6,46.7,1011.9,19.2,0.0,Sunny
30.8,57.9,1009.4,9.7,0.0,Sunny
34.6,43.1,999.3,18.0,0.0,Sunny
30.0,63.8,996.7,17.2,4.3,Cloudy
25.4,52.1,1015.0,24.8,0.0,Sunny
38.9,57.2,998.9,2.1,4.6,Cloudy
28.5,40.9,999.7,21.4,2.9,Cloudy
30.1,62.0,1019.5,22.0,0.0,Sunny
20.5,96.9,1012.9,26.6,13.8,Rainy
30.6,55.7,1001.3,31.3,0.5,Sunny
29.3,90.2,1009.8,16.5,2.0,Cloudy
19.6,88.1,1008.4,13.3,4.7,Cloudy
16.5,95.0,1016.1,5.4,2.7,Cloudy
30.1,84.8,1013.2,13.1,1.6,Cloudy
34.1,76.6,1015.8,4.3,0.0,Cloudy
28.1,89.0,1000.3,28.5,16.6,Rainy
20.7,39.8,1011.0,28.6,0.0,Sunny
31.7,64.2,996.0,15.8,15.0,Rainy
17.0,97.3,996.7,10.6,14.5,Rainy
26.0,83.5,1012.8,5.9,5.3,Cloudy
19.1,95.6,995.6,30.1,21.9,Rainy
19.6,84.1,1009.5,31.0,10.0,Rainy
20.1,90.1,1016.0,10.8,5.3,Cloudy
24.7,79.5,1004.5,22.5,8.9,Rainy
16.3,82.9,996.1,10.5,9.4,Rainy
24.9,68.0,1012.8,9.4,0.0,Sunny
27.8,93.2,1018.2,2.7,2.6,Cloudy
27.1,87.0,1012.9,21.0,6.0,Cloudy
24.6,88.2,1009.5,6.9,2.3,Cloudy
36.0,77.4,1000.8,2.4,12.1,Rainy
18.6,54.2,995.4,5.5,0.0,Sunny
27.6,37.2,1012.4,12.4,0.0,Sunny
16.6,93.9,1000.8,24.1,13.9,Rainy
16.8,71.9,1016.5,8.7,0.0,Cloudy
29.3,53.8,1006.7,31.3,0.6,Sunny
29.2,44.4,1008.3,11.5,0.0,Sunny
37.0,87.3,1013.8,12.9,13.3,Rainy
28.9,87.7,1014.5,9.2,3.8,Cloudy
39.0,86.3,1011.1,10.4,6.5,Cloudy
16.2,75.6,1018.5,4.4,0.0,Cloudy
17.5,58.1,1019.6,11.7,0.0,Sunny
16.1,54.2,1018.7,30.4,0.0,Sunny
19.6,35.5,1015.6,24.7,0.0,Sunny
28.5,87.5,1012.6,30.9,8.1,Rainy
31.1,40.5,1011.6,5.5,0.0,Sunny
16.1,74.7,997.6,17.0,4.6,Cloudy
38.6,66.8,1001.8,9.6,0.0,Sunny
36.1,68.2,995.1,25.8,15.0,Rainy
22.4,93.4,998.4,34.0,24.1,Rainy
16.9,37.0,1006.0,28.9,0.0,Sunny
19.2,83.7,998.7,3.2,8.1,Rainy
18.2,38.3,1017.5,12.4,0.0,Sunny
18.1,37.4,1015.1,2.9,0.0,Sunny
28.0,62.1,996.8,3.3,0.0,Sunny
21.1,39.0,1001.2,4.6,0.0,Sunny
24.0,84.7,1015.5,11.1,0.0,Cloudy
39.7,68.4,1015.1,12.0,0.0,Sunny
32.1,36.8,1018.6,15.2,0.0,Sunny
38.7,37.6,1019.9,15.4,0.0,Sunny
18.6,73.6,1019.4,27.5,0.0,Cloudy
24.6,85.8,1005.3,6.7,8.5,Rainy
28.9,62.6,1001.3,7.2,2.8,Cloudy
16.9,69.9,1014.0,22.7,2.2,Cloudy
15.1,85.4,1002.5,20.9,14.5,Rainy
31.8,73.5,1015.2,7.1,3.7,Cloudy
31.0,49.2,1008.3,30.1,0.0,Sunny
25.3,73.6,1014.8,12.9,0.0,Cloudy
27.2,74.6,1001.9,14.1,8.5,Rainy
25.4,81.2,1007.7,15.9,10.8,Rainy
15.6,74.1,1009.1,12.6,0.0,Cloudy
23.4,96.1,1018.6,20.4,3.7,Cloudy
19.4,47.4,1001.7,14.8,0.0,Sunny
17.5,94.9,1018.4,10.6,6.4,Cloudy
38.9,68.9,1015.1,31.8,0.0,Sunny
30.0,77.3,1013.3,12.2,11.7,Rainy
33.2,41.3,1014.7,25.1,0.0,Sunny
22.9,59.0,1010.1,13.5,0.0,Sunny
24.8,83.5,1001.1,16.4,10.0,Rainy
20.9,79.5,999.7,9.8,7.8,Cloudy
17.4,37.5,1016.7,26.8,0.0,Sunny
19.5,69.4,1013.1,26.3,0.0,Sunny
34.9,40.6,1000.3,2.7,0.0,Sunny
31.9,97.7,1010.4,4.0,11.8,Rainy
28.7,91.5,1006.2,32.4,12.3,Rainy
26.9,36.3,999.0,31.3,1.8,Sunny
38.1,89.1,1008.3,18.7,4.4,Cloudy
16.8,92.9,1002.0,18.3,21.4,Rainy
22.0,57.3,997.4,28.8,10.5,Rainy
23.7,80.3,1006.7,6.6,9.8,Rainy
34.6,62.9,1009.8,23.6,0.0,Sunny
39.8,76.3,996.2,17.7,10.6,Rainy
21.0,56.4,1005.1,26.5,3.2,Cloudy
36.9,55.3,1001.4,3.0,0.0,Sunny
35.8,61.7,995.8,21.6,7.3,Cloudy
20.6,44.2,998.1,20.4,0.0,Sunny
25.0,87.4,998.5,29.7,13.6,Rainy
25.2,57.0,999.6,24.3,3.0,Cloudy
39.5,60.2,1015.1,31.0,0.0,Sunny
19.5,91.3,1006.0,31.3,10.2,Rainy
35.0,66.3,998.7,15.5,7.2,Cloudy
23.4,69.3,997.5,6.5,0.0,Sunny
33.3,95.3,1002.4,22.8,12.7,Rainy
25.5,90.9,1015.0,30.8,5.5,Cloudy
29.5,45.7,1004.1,4.5,0.0,Sunny
35.8,64.8,999.0,20.4,8.7,Rainy
35.1,96.2,1005.1,5.8,13.2,Rainy
36.7,58.5,1008.9,2.9,0.0,Sunny
16.5,58.4,995.7,24.4,4.6,Cloudy
32.3,47.3,1010.7,24.5,0.0,Sunny
18.5,42.2,1004.9,21.8,0.0,Sunny
25.4,81.6,995.2,30.4,14.9,Rainy
28.7,83.5,1011.8,4.7,0.9,Cloudy
25.1,96.0,1012.8,5.5,9.8,Rainy
28.0,83.7,1010.7,30.5,14.3,Rainy
39.9,50.3,1003.5,18.6,0.1,Sunny
18.4,37.5,1008.2,11.0,0.0,Sunny
31.9,97.1,1004.7,26.4,12.2,Rainy
24.9,56.4,1012.5,31.5,0.0,Sunny
18.3,54.7,1009.6,24.8,0.0,Sunny
19.0,92.1,997.0,28.1,20.3,Rainy
38.7,71.9,1011.1,11.3,3.5,Cloudy
37.0,48.5,1012.2,11.5,0.0,Sunny
37.7,91.0,1004.3,30.5,14.8,Rainy
39.8,97.6,1016.9,22.3,6.8,Cloudy
20.2,40.5,1016.1,9.7,0.0,Sunny
23.9,89.3,999.4,19.3,20.1,Rainy
31.7,59.6,1017.6,24.6,0.0,Sunny
27.1,68.0,1006.0,9.2,0.0,Sunny
25.5,92.6,1013.1,23.6,5.9,Cloudy
23.9,96.3,1015.4,3.4,0.9,Cloudy
29.8,51.5,1007.6,12.0,0.0,Sunny
29.4,48.4,1005.0,24.2,0.0,Sunny
19.0,40.1,1017.9,6.9,0.0,Sunny
26.8,70.4,1000.8,9.3,9.4,Rainy
28.8,35.9,1001.4,31.0,0.0,Sunny
29.3,60.9,1004.0,24.3,0.0,Sunny
20.3,39.6,1016.5,18.5,0.0,Sunny
33.6,60.5,1018.5,9.0,0.0,Sunny
15.6,37.5,1000.5,13.3,0.0,Sunny
23.9,87.6,1016.6,21.0,0.0,Cloudy
34.5,48.2,1001.5,7.1,0.0,Sunny
29.1,55.7,1019.3,17.9,0.0,Sunny
21.5,89.8,1009.9,15.5,0.0,Cloudy
32.4,82.0,995.2,17.7,15.3,Rainy
29.2,48.8,995.9,5.5,0.0,Sunny
34.9,39.5,998.7,5.5,0.0,Sunny
33.4,80.1,999.7,33.8,15.6,Rainy
30.3,59.6,1014.2,34.3,0.0,Sunny
27.2,83.3,1000.6,16.1,11.0,Rainy
18.3,63.1,1019.2,28.0,0.0,Sunny
21.5,56.8,1010.9,23.6,2.6,Cloudy
25.5,63.4,1012.3,5.9,0.0,Sunny
30.0,82.2,1000.4,11.8,5.2,Cloudy
27.8,91.8,1017.3,12.4,2.4,Cloudy
22.2,38.1,1011.7,21.7,0.0,Sunny
15.2,68.0,1016.6,21.1,0.0,Sunny
27.4,37.1,1018.9,32.5,0.0,Sunny
22.1,64.5,998.1,28.1,9.3,Rainy
33.4,90.8,997.4,30.3,16.3,Rainy
15.6,57.8,1015.1,31.4,0.0,Sunny
29.6,93.7,1016.7,28.4,7.1,Cloudy
38.5,74.7,1009.6,13.0,0.0,Cloudy
19.4,93.9,1004.2,9.1,3.3,Cloudy
26.8,82.7,1011.3,20.9,9.6,Rainy
17.3,41.5,1002.6,24.8,0.0,Sunny
30.6,49.6,1001.0,14.8,0.0,Sunny
28.8,59.8,1007.2,30.0,0.0,Sunny
25.2,45.7,1000.4,33.7,4.0,Cloudy
28.0,66.2,1007.1,20.8,0.0,Sunny
37.4,64.7,1018.9,17.1,0.0,Sunny
19.9,95.2,1016.0,29.8,10.7,Rainy
15.6,62.3,1018.5,2.8,0.0,Sunny
36.5,84.5,1015.2,6.3,0.0,Cloudy
29.4,94.3,1003.9,29.9,13.6,Rainy
37.3,90.3,1015.3,26.2,5.7,Cloudy
29.9,48.1,1018.1,15.7,0.0,Sunny
35.3,66.2,1018.7,31.3,0.0,Sunny
25.7,56.9,1012.1,13.6,0.0,Sunny
33.7,60.2,1000.3,22.9,3.1,Cloudy
37.8,57.7,996.0,22.9,0.0,Sunny
29.3,87.1,998.7,8.1,17.2,Rainy
19.5,63.5,1019.1,11.4,0.0,Sunny
21.7,68.0,1006.6,32.2,0.0,Sunny
20.0,96.9,1016.4,8.1,11.8,Rainy
21.2,38.8,1006.6,7.7,0.0,Sunny
22.7,65.7,1011.5,17.8,0.0,Sunny
28.9,83.8,995.6,5.0,13.1,Rainy
29.7,44.5,1001.2,31.5,0.0,Sunny
25.7,73.5,1005.9,5.3,0.5,Cloudy
30.4,50.1,1010.8,22.3,0.0,Sunny
17.0,89.6,999.3,13.2,20.0,Rainy
17.2,55.6,1014.1,28.5,0.0,Sunny
19.3,55.7,1004.1,21.5,0.0,Sunny
28.0,72.7,1015.4,14.8,0.0,Cloudy
20.3,46.6,997.4,34.5,6.0,Cloudy
22.1,52.9,1012.0,4.2,0.0,Sunny
25.0,61.2,1002.3,21.1,0.0,Sunny
35.3,57.3,1014.9,34.7,0.0,Sunny
15.3,68.1,1005.1,24.8,3.5,Cloudy
31.2,72.8,1011.6,26.4,0.0,Cloudy
31.7,70.7,1018.4,3.1,0.0,Cloudy
35.0,76.2,995.5,2.7,15.6,Rainy
38.3,54.4,995.3,3.2,8.9,Rainy
15.5,43.0,1014.3,34.7,0.0,Sunny
18.8,82.9,1011.2,34.3,4.6,Cloudy
37.2,88.6,1002.3,13.0,12.0,Rainy
26.5,51.2,1007.4,11.6,0.0,Sunny
29.1,60.6,996.0,6.8,0.9,Sunny
31.6,66.4,999.8,12.9,1.4,Sunny
32.0,68.6,1005.6,14.2,1.1,Sunny
38.3,76.5,1015.9,26.7,0.1,Cloudy
39.9,37.6,1007.0,30.6,0.0,Sunny
33.0,80.5,1009.7,26.6,4.8,Cloudy
22.2,38.9,1016.8,23.3,0.0,Sunny
37.0,64.5,1002.7,27.3,2.6,Cloudy
16.2,87.1,1012.5,26.4,6.0,Cloudy
20.8,63.4,1016.5,17.7,0.0,Sunny
37.4,44.4,1000.1,13.1,0.3,Sunny
21.4,97.1,1003.9,11.3,13.0,Rainy
20.5,91.0,1019.5,24.4,5.6,Cloudy
18.5,83.6,1019.6,33.7,0.0,Cloudy
36.5,60.9,1000.6,21.2,3.9,Cloudy
27.5,46.6,996.7,32.1,2.6,Cloudy
31.9,94.3,1001.8,2.5,18.2,Rainy
21.0,68.5,1004.9,28.2,2.4,Cloudy
34.0,88.7,1006.0,30.2,8.1,Rainy
34.0,56.6,1010.5,22.8,0.0,Sunny
22.8,56.1,1017.5,32.8,0.0,Sunny
25.3,97.1,1003.3,21.5,25.2,Rainy
20.2,67.9,1016.2,9.9,0.0,Sunny
39.4,43.9,997.3,9.1,0.0,Sunny
31.1,48.8,996.0,20.3,3.3,Cloudy
38.4,65.4,1007.6,31.9,0.0,Sunny
22.6,37.7,996.5,4.4,0.0,Sunny
34.5,64.1,1004.8,21.9,1.8,Sunny
34.1,61.4,1017.4,27.4,0.0,Sunny
32.3,84.1,1001.0,5.8,10.6,Rainy
39.1,57.4,1012.6,5.9,0.0,Sunny
24.8,96.9,1002.6,14.1,20.4,Rainy
18.3,46.4,996.1,11.0,0.0,Sunny
31.8,72.2,1008.9,8.5,4.9,Cloudy
33.2,40.7,1015.9,8.6,0.0,Sunny
29.4,81.2,1005.2,6.3,7.0,Cloudy
20.2,97.7,1010.4,22.2,7.4,Cloudy
27.6,86.6,1017.5,24.7,0.0,Cloudy
22.8,70.0,1014.7,25.2,0.0,Cloudy
25.7,65.5,999.8,19.6,10.9,Rainy
31.1,87.6,1013.3,33.4,12.7,Rainy
33.6,94.0,1007.5,31.1,17.5,Rainy
20.8,97.3,1013.6,33.6,11.7,Rainy
25.1,60.0,1007.4,14.8,0.0,Sunny
21.7,97.4,998.2,31.0,27.1,Rainy
20.0,44.8,1009.2,27.2,0.0,Sunny
34.6,51.0,1007.3,13.2,0.0,Sunny
37.7,40.6,1007.9,5.5,0.0,Sunny
24.3,52.1,1017.0,24.5,0.0,Sunny
33.8,83.4,1017.4,6.5,0.0,Cloudy
37.4,88.7,1006.3,11.7,7.7,Cloudy
36.2,84.1,1006.4,18.5,6.2,Cloudy
19.6,74.8,1007.9,24.4,2.7,Cloudy
38.9,67.4,1008.0,32.6,3.7,Cloudy
24.4,79.6,1018.8,21.6,1.5,Cloudy
23.5,59.6,1011.2,24.2,0.0,Sunny
16.6,88.0,1001.9,12.2,4.6,Cloudy
27.2,77.7,1008.3,24.7,1.4,Cloudy
17.7,79.0,1010.7,16.4,1.2,Cloudy
21.2,68.8,1011.0,30.3,4.9,Cloudy
22.9,90.8,1009.6,15.0,7.6,Cloudy
35.2,50.9,999.4,17.5,0.0,Sunny
36.9,59.0,995.8,16.3,5.9,Cloudy
22.6,84.0,1003.4,28.8,7.9,Cloudy
36.5,66.0,1005.7,33.5,8.9,Rainy
36.4,91.0,996.5,12.8,15.0,Rainy
34.1,56.8,1015.4,17.7,0.0,Sunny
18.7,58.3,1003.6,25.3,0.0,Sunny
32.3,91.0,1017.8,31.5,4.2,Cloudy
38.6,64.3,998.9,18.3,0.3,Sunny
32.1,67.5,996.4,5.6,6.8,Cloudy
23.3,56.0,1007.1,14.2,3.7,Cloudy
27.5,52.4,999.7,20.2,0.8,Sunny
31.1,76.3,1018.4,15.8,0.0,Cloudy
27.8,42.5,995.3,8.2,0.0,Sunny
18.0,90.4,1005.3,3.2,12.1,Rainy
22.8,84.1,1018.2,24.7,1.7,Cloudy
35.1,47.0,1004.6,34.8,0.0,Sunny
36.5,78.7,997.3,32.3,16.4,Rainy
18.4,73.0,1002.6,24.5,0.0,Cloudy
38.8,46.6,1007.5,29.8,0.0,Sunny
23.2,52.2,999.6,10.4,0.0,Sunny
31.6,60.8,1006.7,22.5,0.0,Sunny
33.8,79.1,1015.9,4.0,0.0,Cloudy
35.3,75.2,1016.8,25.3,0.0,Cloudy
38.6,68.5,996.2,34.0,5.6,Cloudy
22.8,83.4,999.0,30.4,19.6,Rainy
36.5,82.8,1001.9,19.6,8.5,Rainy
18.3,73.9,1009.9,28.0,0.3,Cloudy
32.6,84.6,1004.0,33.1,18.7,Rainy
33.5,56.1,1016.1,9.1,0.0,Sunny
31.9,90.5,1012.9,28.2,0.1,Cloudy
21.3,73.7,997.5,10.9,14.4,Rainy
36.8,86.8,1010.6,30.9,15.2,Rainy
19.2,69.4,997.8,5.2,12.1,Rainy
16.3,48.8,1001.4,7.9,0.0,Sunny
32.9,69.2,999.4,25.8,3.3,Cloudy
26.9,58.4,999.3,7.8,0.0,Sunny
36.2,78.9,1010.4,7.2,0.0,Cloudy
24.6,65.0,1009.1,20.3,0.0,Sunny
19.2,87.7,999.4,29.6,12.2,Rainy
35.9,77.7,1019.8,10.9,0.0,Cloudy
28.7,78.1,1005.5,29.8,8.7,Rainy
19.7,48.7,997.4,28.7,0.0,Sunny
33.0,97.0,998.0,21.1,18.6,Rainy
27.8,88.0,1009.6,23.3,7.5,Cloudy
30.1,84.7,1019.5,3.3,3.3,Cloudy
26.5,55.8,1009.3,14.1,1.7,Sunny
35.7,68.7,1018.7,10.7,0.0,Sunny
35.7,43.6,1006.1,7.0,0.0,Sunny
32.7,68.9,1005.9,14.9,0.0,Sunny
17.6,44.2,1007.5,13.7,0.0,Sunny
36.0,69.8,1012.4,26.1,0.0,Sunny
31.8,75.9,1004.2,21.7,3.9,Cloudy
32.4,59.6,1016.6,32.1,0.3,Sunny
24.1,66.4,995.7,6.8,0.8,Sunny
37.0,90.2,1006.0,4.0,0.0,Cloudy
33.1,41.8,1007.8,19.6,0.0,Sunny
17.8,84.9,1010.2,2.0,2.2,Cloudy
25.2,45.8,1001.9,28.0,0.0,Sunny
37.2,37.3,1005.7,18.7,0.0,Sunny
16.2,46.7,1007.1,18.1,0.0,Sunny
39.0,83.2,1012.2,14.0,3.1,Cloudy
32.0,60.5,1014.3,14.4,0.0,Sunny
30.8,90.0,1013.4,16.2,7.6,Cloudy
21.8,68.1,1003.5,2.5,0.0,Sunny
21.2,36.4,1020.0,4.8,0.0,Sunny
38.6,80.2,1016.2,18.7,0.0,Cloudy
22.5,41.9,1001.5,7.0,0.0,Sunny
34.4,84.7,999.9,27.7,14.1,Rainy
24.8,45.6,1002.9,11.1,0.0,Sunny
18.5,56.8,1006.3,5.2,0.0,Sunny
15.3,83.0,1016.3,9.8,0.0,Cloudy
28.6,95.1,1014.5,13.8,5.9,Cloudy
39.4,58.4,1016.3,3.2,0.0,Sunny
24.2,87.3,1001.8,6.7,15.4,Rainy
23.9,47.0,1009.8,12.7,0.0,Sunny
23.6,85.9,1002.1,12.2,13.1,Rainy
28.0,76.4,997.7,28.4,13.9,Rainy
26.0,47.1,1012.1,29.8,0.0,Sunny
37.0,54.1,998.6,8.4,0.0,Sunny
27.6,43.3,1011.7,6.1,0.0,Sunny
27.7,59.1,1011.2,22.9,0.0,Sunny
18.5,47.8,1015.3,28.6,0.0,Sunny
39.6,75.6,998.5,33.8,17.2,Rainy
21.2,97.7,1014.6,2.2,5.7,Cloudy
16.8,35.8,1020.0,15.7,0.0,Sunny
31.6,69.1,1016.3,26.2,0.7,Sunny
29.9,71.1,1013.8,29.3,0.0,Cloudy
25.4,92.6,1011.6,4.1,10.0,Rainy
25.6,66.9,1005.5,24.5,4.1,Cloudy
34.6,69.3,1013.3,11.5,0.0,Sunny
19.9,64.7,1013.1,4.5,0.0,Sunny
35.5,51.9,1010.8,18.1,0.0,Sunny
31.2,38.5,1014.9,7.2,0.0,Sunny
25.5,60.7,1006.2,26.3,0.0,Sunny
26.5,38.3,998.0,26.5,0.0,Sunny
21.4,69.7,1009.0,29.8,5.9,Cloudy
33.8,54.4,1001.6,14.5,0.0,Sunny
27.8,68.6,1004.6,2.4,1.3,Sunny
23.0,43.5,995.4,10.6,0.8,Sunny
29.9,93.8,1004.6,17.4,20.0,Rainy
39.9,91.4,1015.2,24.9,6.0,Cloudy
25.9,47.0,1008.6,14.6,0.0,Sunny
38.0,56.6,995.2,19.7,0.0,Sunny
23.6,73.7,1006.7,19.3,0.9,Cloudy
16.4,41.0,1002.3,7.4,0.0,Sunny
20.1,57.3,1006.9,22.6,0.0,Sunny
25.5,50.8,1005.1,16.5,1.5,Sunny
20.5,92.7,1018.3,28.7,7.6,Cloudy
15.0,88.7,996.0,24.8,16.6,Rainy
37.9,71.5,1012.1,5.7,0.0,Cloudy
36.1,67.8,1016.3,18.1,0.0,Sunny
33.6,93.6,1019.0,25.2,9.5,Rainy
19.2,93.7,999.4,4.9,7.8,Cloudy
18.0,96.1,1008.3,28.2,16.0,Rainy
16.7,42.9,996.1,9.3,0.0,Sunny
33.1,45.1,1007.5,18.6,0.0,Sunny
38.2,77.6,998.1,33.0,18.5,Rainy
25.8,69.1,1015.9,20.9,0.0,Sunny
18.0,36.2,997.8,16.0,0.0,Sunny
27.8,38.9,1007.8,2.2,0.0,Sunny
23.7,90.9,1008.0,6.4,10.4,Rainy
24.4,89.7,1019.3,21.1,2.6,Cloudy
30.5,57.5,1011.4,18.3,0.0,Sunny
33.0,91.1,1002.2,14.0,11.4,Rainy
17.8,72.4,1001.0,32.5,16.8,Rainy
15.9,85.8,998.2,13.0,7.7,Cloudy
39.9,61.9,1013.9,19.7,0.0,Sunny
20.8,42.1,1012.3,20.8,0.0,Sunny
16.3,62.3,1010.2,19.4,0.0,Sunny
19.7,63.8,996.0,17.8,9.7,Rainy
16.0,69.7,1014.1,13.1,0.0,Sunny
24.8,41.7,1011.0,32.0,0.0,Sunny
35.1,97.5,1019.1,16.9,4.2,Cloudy
23.5,50.4,1009.7,19.4,0.0,Sunny
26.1,47.5,1002.6,23.7,0.0,Sunny
31.9,68.2,1004.5,4.2,1.8,Sunny
27.7,68.8,999.4,27.8,10.3,Rainy
36.5,62.7,1013.1,18.9,0.0,Sunny
36.7,83.6,1012.7,23.7,0.0,Cloudy
15.2,67.5,1000.0,27.5,4.6,Cloudy
34.5,73.4,999.0,30.8,8.0,Rainy
26.5,80.6,996.9,14.9,7.7,Cloudy
39.7,36.6,1017.8,28.8,0.0,Sunny
27.1,71.0,1000.8,10.5,5.3,Cloudy
39.7,90.7,1003.6,23.8,19.8,Rainy
33.9,36.1,1002.0,5.4,0.0,Sunny
21.2,60.5,1005.3,2.7,0.0,Sunny
28.5,93.4,1012.9,5.2,3.7,Cloudy
39.8,57.2,1016.8,12.5,0.0,Sunny
36.4,63.9,999.6,3.0,6.7,Cloudy
17.4,96.8,1012.2,22.8,10.4,Rainy
32.7,47.6,1003.8,12.4,0.0,Sunny
23.6,39.1,1019.5,26.3,0.0,Sunny
15.2,89.1,1002.5,3.5,11.9,Rainy
25.1,89.7,995.2,9.2,21.4,Rainy
20.9,64.7,1007.9,15.5,5.5,Cloudy
35.5,67.4,998.8,14.6,0.9,Sunny
23.4,87.7,996.1,6.3,16.0,Rainy
35.7,81.5,1012.5,34.8,1.3,Cloudy
15.0,51.7,1013.3,11.4,0.0,Sunny
22.7,36.1,1006.5,25.8,0.0,Sunny
21.0,65.2,1011.9,9.3,0.0,Sunny
20.8,89.1,1008.5,31.0,7.6,Cloudy
16.7,91.4,1010.7,14.8,18.1,Rainy
19.7,95.2,1009.9,31.7,11.1,Rainy
28.9,90.4,1011.6,13.3,10.8,Rainy
22.3,71.5,1000.0,2.3,2.2,Cloudy
25.4,63.0,1001.7,19.1,11.3,Rainy
24.4,83.8,1006.0,19.3,10.1,Rainy
36.9,81.6,1006.2,6.0,8.9,Rainy
37.6,68.9,1014.4,9.8,0.0,Sunny
27.3,40.5,1004.2,27.9,0.0,Sunny
23.3,93.3,999.1,3.2,16.7,Rainy
17.7,63.7,1001.3,18.2,1.3,Sunny
38.8,57.9,1000.4,19.5,0.0,Sunny
16.5,74.7,1013.3,24.7,0.0,Cloudy
22.4,77.5,1006.8,3.2,1.6,Cloudy
22.5,48.3,1012.7,21.3,0.0,Sunny
23.0,87.7,1005.4,2.1,7.4,Cloudy
19.1,53.3,1017.2,10.8,0.0,Sunny
34.6,46.8,1019.6,18.5,0.0,Sunny
18.1,60.6,1011.7,32.1,1.4,Sunny
30.9,81.0,1016.6,6.2,0.0,Cloudy
18.1,95.8,1007.7,7.6,18.4,Rainy
16.8,86.0,1018.4,24.1,7.3,Cloudy
37.7,94.2,1015.8,14.4,3.3,Cloudy
19.8,43.9,1019.8,22.6,0.0,Sunny
35.5,39.5,1010.6,34.9,0.0,Sunny
28.6,70.1,1014.5,34.6,0.0,Cloudy
16.9,53.3,1008.6,13.7,0.0,Sunny
38.9,87.2,1001.5,18.6,8.0,Rainy
21.2,77.3,1003.9,31.9,9.2,Rainy
36.5,96.2,1017.4,5.0,10.0,Rainy
19.2,51.1,996.4,16.9,1.8,Sunny
36.3,65.6,1009.8,14.5,1.2,Sunny
15.3,66.6,1004.3,11.7,0.0,Sunny
27.8,50.1,1004.7,34.8,0.0,Sunny
34.2,72.2,1017.1,26.2,0.0,Cloudy
38.4,62.9,1016.3,14.8,0.0,Sunny
37.7,63.1,1010.0,29.4,0.0,Sunny
35.5,57.9,1001.8,18.2,0.0,Sunny
37.2,36.1,1006.9,30.8,0.0,Sunny
20.0,67.9,1005.2,10.8,0.0,Sunny
22.1,56.1,1003.8,9.4,4.7,Cloudy
22.2,35.1,997.6,10.2,0.0,Sunny
24.4,54.4,1008.6,19.8,0.0,Sunny
24.8,52.6,1002.5,11.6,3.1,Cloudy
28.6,59.8,1011.5,6.9,0.0,Sunny
19.0,43.3,1003.0,34.8,0.0,Sunny
32.3,67.0,1005.8,31.7,2.6,Cloudy
19.2,78.6,996.3,23.0,14.7,Rainy
22.8,74.7,1019.8,31.4,0.0,Cloudy
27.6,85.6,1007.7,32.9,6.2,Cloudy
34.9,63.5,995.6,24.3,8.8,Rainy
33.5,67.7,1008.5,19.1,0.0,Sunny
31.1,86.1,1016.8,31.1,4.5,Cloudy
18.9,61.9,1014.3,20.7,0.0,Sunny
28.7,79.2,1012.5,6.2,0.0,Cloudy
17.2,62.4,998.5,14.1,4.3,Cloudy
24.4,61.3,1011.4,16.7,0.0,Sunny
25.3,82.9,1014.2,32.9,0.0,Cloudy
16.0,46.0,1009.3,23.8,0.0,Sunny
21.8,56.3,1017.3,30.9,0.0,Sunny
38.9,49.1,1001.9,27.0,0.0,Sunny
38.8,57.6,1001.1,12.2,1.5,Sunny
23.8,49.5,1016.7,25.7,0.0,Sunny
16.1,71.5,1010.6,8.4,0.0,Cloudy
19.5,85.3,995.0,15.5,17.9,Rainy
24.8,84.6,1003.8,28.6,9.3,Rainy
38.7,58.0,1016.4,22.2,0.0,Sunny
18.5,97.3,995.7,29.2,21.8,Rainy
34.1,72.4,995.1,10.4,20.0,Rainy
17.7,60.2,1002.0,26.7,0.0,Sunny
39.5,87.6,1017.9,8.7,0.0,Cloudy
24.5,81.0,1017.5,20.0,0.0,Cloudy
34.4,82.2,1008.0,16.3,0.7,Cloudy
23.6,47.4,1008.8,20.4,0.0,Sunny
30.7,64.5,1003.3,6.5,0.0,Sunny
19.8,89.3,1001.1,13.9,4.3,Cloudy
18.7,66.8,1015.4,24.0,0.0,Sunny
38.5,78.1,997.7,20.4,9.6,Rainy
37.9,72.0,1007.2,20.1,2.3,Cloudy
37.2,88.1,1010.9,18.9,9.9,Rainy
30.6,52.9,997.6,33.1,1.3,Sunny
35.2,71.3,1008.0,32.8,2.2,Cloudy
16.7,42.8,1009.4,13.9,0.0,Sunny
23.4,78.5,1013.6,13.6,0.0,Cloudy
22.8,81.1,1000.9,20.3,6.1,Cloudy
30.9,37.7,1002.3,5.2,0.0,Sunny
23.9,77.6,1009.2,12.0,9.7,Rainy
18.7,61.1,1019.6,9.6,0.0,Sunny
29.9,42.8,1000.4,9.4,0.0,Sunny
35.4,61.5,1019.6,23.1,0.0,Sunny
24.6,47.2,1012.9,14.7,0.0,Sunny
18.3,61.2,1015.7,7.6,0.0,Sunny
19.9,59.2,997.2,31.3,6.6,Cloudy
20.9,81.5,1002.5,30.8,17.0,Rainy
22.5,83.8,996.4,30.5,18.9,Rainy
31.1,73.2,1004.3,14.9,1.5,Cloudy
30.0,36.4,1019.5,3.9,0.0,Sunny
32.4,93.7,997.6,5.5,26.6,Rainy
24.1,78.2,1009.1,11.1,5.0,Cloudy
35.6,37.2,995.2,9.3,0.0,Sunny
20.1,86.6,1012.8,30.8,1.4,Cloudy
26.7,47.6,999.9,34.5,1.9,Sunny
35.0,71.5,998.2,29.0,13.6,Rainy
19.5,64.4,1003.4,26.1,4.1,Cloudy
17.7,61.4,1014.3,21.4,0.0,Sunny
37.1,91.1,997.7,27.4,30.3,Rainy
23.6,62.6,1000.7,33.3,8.4,Rainy
32.1,39.7,995.2,21.8,1.8,Sunny
15.6,94.6,1019.2,7.1,2.8,Cloudy
32.3,93.0,1009.8,7.4,7.9,Cloudy
22.9,78.1,1013.0,21.3,4.1,Cloudy
16.4,64.5,1011.3,13.0,0.0,Sunny
30.2,40.9,998.6,32.0,0.0,Sunny
21.0,84.8,1009.9,22.2,8.7,Rainy
24.7,39.8,998.3,24.3,0.0,Sunny
17.0,39.3,1005.0,2.2,0.0,Sunny
18.7,68.9,1009.2,18.5,0.0,Sunny
22.4,45.1,1009.0,16.2,0.0,Sunny
17.2,35.5,998.0,25.3,0.0,Sunny
37.8,61.7,995.9,14.6,0.0,Sunny
15.2,43.6,1015.0,34.2,0.0,Sunny
27.1,45.1,1013.1,24.1,0.0,Sunny
18.1,39.8,997.0,23.8,0.0,Sunny
22.7,47.9,998.2,32.3,0.0,Sunny
38.2,80.1,1017.3,34.8,3.6,Cloudy
19.0,86.0,1014.2,8.5,6.9,Cloudy
39.1,63.5,1019.9,28.7,0.0,Sunny
20.1,66.9,1001.3,7.4,0.0,Sunny
33.5,37.1,1007.2,17.1,0.0,Sunny
28.7,39.4,1000.9,5.3,0.0,Sunny
37.1,51.2,1010.6,22.6,0.0,Sunny
28.8,69.3,997.9,17.5,7.6,Cloudy
28.4,81.6,998.2,22.7,13.0,Rainy
19.9,73.1,996.8,24.4,5.6,Cloudy
19.2,59.7,1012.3,22.4,0.0,Sunny
37.9,42.5,1007.4,11.7,0.0,Sunny
23.2,84.2,1010.4,29.6,7.5,Cloudy
24.3,57.9,1017.0,20.2,0.0,Sunny
34.0,81.4,1013.5,18.2,0.9,Cloudy
23.5,67.3,1006.5,34.6,0.0,Sunny
38.8,81.5,1019.6,11.4,0.7,Cloudy
33.4,92.2,1006.4,19.4,8.8,Rainy
29.9,93.0,997.8,24.5,17.1,Rainy
37.0,68.7,1019.8,6.1,0.0,Sunny
16.2,67.2,995.6,13.7,5.9,Cloudy
21.4,51.7,1008.7,28.5,3.2,Cloudy
26.6,94.0,1002.7,9.8,17.9,Rainy
20.7,63.8,1007.6,18.3,0.0,Sunny
33.6,43.0,1009.0,22.8,0.0,Sunny
38.0,62.3,1001.0,24.1,0.0,Sunny
25.6,43.0,1008.9,26.0,0.0,Sunny
23.6,66.7,1013.9,30.6,0.0,Sunny
39.0,70.4,1001.7,15.0,4.7,Cloudy
26.1,56.3,1004.6,25.3,0.5,Sunny
27.2,39.5,1001.7,26.2,0.0,Sunny
23.8,94.4,1015.5,11.9,4.0,Cloudy
37.7,83.7,1013.1,33.9,7.4,Cloudy
29.2,87.8,1016.8,30.6,8.8,Rainy
34.1,58.1,999.3,11.6,2.5,Cloudy
35.3,82.9,996.8,24.3,14.5,Rainy
23.5,65.6,998.0,25.7,8.3,Rainy
25.8,47.7,999.0,16.2,2.4,Cloudy
36.2,42.8,1008.3,30.5,0.0,Sunny
24.1,56.7,1019.3,24.8,0.0,Sunny
34.8,43.7,1003.9,23.7,0.0,Sunny
38.5,97.9,1019.0,9.3,6.3,Cloudy
30.6,38.1,996.0,15.5,0.0,Sunny
33.5,62.8,1018.2,16.3,0.0,Sunny
35.1,63.5,999.5,26.2,3.7,Cloudy
36.1,53.9,1017.8,22.4,0.0,Sunny
24.9,71.0,996.4,4.8,4.7,Cloudy
16.3,44.4,1018.7,12.2,0.0,Sunny
25.0,84.4,1000.0,17.6,13.7,Rainy
31.8,55.9,1002.6,26.3,0.0,Sunny
26.3,72.3,1007.3,26.5,8.9,Rainy
33.7,80.1,1004.5,18.2,12.3,Rainy
23.9,91.0,1011.7,5.9,3.0,Cloudy
30.9,87.7,1019.4,11.7,4.7,Cloudy
19.7,73.3,1010.2,10.4,0.0,Cloudy
33.7,59.5,1013.0,27.8,0.0,Sunny
28.6,66.7,997.2,7.9,6.8,Cloudy
20.1,83.4,1010.7,17.3,9.5,Rainy
22.3,90.3,1006.3,24.1,13.7,Rainy
33.7,41.5,1017.1,33.8,0.0,Sunny
27.1,59.2,1004.7,35.0,0.2,Sunny
20.4,83.9,1012.0,33.4,17.4,Rainy
39.2,62.2,1000.7,25.7,4.0,Cloudy
32.9,55.9,1001.5,26.6,2.8,Cloudy
38.9,60.9,1004.4,27.1,0.0,Sunny
25.7,73.0,1002.6,30.5,4.6,Cloudy
26.9,98.0,1001.3,33.4,22.6,Rainy
37.4,66.1,996.2,16.7,0.8,Sunny
28.1,48.1,1015.9,15.7,0.0,Sunny
32.7,45.3,996.6,17.2,0.0,Sunny
21.3,37.7,1017.2,23.8,0.0,Sunny
26.2,70.2,998.1,27.6,6.4,Cloudy
18.1,69.3,996.6,30.7,16.6,Rainy
20.1,47.9,1009.1,17.1,0.0,Sunny
15.0,78.8,1007.6,14.0,0.9,Cloudy
16.0,81.7,1007.3,34.5,12.2,Rainy
39.4,51.3,1009.4,9.7,0.0,Sunny
21.1,56.7,1002.2,9.3,0.0,Sunny
31.6,97.4,1011.6,25.6,15.7,Rainy
36.0,58.6,1007.6,7.9,0.0,Sunny
28.8,82.9,1003.4,15.2,12.9,Rainy
18.8,63.5,1015.7,11.6,0.0,Sunny
33.2,85.0,1013.2,7.6,0.0,Cloudy
30.0,83.4,1004.8,21.1,2.9,Cloudy
33.3,77.1,1016.2,14.3,0.0,Cloudy
34.2,88.9,1018.0,17.3,0.8,Cloudy
39.4,94.2,1008.4,8.5,8.9,Rainy
29.3,71.5,1000.4,27.3,8.1,Rainy
23.5,50.0,1017.9,12.4,0.0,Sunny
31.2,60.1,999.7,13.3,0.2,Sunny
16.7,82.8,996.2,10.3,13.6,Rainy
37.4,76.0,1003.2,16.3,0.0,Cloudy
18.0,46.2,1013.2,17.3,0.0,Sunny
23.2,38.2,1018.1,19.5,0.0,Sunny
35.4,78.0,1010.9,33.9,2.0,Cloudy
29.9,50.8,1018.8,31.9,0.0,Sunny
24.8,66.5,997.3,22.1,8.4,Rainy
26.8,82.0,996.5,3.3,18.7,Rainy
36.4,70.4,1010.1,22.2,3.1,Cloudy
23.5,40.2,1019.2,5.0,0.0,Sunny
36.7,46.7,1007.6,25.4,0.0,Sunny
17.2,48.8,996.3,14.9,3.7,Cloudy
34.4,51.2,1000.5,29.6,0.0,Sunny
36.2,70.6,1001.1,33.1,12.1,Rainy
19.5,66.7,1003.4,15.8,1.4,Sunny
25.8,47.8,996.1,17.2,0.0,Sunny
19.1,39.3,1017.6,21.5,0.0,Sunny
32.7,45.8,1007.9,8.5,0.0,Sunny
28.4,97.0,1011.8,32.6,10.8,Rainy
30.9,64.5,996.7,16.3,10.0,Rainy
19.9,89.6,996.4,7.5,10.1,Rainy
20.3,88.5,1009.7,27.2,5.2,Cloudy
16.0,67.2,1017.2,9.2,0.0,Sunny
23.1,79.5,1008.2,6.7,3.0,Cloudy
29.0,47.1,1016.9,20.6,0.0,Sunny
36.4,78.4,1015.3,24.2,1.9,Cloudy
31.7,52.2,996.9,20.8,0.0,Sunny
25.9,87.4,1000.0,23.7,15.4,Rainy
38.8,40.3,1011.4,5.8,0.0,Sunny
33.0,83.7,1006.1,17.7,9.3,Rainy
38.3,41.3,1002.3,13.8,0.0,Sunny
28.2,90.5,1005.5,34.1,13.2,Rainy
21.5,54.2,1006.1,3.6,0.0,Sunny
16.3,76.2,1017.8,11.8,0.0,Cloudy
33.2,65.7,997.6,33.1,2.7,Cloudy
18.0,58.1,1002.0,34.5,3.8,Cloudy
22.6,75.7,1008.4,29.2,1.4,Cloudy
28.3,94.7,1012.5,4.5,9.1,Rainy
29.1,37.6,1010.8,20.5,0.0,Sunny
30.0,92.9,1018.5,15.2,0.0,Cloudy
19.2,73.4,1014.9,28.6,0.0,Cloudy
24.5,85.9,1008.9,3.8,13.7,Rainy
30.4,59.2,1000.4,8.5,0.0,Sunny
39.2,64.7,1006.3,18.1,2.3,Cloudy
33.2,89.7,1012.3,7.2,5.8,Cloudy
38.1,61.1,1015.9,24.9,0.0,Sunny
34.1,68.7,1019.0,29.1,0.1,Sunny
29.8,36.3,1010.1,25.2,0.0,Sunny
19.8,45.0,1008.2,16.5,0.0,Sunny
31.7,75.4,995.4,31.0,12.1,Rainy
30.6,80.2,996.8,6.5,10.8,Rainy
30.1,71.7,998.9,10.6,9.9,Rainy
27.2,44.0,996.4,18.2,0.0,Sunny
28.2,63.1,1005.0,4.0,8.3,Rainy
23.4,57.4,1003.4,5.2,0.0,Sunny
28.0,66.2,1010.9,15.1,0.0,Sunny
19.9,89.8,1008.4,33.1,3.9,Cloudy
35.1,83.9,1009.9,32.0,7.4,Cloudy
19.6,40.3,1006.8,17.4,0.0,Sunny
17.1,91.1,1001.9,6.7,8.5,Rainy
25.9,64.7,1018.8,7.9,0.0,Sunny
31.5,81.9,997.2,14.5,15.0,Rainy
25.9,43.8,1018.5,8.9,0.0,Sunny
21.9,77.3,1002.8,4.7,7.5,Cloudy
29.0,49.9,1007.8,24.2,0.0,Sunny
23.7,62.6,997.7,21.2,10.3,Rainy
38.3,36.1,996.8,11.6,0.0,Sunny
38.1,44.6,1005.7,27.7,0.0,Sunny
27.6,40.8,1013.5,27.6,0.0,Sunny
23.2,50.1,1001.7,18.2,0.0,Sunny
33.4,41.3,1009.1,5.2,0.0,Sunny
15.9,78.6,1002.0,32.3,10.7,Rainy
26.9,36.8,1004.7,24.1,0.0,Sunny
23.4,73.9,1017.7,10.2,0.0,Cloudy
38.0,43.9,1016.4,22.1,0.0,Sunny
15.3,94.5,1007.9,15.4,7.4,Cloudy
28.8,93.8,1001.0,23.0,13.6,Rainy
33.5,49.2,999.8,17.6,6.2,Cloudy
27.1,73.7,1018.9,18.0,0.0,Cloudy
17.1,36.8,1000.1,26.3,0.0,Sunny
39.3,93.7,1015.2,22.3,7.3,Cloudy
28.0,67.9,1004.2,4.6,0.8,Sunny
30.4,37.7,1019.6,4.2,0.0,Sunny
20.9,56.6,1004.2,12.1,0.0,Sunny
27.1,39.8,1003.8,16.2,0.0,Sunny
25.7,59.8,1010.9,11.1,0.0,Sunny
16.9,77.2,1019.0,23.5,0.0,Cloudy
17.7,64.6,1019.4,8.4,0.0,Sunny
35.9,59.2,1012.7,25.2,0.0,Sunny
21.0,42.5,1013.9,27.5,0.0,Sunny
19.9,50.4,1009.1,6.1,0.0,Sunny
27.6,41.3,1013.9,23.5,0.0,Sunny
34.2,85.9,1016.5,33.7,3.8,Cloudy
16.5,43.5,1007.2,8.4,0.0,Sunny
29.4,72.5,1010.5,32.0,0.1,Cloudy
18.0,56.6,1008.4,22.0,0.0,Sunny
15.9,49.2,1009.1,21.5,0.0,Sunny
16.3,75.3,1017.3,3.7,0.0,Cloudy
35.9,63.8,1003.9,26.7,0.5,Sunny
17.9,60.2,1000.2,17.8,1.8,Sunny
16.1,72.3,1006.4,25.8,1.5,Cloudy
25.9,65.9,1000.2,28.7,1.6,Sunny
36.1,54.1,1007.5,19.3,0.0,Sunny
21.6,70.2,1017.6,10.7,0.0,Cloudy
25.5,77.2,1010.4,6.7,3.3,Cloudy
16.0,36.7,1016.4,7.3,0.0,Sunny
26.2,64.3,999.2,30.6,8.4,Rainy
29.4,38.6,1017.5,6.1,0.0,Sunny
29.3,46.7,1010.0,14.7,0.0,Sunny
23.3,70.3,995.8,13.0,14.3,Rainy
22.9,89.6,1010.8,30.6,14.8,Rainy
17.7,90.6,1018.8,17.8,4.1,Cloudy
24.2,39.4,997.0,34.9,0.0,Sunny
17.5,61.4,1009.6,26.3,0.0,Sunny
34.2,71.7,1017.9,30.1,0.0,Cloudy
39.2,44.3,995.2,5.3,3.1,Cloudy
39.3,83.2,1010.8,10.4,0.0,Cloudy
36.6,81.9,1006.9,6.5,9.4,Rainy
30.0,91.9,1003.7,17.3,11.8,Rainy
32.5,35.5,1010.7,25.7,0.0,Sunny
22.1,48.7,996.3,7.6,0.0,Sunny
30.8,87.1,1013.8,6.3,0.0,Cloudy
26.4,77.2,995.1,22.3,16.4,Rainy
27.1,91.3,1002.7,9.6,16.0,Rainy
33.9,38.6,1007.6,17.8,0.0,Sunny
22.0,72.6,1004.4,3.7,0.4,Cloudy
23.0,70.8,1002.7,24.5,1.5,Cloudy
38.1,37.2,1015.8,19.9,0.0,Sunny
16.4,67.4,1018.4,23.4,0.0,Sunny
27.1,73.4,1016.8,11.1,0.0,Cloudy
37.8,47.1,1008.1,11.2,0.0,Sunny
30.3,52.2,1017.1,28.4,0.0,Sunny
28.7,75.3,1018.0,25.7,0.0,Cloudy
21.2,64.5,1005.2,21.1,2.3,Cloudy
23.6,89.1,1002.1,22.7,19.2,Rainy
36.3,56.6,997.5,5.1,0.0,Sunny
29.0,51.8,1007.0,30.3,0.0,Sunny
27.9,97.0,1018.7,27.4,14.2,Rainy
17.5,92.4,1009.0,21.5,13.1,Rainy
15.4,36.8,1011.7,32.3,0.0,Sunny
39.1,83.6,997.8,7.6,10.1,Rainy
24.4,42.0,998.6,24.7,0.0,Sunny
30.1,36.7,1006.6,33.8,0.0,Sunny
17.0,52.2,1018.8,12.2,0.0,Sunny
32.1,52.0,1004.0,2.5,0.0,Sunny
38.3,86.6,1016.9,26.3,0.5,Cloudy
29.4,79.8,998.0,2.2,9.6,Rainy
18.2,96.8,1010.4,30.8,17.5,Rainy
29.5,79.8,1010.0,3.9,2.7,Cloudy
34.2,61.4,1016.5,23.5,0.0,Sunny
25.2,79.0,995.1,14.4,14.4,Rainy
37.0,98.0,999.7,8.7,13.4,Rainy
31.2,79.7,1000.5,31.6,8.0,Rainy
37.5,83.0,1018.7,26.6,0.0,Cloudy
30.6,94.1,998.8,13.2,18.3,Rainy
18.3,42.2,995.9,11.4,0.0,Sunny
22.7,79.4,1008.4,26.3,9.2,Rainy
20.0,88.6,1008.2,29.6,15.4,Rainy
37.7,95.1,1016.1,25.6,13.5,Rainy
34.0,48.3,1018.7,23.1,0.0,Sunny
31.9,66.7,1008.5,9.5,0.0,Sunny
22.5,77.9,1018.2,30.1,5.0,Cloudy
19.6,50.6,1013.1,26.7,0.0,Sunny
33.9,72.8,1001.6,19.1,2.1,Cloudy
26.9,51.2,1018.2,18.9,0.0,Sunny
20.6,56.0,1011.7,20.8,0.0,Sunny
30.4,62.8,1005.4,29.3,1.4,Sunny
16.0,68.3,1012.0,26.5,0.0,Sunny
23.2,63.3,1005.0,30.3,3.3,Cloudy
26.7,66.1,997.9,18.7,4.0,Cloudy
18.7,53.8,1013.0,22.6,0.0,Sunny
39.6,45.0,1015.6,30.2,0.0,Sunny
20.2,38.0,1013.2,9.7,0.0,Sunny
18.3,47.3,1000.7,16.7,0.0,Sunny
20.1,71.7,1018.9,22.5,0.0,Cloudy
34.2,84.5,995.6,32.2,21.9,Rainy
25.6,45.7,1003.3,2.5,0.0,Sunny
29.1,41.8,1001.5,9.0,0.0,Sunny
15.5,82.2,996.2,9.7,16.2,Rainy
15.9,54.2,1005.1,12.8,0.0,Sunny
26.1,94.9,1010.6,11.3,10.4,Rainy
35.4,80.0,1017.1,21.5,1.1,Cloudy
37.1,55.6,1019.7,31.2,0.0,Sunny
17.2,53.2,1015.2,23.0,0.0,Sunny
28.5,68.0,1006.7,10.0,0.0,Sunny
37.8,40.0,1013.1,30.5,0.0,Sunny
24.7,42.4,1016.1,22.9,0.0,Sunny
35.7,46.1,1006.6,9.2,0.0,Sunny
18.3,83.8,1014.6,13.9,3.4,Cloudy
38.4,67.4,1007.1,28.1,3.5,Cloudy
33.8,35.7,1004.7,26.4,0.0,Sunny
38.5,77.4,1008.2,21.0,1.4,Cloudy
31.9,61.7,1011.9,6.8,0.0,Sunny
24.1,67.2,1013.2,28.5,0.8,Sunny
38.5,48.5,1003.9,12.1,0.0,Sunny
21.9,69.8,1009.3,27.5,0.0,Sunny
23.3,96.7,1017.7,23.4,3.3,Cloudy
32.5,39.6,1019.4,10.7,0.0,Sunny
34.1,52.9,1000.7,9.0,0.0,Sunny
38.2,50.3,999.8,6.3,0.0,Sunny
20.1,50.7,1011.9,10.0,0.0,Sunny
34.9,58.9,1005.4,7.2,0.0,Sunny
33.5,86.5,995.6,22.4,21.7,Rainy
16.6,92.5,1003.7,21.8,9.8,Rainy
24.7,47.7,1015.2,21.3,0.0,Sunny
22.1,69.2,1014.9,23.2,0.0,Sunny
22.6,75.1,1007.4,28.9,6.9,Cloudy
39.6,67.9,1006.8,32.1,4.9,Cloudy
31.1,62.3,1009.5,9.6,0.0,Sunny
32.9,47.1,1000.5,21.4,0.0,Sunny
39.4,65.8,1008.2,4.6,1.9,Sunny
24.4,60.3,995.3,6.0,0.8,Sunny
35.0,85.1,1006.9,23.6,10.5,Rainy
25.9,83.1,1003.4,18.1,7.3,Cloudy
36.7,43.4,1011.9,27.0,0.0,Sunny
19.5,40.6,1011.0,16.0,0.0,Sunny
38.7,92.2,1004.5,6.2,6.0,Cloudy
20.5,68.7,995.2,30.8,10.2,Rainy
23.2,89.0,1001.3,4.7,3.8,Cloudy
33.9,38.7,1010.8,8.2,0.0,Sunny
24.8,68.2,996.8,11.1,15.1,Rainy
30.2,69.0,997.7,34.8,1.5,Sunny
26.1,89.2,1011.2,15.8,1.3,Cloudy
33.6,41.1,1013.9,18.6,0.0,Sunny
20.7,50.1,1003.0,27.4,0.0,Sunny
16.5,60.6,1007.2,23.0,0.0,Sunny
22.5,89.5,1018.6,29.8,0.0,Cloudy
26.9,94.1,1018.6,18.1,5.6,Cloudy
19.2,97.5,1002.7,34.1,23.0,Rainy
23.9,95.4,1015.2,28.3,20.2,Rainy
25.0,35.4,1009.8,15.2,0.0,Sunny
16.4,38.0,1019.4,14.6,0.0,Sunny
29.6,44.3,1006.9,32.7,0.0,Sunny
37.1,57.0,1014.4,24.6,0.0,Sunny
18.8,87.3,1014.2,22.5,2.3,Cloudy
29.9,91.2,1007.4,27.0,15.3,Rainy
31.6,46.8,1014.9,20.5,0.0,Sunny
25.5,74.0,1001.5,7.3,10.6,Rainy
32.5,92.8,998.1,12.5,20.5,Rainy
25.3,64.2,1005.6,20.4,1.5,Sunny
27.6,41.5,1018.6,2.6,0.0,Sunny
15.2,63.8,1007.5,16.4,0.0,Sunny
32.3,58.7,1010.9,26.9,0.0,Sunny
31.5,71.4,1010.6,7.4,0.0,Cloudy
16.0,62.6,998.3,4.1,1.0,Sunny
24.2,36.1,1004.8,29.6,0.0,Sunny
39.5,97.6,1012.7,22.4,16.2,Rainy
25.5,69.2,1019.3,7.8,0.0,Sunny
27.5,64.8,999.2,28.6,5.5,Cloudy
37.7,95.1,1005.3,23.7,13.2,Rainy
32.9,44.8,997.4,13.0,0.0,Sunny
29.6,46.9,1001.1,14.4,0.0,Sunny
34.9,85.9,1004.4,7.1,3.1,Cloudy
36.6,51.4,1008.5,29.6,0.0,Sunny
26.4,85.4,1000.8,18.8,16.1,Rainy
26.9,52.1,1000.7,20.4,0.0,Sunny
24.7,37.1,1014.4,31.2,0.0,Sunny
39.2,67.6,1019.1,2.5,0.0,Sunny
32.4,47.4,1003.1,4.2,0.0,Sunny
17.1,82.7,1012.2,7.3,8.0,Rainy
36.6,75.4,1001.5,3.0,2.6,Cloudy
27.0,93.2,1018.2,23.7,8.6,Rainy
16.7,84.3,1011.8,22.9,7.4,Cloudy
28.7,46.4,1015.1,9.0,0.0,Sunny
25.4,85.4,996.2,6.9,11.2,Rainy
36.9,75.4,1010.0,6.8,0.0,Cloudy
20.1,77.1,1008.2,33.5,2.2,Cloudy
35.7,87.4,1002.3,24.9,9.9,Rainy
28.9,71.2,1001.6,21.3,8.0,Rainy
16.4,64.4,1009.5,12.6,0.0,Sunny
39.3,75.1,1012.7,16.3,1.8,Cloudy
27.8,53.8,995.8,5.0,2.3,Cloudy
22.3,46.5,1009.2,34.9,0.0,Sunny
26.7,73.8,999.3,26.9,9.1,Rainy
36.4,49.7,998.5,22.5,0.0,Sunny
22.6,40.0,1010.6,21.4,0.0,Sunny
19.8,35.0,1002.8,18.6,0.0,Sunny
18.2,73.3,1006.0,10.5,3.4,Cloudy
22.4,57.8,1004.0,9.5,0.0,Sunny
34.5,82.4,1011.2,20.1,7.0,Cloudy
26.8,58.6,1006.8,4.3,0.8,Sunny
20.7,65.6,1019.1,4.5,0.0,Sunny
19.2,60.6,1003.8,20.5,0.0,Sunny
23.3,76.0,1013.5,32.4,0.0,Cloudy
38.5,57.4,1001.4,32.2,7.1,Cloudy
23.6,95.7,1007.7,2.4,8.3,Rainy
39.7,94.0,1008.8,5.5,13.9,Rainy
27.1,88.4,1003.2,21.2,18.8,Rainy
19.5,93.0,1006.8,30.0,15.5,Rainy
37.3,63.3,1002.0,33.5,5.6,Cloudy
26.5,68.8,995.2,30.4,11.3,Rainy
32.7,81.8,1000.4,24.4,11.2,Rainy
39.6,78.9,1012.5,8.6,0.0,Cloudy
16.3,91.1,1014.3,4.4,3.4,Cloudy
17.4,80.1,1002.0,3.6,14.8,Rainy
33.0,97.9,1005.2,22.2,11.9,Rainy
22.0,57.0,995.9,3.2,2.1,Cloudy
19.6,87.5,1000.9,26.4,17.9,Rainy
16.0,79.0,1014.5,25.5,0.4,Cloudy
15.5,78.6,1010.1,4.6,3.0,Cloudy
34.4,55.5,1000.1,31.9,0.0,Sunny
18.4,84.5,1001.4,19.2,17.5,Rainy
26.7,91.7,1015.4,31.8,12.1,Rainy
30.1,48.8,1000.2,31.8,0.0,Sunny
25.7,74.4,1003.4,8.5,1.2,Cloudy
15.7,59.7,1011.6,14.6,0.0,Sunny
34.6,97.3,1009.0,6.4,6.2,Cloudy
15.3,65.2,1006.5,27.6,0.0,Sunny
34.0,49.4,1017.5,18.6,0.0,Sunny
37.3,59.1,1000.5,32.7,9.5,Rainy
25.8,76.2,1013.5,8.9,1.0,Cloudy
28.4,39.8,999.0,24.7,0.0,Sunny
26.9,73.0,1010.4,34.6,0.0,Cloudy
24.7,93.7,1016.8,24.0,6.5,Cloudy
37.2,88.6,1006.4,4.3,9.3,Rainy
37.3,39.3,1013.1,21.4,0.0,Sunny
23.4,97.6,1015.5,7.9,13.8,Rainy
30.4,79.0,998.4,3.0,8.9,Rainy
38.2,45.2,1012.6,13.1,0.0,Sunny
39.1,35.8,1018.0,10.8,0.0,Sunny
27.7,45.8,1009.4,28.0,0.0,Sunny
26.3,87.8,999.7,14.3,15.7,Rainy
22.0,36.4,998.2,26.2,0.0,Sunny
39.0,49.7,1001.5,2.5,0.0,Sunny
18.6,82.7,997.6,2.5,3.6,Cloudy
29.5,71.9,1007.8,3.0,0.0,Cloudy
22.1,84.3,996.7,9.2,12.6,Rainy
22.0,82.0,1000.6,14.3,11.9,Rainy
25.1,38.2,1006.0,22.1,0.0,Sunny
40.0,91.2,1006.8,34.5,18.7,Rainy
16.4,49.3,1009.1,13.7,0.0,Sunny
29.5,69.9,1012.6,3.8,0.0,Sunny
17.1,75.6,996.2,8.4,7.9,Cloudy
18.9,45.6,997.0,31.6,0.0,Sunny
26.0,96.5,996.5,25.1,18.6,Rainy
27.8,65.8,1005.6,28.1,8.0,Rainy
21.5,38.6,996.0,6.1,0.0,Sunny
22.9,94.0,1013.7,6.5,13.9,Rainy
17.2,71.9,1000.6,5.7,5.1,Cloudy
22.6,79.0,1018.5,30.3,0.0,Cloudy
39.2,68.1,1007.2,8.9,0.0,Sunny
38.6,87.6,1006.2,23.2,15.0,Rainy
23.4,37.1,1014.5,19.0,0.0,Sunny
29.3,51.9,1012.8,20.0,0.0,Sunny
37.7,64.6,1010.2,8.4,0.0,Sunny
15.2,39.8,1018.4,23.0,0.0,Sunny
35.3,79.5,1005.6,3.4,10.2,Rainy
38.7,59.8,1015.2,34.8,0.0,Sunny
17.3,52.2,1004.5,2.9,0.0,Sunny
19.0,35.2,1016.0,3.7,0.0,Sunny
39.0,80.3,1001.5,12.7,7.3,Cloudy
28.4,87.5,1002.2,29.4,23.4,Rainy
15.4,59.9,1011.9,10.5,0.0,Sunny
21.4,70.5,1000.3,17.6,4.1,Cloudy
26.2,49.3,1000.7,2.6,0.0,Sunny
32.3,74.2,1002.6,4.6,0.0,Cloudy
33.3,35.8,1012.0,22.1,0.0,Sunny
39.9,65.8,1017.2,8.4,0.0,Sunny
22.2,75.6,1011.9,24.9,2.1,Cloudy
28.5,92.8,1015.7,27.9,0.0,Cloudy
28.3,59.0,1008.6,30.1,0.0,Sunny
25.1,83.2,996.7,6.4,19.8,Rainy
19.2,72.7,997.5,17.0,9.5,Rainy
39.4,93.4,1008.9,33.3,10.0,Rainy
36.3,60.1,1003.2,27.5,1.1,Sunny
27.5,55.1,1000.5,5.9,0.0,Sunny
30.1,90.9,1006.7,18.6,20.1,Rainy
20.7,38.1,1011.7,32.4,0.0,Sunny
28.6,43.6,1004.6,16.5,0.0,Sunny
32.4,40.2,1015.1,29.6,0.0,Sunny
27.9,88.1,1013.5,18.4,6.0,Cloudy
39.8,35.7,1013.4,5.5,0.0,Sunny
30.3,89.3,1019.6,6.9,2.8,Cloudy
24.3,63.4,1002.4,3.5,7.5,Cloudy
34.3,35.3,1011.1,8.4,0.0,Sunny
19.3,60.3,1016.4,31.5,0.0,Sunny
24.6,46.8,1009.5,23.5,0.0,Sunny
23.7,74.3,1014.7,26.4,2.1,Cloudy
25.8,77.8,1005.4,22.5,3.4,Cloudy
34.5,65.7,1009.8,14.8,0.8,Sunny
27.1,37.6,996.4,9.2,0.0,Sunny
34.9,76.3,1019.6,32.5,4.7,Cloudy
29.4,88.0,1015.0,19.0,0.0,Cloudy
23.6,80.4,1016.7,17.9,3.6,Cloudy
35.2,87.3,1012.4,34.9,11.8,Rainy
21.0,47.6,999.7,14.7,0.0,Sunny
20.6,91.0,995.8,30.2,16.3,Rainy
27.6,55.3,1016.6,30.5,0.0,Sunny
21.5,35.8,1004.9,9.7,0.0,Sunny
15.2,88.1,1001.6,5.1,4.3,Cloudy
31.2,94.3,1009.0,34.2,19.8,Rainy
27.8,76.3,1005.5,16.1,3.8,Cloudy
26.1,49.6,1011.3,2.1,0.0,Sunny
39.2,50.9,1007.1,18.5,0.0,Sunny
29.3,64.4,1012.4,22.4,0.0,Sunny
36.6,91.6,1016.3,27.6,2.8,Cloudy
18.5,44.4,999.9,33.1,0.0,Sunny
29.2,87.0,1003.2,32.2,14.6,Rainy
36.7,53.4,1005.9,33.0,0.0,Sunny
29.6,85.9,1019.1,3.1,0.0,Cloudy
33.0,93.0,1004.1,25.5,2.8,Cloudy
24.3,61.9,1004.5,9.5,0.0,Sunny
17.3,58.0,1011.3,8.2,0.0,Sunny
26.4,85.5,1005.5,28.4,5.6,Cloudy
24.9,68.4,1018.8,15.8,0.0,Sunny
36.7,78.1,1017.4,32.2,0.0,Cloudy
21.1,74.2,1007.8,3.4,1.6,Cloudy
39.2,44.6,1011.1,28.5,0.0,Sunny
39.0,88.2,996.5,6.5,20.3,Rainy
21.2,47.3,1012.4,7.8,0.0,Sunny
23.7,93.7,1012.7,17.8,9.0,Rainy
37.4,50.8,1004.0,15.1,0.0,Sunny
39.2,81.2,1000.5,18.0,8.1,Rainy
26.1,52.9,1017.9,33.0,0.0,Sunny
23.0,55.0,1005.7,23.7,0.0,Sunny
28.2,54.5,1011.3,11.6,0.0,Sunny
32.2,82.1,995.8,7.7,16.1,Rainy
21.8,70.1,1005.4,15.9,0.6,Cloudy
33.4,90.6,1015.4,16.9,3.3,Cloudy
16.3,54.4,1004.7,21.8,0.0,Sunny
16.2,78.6,1010.1,10.8,5.3,Cloudy
24.7,82.4,1000.2,27.3,5.5,Cloudy
23.8,44.5,1005.4,5.2,0.0,Sunny
22.9,60.2,1018.2,20.5,0.0,Sunny
27.3,65.4,1009.2,22.6,0.0,Sunny
23.0,57.4,1017.5,8.8,0.0,Sunny
19.8,55.3,1017.6,29.3,0.0,Sunny
22.7,78.2,1018.6,22.3,0.0,Cloudy
39.4,48.6,1017.4,23.3,0.0,Sunny
25.3,79.7,995.1,18.4,20.2,Rainy
26.1,93.9,1018.4,32.0,8.5,Rainy
29.4,70.6,998.4,24.9,17.4,Rainy
39.6,73.5,996.0,14.6,9.9,Rainy
21.0,39.3,996.4,9.9,0.0,Sunny
32.0,89.5,1003.7,4.3,6.3,Cloudy
32.9,53.0,1010.5,7.5,0.0,Sunny
30.2,73.7,1005.1,34.8,10.9,Rainy
17.2,96.7,995.6,15.4,21.6,Rainy
31.9,72.5,1006.9,31.7,3.4,Cloudy
16.6,80.7,1006.1,7.6,10.5,Rainy
29.9,63.1,1013.9,16.0,0.0,Sunny
33.5,38.8,1002.0,33.7,0.0,Sunny
20.3,85.2,1000.4,5.0,8.0,Rainy
36.0,37.2,1001.4,21.6,0.0,Sunny
15.8,79.1,1002.6,32.3,12.8,Rainy
36.1,36.4,1010.0,33.3,0.0,Sunny
26.5,89.3,1006.8,29.9,7.3,Cloudy
20.4,44.9,1003.4,30.2,0.0,Sunny
18.3,67.4,1004.4,23.5,2.9,Cloudy
38.8,72.6,1004.3,9.3,8.8,Rainy
16.8,63.8,1019.3,26.1,0.0,Sunny
20.0,56.5,1000.8,34.3,3.2,Cloudy
23.7,64.5,1015.5,19.4,0.0,Sunny
30.5,54.6,1012.7,10.6,0.0,Sunny
28.6,62.6,995.1,20.9,13.2,Rainy
18.1,57.6,1019.8,24.8,0.0,Sunny
22.2,70.7,1013.9,8.9,0.0,Cloudy
21.0,50.0,1012.1,25.7,0.0,Sunny
20.3,97.3,1005.1,21.4,19.0,Rainy
25.3,66.6,1008.9,22.2,0.0,Sunny
32.6,47.2,1001.3,12.1,0.0,Sunny
20.4,65.1,995.9,7.1,7.2,Cloudy
24.2,89.6,1015.9,22.6,4.7,Cloudy
24.8,36.4,1017.4,21.3,0.0,Sunny
39.4,77.8,999.1,13.2,14.1,Rainy
38.9,69.5,1014.7,11.8,0.0,Sunny
35.0,45.7,1013.5,13.5,0.0,Sunny
21.0,86.5,999.5,18.2,19.0,Rainy
16.7,58.2,1005.5,34.2,0.0,Sunny
22.9,53.5,1005.6,27.2,0.0,Sunny
21.7,87.2,1014.0,30.1,4.6,Cloudy
27.6,75.2,1015.9,18.7,0.0,Cloudy
34.4,91.6,997.4,19.4,22.3,Rainy
36.5,74.7,1009.1,8.7,0.0,Cloudy
36.1,81.7,1014.0,25.8,10.0,Rainy
24.0,87.7,1014.7,15.9,0.0,Cloudy
32.2,38.4,998.7,26.5,0.0,Sunny
22.8,83.9,1008.1,15.5,5.8,Cloudy
16.5,73.7,1016.4,5.6,0.2,Cloudy
32.5,39.4,1003.0,7.7,0.0,Sunny
15.2,67.0,1005.6,28.8,4.6,Cloudy
25.2,40.2,1015.1,10.5,0.0,Sunny
23.2,81.4,997.2,10.7,18.6,Rainy
32.3,69.4,1016.5,32.7,0.0,Sunny
34.2,95.1,1002.8,23.7,18.4,Rainy
22.6,46.5,995.0,5.8,0.0,Sunny
35.3,73.2,1000.9,6.7,6.4,Cloudy
22.3,48.3,997.2,11.0,0.0,Sunny
26.2,73.7,997.3,21.6,9.1,Rainy
33.2,80.5,1012.3,26.8,0.0,Cloudy
32.3,80.5,1000.3,11.1,11.6,Rainy
39.7,86.3,1018.4,30.7,0.0,Cloudy
20.6,88.8,1007.9,5.6,3.1,Cloudy
31.6,39.9,1006.5,8.9,0.0,Sunny
30.2,56.6,1005.9,34.0,0.0,Sunny
37.9,78.3,1012.3,6.4,1.9,Cloudy
18.9,66.4,1006.3,31.3,4.3,Cloudy
33.8,47.0,998.2,25.2,1.1,Sunny
29.2,69.8,1017.0,4.4,0.0,Sunny
21.9,60.7,1005.7,18.0,0.0,Sunny
26.9,59.6,996.9,19.1,1.7,Sunny
23.3,86.0,1008.2,32.8,14.0,Rainy
29.5,60.7,1011.2,15.9,0.0,Sunny
37.2,36.7,1001.9,16.7,0.0,Sunny
29.2,38.7,1015.0,5.7,0.0,Sunny
30.8,88.9,1011.7,23.1,9.6,Rainy
28.0,95.5,1011.3,9.0,3.2,Cloudy
16.3,78.4,1005.5,4.6,0.0,Cloudy
20.8,58.0,1019.0,34.9,0.0,Sunny
27.3,94.1,1001.9,10.9,21.5,Rainy
22.8,76.8,1009.4,6.7,0.0,Cloudy
19.5,88.2,1002.7,25.1,21.4,Rainy
27.6,83.2,1013.6,29.1,0.3,Cloudy
23.1,58.9,996.2,4.1,0.0,Sunny
21.5,65.2,996.1,5.5,8.7,Rainy
26.6,46.7,1015.3,5.0,0.0,Sunny
18.3,53.4,1005.9,3.5,0.0,Sunny
38.2,84.0,1003.5,23.8,13.9,Rainy
36.7,91.3,1010.2,21.4,6.2,Cloudy
32.7,80.6,1012.5,23.9,6.7,Cloudy
17.7,64.3,1000.0,18.7,5.0,Cloudy
34.4,40.5,999.6,29.0,0.0,Sunny
35.2,38.6,1019.0,20.0,0.0,Sunny
34.2,58.6,1009.7,32.3,1.0,Sunny
17.8,64.2,1004.8,18.0,2.1,Cloudy
31.1,73.4,1015.0,28.1,0.0,Cloudy
35.9,35.4,1008.1,15.4,0.0,Sunny
29.4,97.4,1001.0,16.4,21.1,Rainy
31.2,57.9,1000.2,30.0,1.2,Sunny
26.5,88.4,1004.9,5.6,10.0,Rainy
28.2,68.7,1016.5,20.6,0.0,Sunny
15.9,43.2,996.5,26.0,0.0,Sunny
31.0,85.2,1000.5,26.8,12.7,Rainy
17.0,79.7,1017.3,21.5,0.0,Cloudy
25.9,68.2,998.0,16.8,6.3,Cloudy
22.3,67.4,1010.7,10.6,0.0,Sunny
28.6,40.5,1000.3,32.0,0.0,Sunny
18.3,76.3,1010.1,14.2,0.0,Cloudy
32.3,92.4,1004.6,28.4,18.6,Rainy
34.9,40.9,997.5,3.0,0.0,Sunny
19.1,51.6,1009.6,9.7,0.0,Sunny
17.6,91.8,1012.1,13.4,14.1,Rainy
18.6,52.9,1012.0,24.2,0.0,Sunny
36.9,76.2,1010.9,12.5,0.0,Cloudy
28.2,68.7,1007.5,3.4,0.0,Sunny
26.7,72.6,1008.0,7.7,0.0,Cloudy
17.7,61.2,1010.9,10.6,6.9,Cloudy
31.2,53.9,1012.3,7.8,0.0,Sunny
36.7,38.1,1011.4,8.7,0.0,Sunny
35.7,81.9,1009.7,27.4,8.2,Rainy
30.7,82.0,998.9,15.6,1.8,Cloudy
16.9,77.3,1000.3,15.4,6.1,Cloudy
17.8,75.5,1001.5,33.9,7.6,Cloudy
16.2,50.4,1018.0,16.7,0.0,Sunny
21.4,36.4,1014.0,32.6,0.0,Sunny
18.4,85.9,1008.8,11.9,8.6,Rainy
21.5,65.9,1001.3,15.2,0.0,Sunny
24.6,54.3,997.8,15.1,0.0,Sunny
38.6,41.4,1017.5,20.0,0.0,Sunny
30.3,39.0,1017.3,21.3,0.0,Sunny
35.9,57.0,997.8,10.2,3.4,Cloudy
32.8,85.7,1014.9,28.2,3.9,Cloudy
17.8,92.9,1006.2,18.4,13.4,Rainy
33.4,91.5,1003.1,2.2,4.9,Cloudy
21.9,93.0,1013.5,21.5,10.6,Rainy
31.0,92.2,1010.4,28.3,9.2,Rainy
23.5,68.2,1014.5,10.3,0.0,Sunny
39.9,48.8,996.9,3.2,2.2,Cloudy
21.6,85.3,1003.0,28.6,14.0,Rainy
22.0,48.5,1003.0,34.2,0.0,Sunny
38.3,51.8,1003.2,4.5,0.0,Sunny
15.6,49.7,1007.6,33.0,0.0,Sunny
32.4,67.4,1002.1,13.9,4.4,Cloudy
33.1,55.3,1006.1,33.1,0.0,Sunny
35.9,44.7,1004.2,23.4,0.0,Sunny
39.4,63.5,1013.4,31.4,0.0,Sunny
39.4,90.1,1010.1,27.9,7.0,Cloudy
16.6,70.9,1011.3,2.9,0.0,Cloudy
35.5,90.3,1000.3,4.2,13.2,Rainy
31.2,47.3,1003.1,19.3,0.0,Sunny
31.2,45.5,995.5,6.3,0.0,Sunny
18.2,71.3,997.7,17.2,16.1,Rainy
31.3,64.2,1001.6,33.5,8.5,Rainy
39.6,76.6,996.6,11.7,15.7,Rainy
37.8,85.1,1010.1,18.1,8.1,Rainy
26.0,82.3,1020.0,14.7,0.0,Cloudy
16.0,94.4,997.5,22.8,21.6,Rainy
24.1,60.1,1015.5,8.4,0.0,Sunny
35.7,48.0,998.0,10.6,0.1,Sunny
32.5,69.7,1011.7,30.3,0.0,Sunny
26.5,42.0,1011.1,28.8,0.0,Sunny
16.4,53.2,1017.6,28.0,0.0,Sunny
25.7,48.1,997.8,27.4,0.0,Sunny
26.7,60.0,1002.9,17.2,0.2,Sunny
38.2,42.0,997.3,26.1,0.0,Sunny
31.0,37.0,1005.2,14.8,0.0,Sunny
22.8,76.4,1017.8,5.3,0.0,Cloudy
28.1,73.4,1014.5,15.0,0.0,Cloudy
16.7,79.6,1013.1,7.2,0.0,Cloudy
39.3,76.6,1008.3,14.9,3.5,Cloudy
24.0,42.2,1017.1,11.8,0.0,Sunny
26.9,53.3,1006.2,21.8,0.0,Sunny
23.9,43.2,998.7,13.9,0.0,Sunny
32.1,88.1,1015.9,25.3,4.2,Cloudy
31.6,82.1,1002.0,18.9,9.0,Rainy
32.9,47.7,996.3,32.3,0.0,Sunny
21.7,56.5,998.2,5.0,0.0,Sunny
22.9,95.9,1010.2,24.7,15.0,Rainy
18.1,72.4,1010.2,24.2,0.0,Cloudy
31.4,85.5,1001.5,33.4,13.9,Rainy
16.0,51.7,1013.2,14.3,0.0,Sunny
29.9,48.2,1014.3,12.1,0.0,Sunny
36.7,84.4,1018.0,7.7,0.0,Cloudy
37.3,78.2,1009.6,10.8,3.5,Cloudy
26.2,77.9,1014.5,18.6,0.0,Cloudy
26.5,69.8,1013.8,29.6,0.0,Sunny
16.9,70.5,1001.4,11.4,0.2,Cloudy
31.8,81.3,1002.8,7.2,6.9,Cloudy
35.5,52.0,1007.0,11.0,0.0,Sunny
21.1,57.2,995.5,5.3,2.5,Cloudy
25.5,89.9,1002.4,32.6,21.9,Rainy
36.0,54.5,1006.8,30.8,0.5,Sunny
36.9,69.4,997.7,12.2,11.9,Rainy
21.1,79.3,998.2,10.2,2.6,Cloudy
28.8,98.0,1006.6,31.9,22.9,Rainy
19.8,62.4,1013.3,2.1,0.0,Sunny
17.5,62.0,1015.8,21.8,0.0,Sunny
37.8,88.1,1008.7,32.2,14.3,Rainy
35.5,85.7,1006.9,18.8,8.9,Rainy
34.0,81.1,1004.6,2.1,1.6,Cloudy
16.2,64.2,999.8,9.2,8.5,Rainy
36.1,55.4,998.7,32.4,0.0,Sunny
26.0,73.4,1014.8,2.6,0.0,Cloudy
23.6,90.2,1006.6,15.0,9.6,Rainy
28.7,90.7,1014.8,28.1,5.4,Cloudy
17.3,41.8,1012.6,29.7,0.0,Sunny
33.9,62.0,999.8,17.8,2.6,Cloudy
29.6,64.3,1007.8,9.7,2.6,Cloudy
19.7,96.6,1006.1,21.8,16.6,Rainy
19.7,77.7,1005.6,10.7,1.5,Cloudy
19.6,60.7,1008.6,10.4,0.0,Sunny
16.4,36.6,1019.6,28.7,0.0,Sunny
29.7,70.6,1015.3,7.1,0.0,Cloudy
36.0,41.1,1017.6,2.2,0.0,Sunny
15.4,87.6,995.7,13.1,12.3,Rainy
16.2,82.4,998.5,18.2,14.3,Rainy
29.3,64.0,997.1,25.3,5.1,Cloudy
35.5,62.0,1001.6,27.8,0.0,Sunny
23.2,91.5,1006.0,23.9,14.8,Rainy
23.7,53.2,1011.1,22.7,0.0,Sunny
29.9,50.7,1007.5,24.0,0.0,Sunny
21.9,94.2,1017.6,11.0,11.1,Rainy
15.7,86.0,1018.5,14.6,9.1,Rainy
33.4,86.7,999.1,22.3,17.3,Rainy
30.6,47.3,1016.3,4.2,0.0,Sunny
29.5,44.0,1007.0,11.7,0.0,Sunny
33.5,36.6,1006.3,15.4,0.0,Sunny
31.9,49.9,1014.6,19.6,0.0,Sunny
20.1,83.8,997.3,18.1,7.9,Cloudy
23.8,50.1,1017.1,25.7,0.0,Sunny
18.2,80.9,1011.8,17.6,0.0,Cloudy
18.2,50.9,1016.9,31.8,0.0,Sunny
31.9,59.9,1019.9,14.6,0.0,Sunny
36.5,96.9,1008.0,19.3,14.3,Rainy
39.1,50.4,997.3,2.1,0.2,Sunny
30.7,58.7,999.2,12.2,5.8,Cloudy
19.6,54.0,1003.1,30.6,0.0,Sunny
17.6,41.9,997.6,13.0,0.0,Sunny
35.3,65.9,1015.4,10.4,0.0,Sunny
29.5,58.9,1002.4,19.9,5.2,Cloudy
30.5,78.8,1019.4,4.6,0.0,Cloudy
34.5,86.5,1012.6,19.5,10.5,Rainy
32.6,69.3,999.3,12.0,0.0,Sunny
35.9,37.0,1006.9,14.6,0.0,Sunny
16.4,74.0,1006.7,28.1,9.3,Rainy
33.7,38.5,1007.3,23.8,0.0,Sunny
36.3,73.8,1008.4,16.7,1.6,Cloudy
22.2,78.2,995.8,21.1,11.7,Rainy
31.0,47.5,1012.2,27.3,0.0,Sunny
22.9,86.6,1007.2,26.6,2.3,Cloudy
38.9,92.4,1014.8,8.1,7.9,Cloudy
15.8,86.2,1015.4,11.9,2.5,Cloudy
29.5,54.2,1000.8,13.5,0.0,Sunny
19.2,72.0,996.2,8.2,10.6,Rainy
32.8,92.6,1012.6,2.4,4.0,Cloudy
19.4,55.2,1019.4,7.7,0.0,Sunny
20.9,86.7,1006.2,28.7,11.1,Rainy
27.4,35.6,1001.5,20.0,0.0,Sunny
37.9,35.2,998.9,13.3,0.0,Sunny
20.3,82.9,1002.2,22.1,3.7,Cloudy
18.6,83.0,1003.2,26.4,5.8,Cloudy
34.0,84.7,1005.6,13.7,4.2,Cloudy
27.5,93.6,1011.4,17.4,10.9,Rainy
37.8,42.4,1001.8,4.1,0.0,Sunny
18.7,49.6,996.3,21.7,7.1,Cloudy
31.1,91.9,1004.3,13.8,8.7,Rainy
20.8,46.2,1016.4,16.3,0.0,Sunny
18.9,78.0,1007.5,15.9,0.0,Cloudy
32.1,68.4,1019.1,22.9,0.0,Sunny
29.8,40.2,1007.6,20.9,0.0,Sunny
33.9,53.0,1001.9,15.9,0.0,Sunny
22.7,67.8,999.8,2.6,2.1,Cloudy
26.2,88.7,1012.4,22.5,7.4,Cloudy
25.1,79.6,1008.4,31.0,1.9,Cloudy
39.6,74.2,1010.1,27.4,6.2,Cloudy
22.3,66.3,1013.9,34.4,0.0,Sunny
22.4,53.8,1013.1,6.6,0.0,Sunny
23.9,42.5,996.1,9.3,0.0,Sunny
29.1,60.8,1015.1,19.8,0.0,Sunny
21.3,36.8,1008.3,9.8,0.0,Sunny
37.9,48.3,1004.8,3.1,0.0,Sunny
21.6,62.2,1008.4,15.3,0.0,Sunny
37.4,61.4,1010.3,11.5,0.0,Sunny
17.6,37.8,998.7,10.7,0.0,Sunny
31.4,72.1,1005.4,33.5,4.7,Cloudy
37.7,69.6,1003.4,9.9,3.2,Cloudy
19.2,39.9,1003.8,6.3,0.0,Sunny
39.2,94.4,997.3,6.1,20.1,Rainy
26.3,41.3,999.0,28.6,0.0,Sunny
38.6,88.9,999.0,25.6,12.0,Rainy
31.9,35.0,1004.3,6.3,0.0,Sunny
22.5,90.6,1017.4,9.3,1.6,Cloudy
19.7,36.2,1000.2,26.7,0.0,Sunny
22.6,82.7,1005.4,11.1,7.3,Cloudy
17.3,57.8,1002.8,34.4,1.8,Sunny
18.6,81.5,1014.7,19.8,0.2,Cloudy
17.6,60.3,996.3,8.3,4.1,Cloudy
25.6,39.5,999.9,30.3,0.0,Sunny
34.9,83.4,1000.3,12.5,7.7,Cloudy
18.5,39.5,1019.8,11.5,0.0,Sunny
18.3,93.1,1009.3,12.8,13.1,Rainy
31.1,38.2,998.5,27.4,3.9,Cloudy
19.9,65.2,1001.8,7.7,0.0,Sunny
17.4,80.6,999.2,14.6,10.4,Rainy
19.2,59.8,998.1,3.0,0.0,Sunny
38.1,48.7,1014.9,29.3,0.0,Sunny
35.5,82.8,1007.4,13.2,3.9,Cloudy
23.9,84.4,1010.8,10.2,5.4,Cloudy
31.4,93.1,1003.3,21.1,17.7,Rainy
28.4,58.7,1008.8,25.3,0.0,Sunny
31.9,66.9,1001.4,28.8,6.8,Cloudy
32.1,57.9,1002.7,13.5,0.0,Sunny
30.7,51.2,1011.3,28.8,0.0,Sunny
21.7,82.3,998.8,17.3,11.5,Rainy
16.0,56.4,1010.4,5.3,0.0,Sunny
26.4,62.0,1016.3,29.9,0.0,Sunny
37.3,60.4,998.0,20.1,1.9,Sunny
29.2,79.9,1017.4,21.9,0.0,Cloudy
35.8,92.8,997.0,32.9,22.0,Rainy
39.8,77.0,1003.7,20.5,8.5,Rainy
19.1,64.7,1010.3,2.2,0.0,Sunny
32.3,84.1,1009.0,30.7,6.2,Cloudy
31.9,75.4,997.4,11.4,14.1,Rainy
39.5,38.8,1015.0,18.6,0.0,Sunny
39.6,41.0,1019.3,8.8,0.0,Sunny
32.2,37.4,999.5,11.8,0.0,Sunny
21.1,63.8,1017.4,24.7,0.0,Sunny
35.0,87.0,1008.9,16.2,11.4,Rainy
17.7,54.7,1018.4,22.7,0.0,Sunny
34.5,59.2,999.4,29.2,4.0,Cloudy
37.8,92.3,1014.8,13.2,7.4,Cloudy
24.6,87.7,996.5,20.8,16.1,Rainy
30.8,76.9,1017.1,27.7,5.8,Cloudy
25.8,51.8,1011.9,25.6,0.0,Sunny
25.9,42.4,1004.3,19.8,0.0,Sunny
22.8,36.0,999.8,14.7,0.0,Sunny
34.1,41.7,1015.4,15.4,0.0,Sunny
38.4,53.4,1010.1,16.3,0.0,Sunny
38.5,69.8,1004.0,13.5,5.8,Cloudy
19.4,39.0,1006.1,25.1,0.0,Sunny
36.9,43.6,1015.7,6.1,0.0,Sunny
33.4,46.4,1003.5,33.9,0.0,Sunny
21.3,74.8,997.2,27.7,11.6,Rainy
16.7,73.8,1017.8,11.8,0.0,Cloudy
21.7,69.7,1004.7,3.4,0.5,Sunny
37.8,50.8,1003.7,25.5,0.0,Sunny
30.8,58.4,1000.1,26.2,0.0,Sunny
33.0,41.1,1017.4,33.8,0.0,Sunny
21.4,49.3,1000.4,10.4,0.0,Sunny
33.0,91.6,1010.9,4.7,7.4,Cloudy
15.7,96.7,1017.0,32.2,8.7,Rainy
24.4,75.8,995.9,10.5,7.6,Cloudy
30.7,92.8,1015.7,25.8,5.1,Cloudy
18.7,75.5,1005.3,4.0,4.5,Cloudy
35.6,37.1,1011.4,27.1,0.0,Sunny
20.9,97.8,1004.3,6.2,23.0,Rainy
31.3,41.2,1012.4,25.0,0.0,Sunny
25.1,78.0,1001.4,19.6,16.0,Rainy
29.9,50.9,995.5,33.5,0.0,Sunny
17.7,59.7,1018.7,3.2,0.0,Sunny
15.4,75.7,995.4,11.6,12.0,Rainy
37.7,62.5,1015.6,4.3,0.0,Sunny
21.7,50.8,999.2,31.0,0.3,Sunny
35.5,56.1,1004.8,21.6,0.0,Sunny
40.0,56.5,1015.6,19.7,0.0,Sunny
20.3,95.4,1000.1,6.3,12.7,Rainy
21.6,85.3,1016.6,18.1,3.1,Cloudy
31.6,63.9,1007.4,15.2,1.2,Sunny
39.1,47.6,1004.2,12.4,0.0,Sunny
37.9,86.1,1011.6,27.5,10.9,Rainy
27.6,44.9,1003.5,4.0,0.0,Sunny
34.9,48.3,1003.7,23.3,0.0,Sunny
18.4,58.1,1013.3,29.2,0.0,Sunny
39.4,90.5,1002.7,31.9,11.4,Rainy
39.1,43.3,1000.0,26.6,0.0,Sunny
19.1,42.7,1015.2,11.3,0.0,Sunny
22.5,66.1,1015.1,21.8,0.0,Sunny
17.5,52.4,1007.4,6.7,0.0,Sunny
21.8,70.8,1008.2,5.9,0.0,Cloudy
35.4,63.5,1012.4,23.1,0.0,Sunny
24.5,62.4,1007.7,30.1,0.0,Sunny
17.2,42.1,1005.4,4.2,0.0,Sunny
23.6,43.9,1019.9,5.5,0.0,Sunny
39.5,86.7,998.7,20.7,18.1,Rainy
30.7,90.8,1009.8,9.2,10.9,Rainy
25.4,49.8,1017.1,22.2,0.0,Sunny
19.2,42.1,1012.2,9.1,0.0,Sunny
39.7,38.4,1017.0,5.8,0.0,Sunny
35.5,73.3,1003.4,20.0,7.7,Cloudy
22.0,80.1,1001.8,30.5,17.8,Rainy
16.8,58.5,1016.3,24.6,0.0,Sunny
16.4,77.8,1004.9,29.0,12.1,Rainy
18.0,79.9,1012.7,10.8,0.0,Cloudy
29.5,93.9,998.7,31.2,24.5,Rainy
38.2,39.1,1013.9,14.4,0.0,Sunny
27.4,47.1,1008.7,30.1,0.0,Sunny
36.1,39.3,1001.7,17.5,0.0,Sunny
26.1,89.7,1007.4,10.8,12.7,Rainy
32.7,84.9,1012.4,10.6,7.0,Cloudy
33.3,71.2,995.3,20.7,4.8,Cloudy
19.3,40.3,1010.9,4.6,0.0,Sunny
24.0,52.2,1008.5,32.7,4.3,Cloudy
30.9,53.8,1000.5,11.0,0.0,Sunny
16.8,70.3,1013.8,13.1,0.0,Cloudy
24.0,51.3,1002.6,9.7,0.0,Sunny
28.4,39.6,1001.9,2.1,0.0,Sunny
39.9,81.0,1006.8,24.9,7.7,Cloudy
26.9,53.8,1011.9,21.5,0.0,Sunny
35.4,63.5,1018.2,28.7,0.0,Sunny
25.8,43.0,998.5,3.4,0.0,Sunny
34.9,85.6,1004.9,32.6,14.0,Rainy
29.9,70.6,996.7,12.9,1.8,Cloudy
37.2,91.8,1014.0,32.1,7.1,Cloudy
25.3,66.2,1006.2,5.5,0.0,Sunny
30.1,94.3,1012.7,26.5,13.7,Rainy
30.8,91.2,1003.1,21.1,17.1,Rainy
25.4,71.3,1016.1,13.8,0.0,Cloudy
18.6,93.8,1008.4,4.6,6.5,Cloudy
17.3,55.4,1018.6,22.0,0.0,Sunny
15.4,58.0,997.0,2.9,0.1,Sunny
36.8,37.9,1007.9,18.5,0.0,Sunny
20.9,72.1,1014.2,21.9,0.0,Cloudy
20.3,80.5,1010.0,26.2,2.7,Cloudy
33.4,83.7,995.6,34.7,20.6,Rainy
23.0,44.4,1019.3,10.6,0.0,Sunny
27.7,63.0,1002.5,12.6,0.0,Sunny
19.1,46.1,1001.2,13.3,0.0,Sunny
39.0,76.7,1007.1,26.1,11.4,Rainy
36.3,45.0,1008.6,32.8,0.0,Sunny
36.6,92.0,1014.2,34.2,7.9,Cloudy
25.2,49.5,1004.8,33.2,0.0,Sunny
34.1,53.4,1006.0,31.0,1.1,Sunny
18.6,88.6,1008.4,34.7,14.8,Rainy
15.2,63.9,1004.9,14.4,0.0,Sunny
15.5,36.5,1017.9,33.3,0.0,Sunny
29.7,66.2,1016.3,27.1,0.0,Sunny
26.4,40.3,1006.4,7.6,0.0,Sunny
28.0,97.1,995.0,3.5,17.5,Rainy
15.2,72.1,1017.5,9.1,0.0,Cloudy
25.6,51.2,998.1,27.7,0.0,Sunny
33.0,70.5,1001.1,22.8,3.8,Cloudy
26.1,39.8,998.8,9.4,0.0,Sunny
33.3,85.4,999.5,26.5,8.0,Rainy
20.8,93.3,1015.1,6.7,6.5,Cloudy
35.3,90.1,1009.5,29.1,11.6,Rainy
29.7,56.5,1018.9,28.2,0.0,Sunny
20.3,55.5,1000.8,34.1,2.9,Cloudy
20.9,37.2,1007.1,7.0,0.0,Sunny
30.7,76.0,1019.4,31.9,0.0,Cloudy
35.7,68.7,1015.7,13.3,0.0,Sunny
25.4,63.9,1013.2,15.7,0.0,Sunny
21.5,92.2,999.7,17.5,14.7,Rainy
36.7,45.6,1014.2,22.7,0.0,Sunny
31.7,35.6,1003.7,34.8,0.0,Sunny
26.2,39.6,1008.3,21.8,0.0,Sunny
27.2,49.1,1010.2,32.6,0.0,Sunny
20.1,37.1,1010.2,10.4,0.0,Sunny
30.7,66.7,1013.2,15.1,0.0,Sunny
24.0,54.8,1011.5,18.6,0.0,Sunny
39.9,46.4,996.7,12.7,0.0,Sunny
27.0,82.3,1006.4,34.2,11.0,Rainy
27.1,47.9,1011.6,25.9,0.0,Sunny
29.1,78.3,1002.4,17.8,4.1,Cloudy
37.9,57.0,1002.8,26.8,1.6,Sunny
35.0,67.2,998.1,17.4,0.6,Sunny
26.3,93.8,1005.5,2.6,19.8,Rainy
33.0,37.4,1019.7,19.9,0.0,Sunny
29.7,66.5,1002.1,22.6,8.3,Rainy
27.3,88.8,1008.3,34.4,12.4,Rainy
19.8,72.0,1013.6,3.3,0.0,Cloudy
26.6,52.4,995.3,18.9,0.0,Sunny
21.1,60.1,1017.5,5.2,0.0,Sunny
37.9,77.9,1004.7,6.9,5.3,Cloudy
23.4,91.1,1016.7,22.1,6.8,Cloudy
38.8,37.6,996.0,9.6,0.0,Sunny
28.3,39.5,998.6,26.7,0.0,Sunny
30.8,55.5,1003.1,19.0,0.0,Sunny
28.6,49.7,1003.6,9.2,0.0,Sunny
18.2,51.7,1016.2,18.3,0.0,Sunny
24.4,48.9,995.3,2.0,0.0,Sunny
17.5,47.3,1011.0,30.5,0.0,Sunny
30.6,43.2,998.3,2.4,0.0,Sunny
26.2,93.8,1015.6,2.2,4.9,Cloudy
34.4,44.1,1014.5,22.2,0.0,Sunny
20.5,47.9,1007.5,34.1,0.0,Sunny
19.1,50.5,1000.3,30.2,0.3,Sunny
25.2,93.8,1010.9,10.3,8.8,Rainy
38.2,82.6,998.9,8.5,12.2,Rainy
32.8,84.8,999.8,22.7,18.7,Rainy
25.5,41.6,1010.7,29.1,0.0,Sunny
27.9,87.7,1019.8,13.9,0.0,Cloudy
17.1,60.7,1017.3,16.3,0.0,Sunny
39.6,51.6,1009.8,5.8,0.0,Sunny
31.7,71.3,1008.5,7.0,5.0,Cloudy
22.1,86.8,1020.0,20.8,1.5,Cloudy
29.6,84.1,1008.7,5.4,8.7,Rainy
17.7,91.1,1005.5,8.7,15.2,Rainy
39.1,93.5,1017.7,9.7,5.1,Cloudy
19.4,50.0,1000.9,16.6,0.0,Sunny
31.2,61.7,997.4,3.5,3.0,Cloudy
21.1,35.9,1010.9,18.5,0.0,Sunny
32.9,90.4,997.4,32.6,15.3,Rainy
34.4,44.7,1004.3,2.8,0.0,Sunny
31.8,89.3,1005.6,22.8,13.8,Rainy
30.4,55.8,1008.7,29.6,0.0,Sunny
37.3,58.2,1019.8,12.3,0.0,Sunny
17.0,37.5,1000.5,6.3,0.0,Sunny
23.3,55.6,1004.4,3.4,0.2,Sunny
21.2,91.0,998.3,23.2,18.0,Rainy
39.7,36.6,1010.2,20.2,0.0,Sunny
24.7,60.6,1013.2,9.6,0.0,Sunny
33.3,37.0,1007.1,29.4,0.0,Sunny
32.1,58.4,1001.1,26.3,0.0,Sunny
20.3,45.9,1010.5,11.1,0.0,Sunny
21.0,50.9,1008.5,26.9,0.0,Sunny
22.0,90.3,999.3,10.1,14.3,Rainy
25.3,62.5,1005.1,24.3,0.0,Sunny
20.9,52.2,1005.9,5.9,0.0,Sunny
15.5,72.1,1019.6,24.8,0.0,Cloudy
37.0,44.0,1016.2,9.9,0.0,Sunny
39.1,51.3,1013.4,20.9,0.0,Sunny
23.5,69.4,1017.2,7.7,0.0,Sunny
23.5,50.0,1013.4,26.0,0.0,Sunny
15.2,77.8,1017.6,4.0,0.0,Cloudy
32.0,66.0,996.4,7.5,4.1,Cloudy
35.6,83.6,1006.4,8.1,11.4,Rainy
18.7,94.7,1013.7,3.4,9.6,Rainy
19.0,42.3,1009.6,26.6,0.0,Sunny
34.8,56.1,999.4,34.4,1.2,Sunny
30.4,55.1,1003.5,27.7,1.5,Sunny
16.1,44.5,1002.9,30.4,0.0,Sunny
30.6,86.0,1001.5,2.2,3.4,Cloudy
22.7,82.9,1003.6,5.9,8.9,Rainy
24.2,65.5,1007.9,20.4,0.5,Sunny
34.2,68.9,1016.4,34.3,0.0,Sunny
35.3,38.8,1013.6,23.8,0.0,Sunny
25.0,70.0,1015.9,14.3,0.0,Cloudy
38.7,84.9,1017.1,6.8,0.0,Cloudy
25.2,71.2,1005.4,7.0,1.6,Cloudy
34.3,51.7,1003.7,14.0,0.0,Sunny
27.1,77.1,996.4,25.6,12.6,Rainy
37.4,57.8,1018.3,3.1,0.0,Sunny
37.7,69.3,996.6,30.1,11.2,Rainy
17.2,65.7,1013.5,33.1,0.0,Sunny
38.4,59.0,1004.5,31.3,0.0,Sunny
35.6,80.3,1018.7,32.1,0.0,Cloudy
34.8,90.7,1005.5,2.5,0.0,Cloudy
20.0,35.3,1015.4,34.3,0.0,Sunny
35.1,93.8,1002.1,14.1,18.8,Rainy
36.3,67.2,1002.5,30.7,0.0,Sunny
22.2,79.1,1009.9,8.2,0.0,Cloudy
38.8,88.9,1019.9,16.7,6.7,Cloudy
16.2,64.4,1007.9,3.5,0.0,Sunny
18.7,87.6,1018.4,3.3,1.2,Cloudy
28.4,46.2,1014.7,33.1,0.0,Sunny
29.4,45.0,1014.9,28.8,0.0,Sunny
31.1,76.4,1005.9,19.5,5.7,Cloudy
15.4,89.8,1004.7,19.3,11.2,Rainy
39.0,91.2,999.8,26.7,19.0,Rainy
16.1,75.6,1019.1,13.3,0.0,Cloudy
18.6,68.1,1019.0,27.1,0.0,Sunny
15.4,55.9,1013.7,18.0,0.0,Sunny
29.2,96.7,1002.4,23.1,13.4,Rainy
38.3,55.1,1001.1,33.8,0.0,Sunny
31.6,81.9,1019.7,17.6,0.0,Cloudy
35.6,68.5,996.7,15.8,7.1,Cloudy
15.3,73.3,1016.1,31.9,0.2,Cloudy
28.6,59.8,1003.9,31.8,3.3,Cloudy
26.5,95.8,1005.5,34.7,19.8,Rainy
27.5,71.0,1015.8,20.2,0.0,Cloudy
16.8,94.1,997.3,13.4,14.6,Rainy
32.1,35.5,1003.9,9.9,0.0,Sunny
27.6,71.1,1018.8,3.1,0.0,Cloudy
34.1,80.2,1012.5,26.0,12.3,Rainy
27.1,81.9,1013.9,9.7,0.9,Cloudy
18.7,92.0,1013.9,22.0,8.8,Rainy
31.2,35.3,996.5,32.2,0.0,Sunny
19.3,35.0,1000.1,33.4,0.0,Sunny
36.8,64.8,1007.3,2.1,0.0,Sunny
30.3,36.8,1004.2,12.5,0.0,Sunny
18.9,96.4,1005.3,29.6,17.1,Rainy
39.1,49.0,1014.5,19.7,0.0,Sunny
28.0,64.8,995.4,28.6,7.3,Cloudy
16.8,38.9,1011.5,30.2,0.0,Sunny
30.7,67.9,995.0,16.6,11.7,Rainy
21.3,58.9,996.6,13.8,0.0,Sunny
35.1,37.8,1005.2,17.0,0.0,Sunny
35.4,56.1,1016.0,23.5,0.0,Sunny
39.5,59.7,998.6,14.1,0.0,Sunny
27.5,97.4,1008.9,27.6,9.9,Rainy
26.4,48.1,1012.0,31.8,0.0,Sunny
33.8,69.3,1000.7,11.3,0.8,Sunny
18.3,97.2,1007.8,33.8,9.6,Rainy
28.7,84.9,1017.8,22.5,0.0,Cloudy
28.7,97.6,1007.8,31.0,16.3,Rainy
17.2,96.0,998.9,5.4,17.4,Rainy
25.4,65.8,1010.7,10.3,3.5,Cloudy
36.3,78.9,1009.8,12.6,0.0,Cloudy
36.4,42.0,995.7,12.0,0.0,Sunny
17.5,62.8,997.3,7.7,8.1,Rainy
17.3,86.0,998.9,30.7,13.7,Rainy
21.6,66.8,998.4,15.8,8.7,Rainy
36.9,79.3,1001.5,33.8,4.7,Cloudy
18.2,82.0,1006.4,21.3,15.0,Rainy
33.0,51.0,1004.3,6.6,0.0,Sunny
17.5,90.2,1017.3,20.0,1.1,Cloudy
30.6,64.0,1010.3,34.8,2.4,Cloudy
23.9,48.2,1016.9,20.7,0.0,Sunny
34.7,89.5,1008.2,2.1,2.0,Cloudy
20.8,61.3,997.2,32.8,4.4,Cloudy
31.0,82.3,1006.6,9.8,11.6,Rainy
20.9,69.5,1015.6,24.7,0.0,Sunny
32.8,59.1,999.9,19.0,3.6,Cloudy
36.8,86.0,997.3,12.7,15.1,Rainy
18.2,71.8,1003.2,11.3,7.6,Cloudy
36.7,59.6,1004.7,32.6,2.8,Cloudy
29.8,41.9,1002.7,32.1,0.0,Sunny
18.2,91.4,998.4,18.9,9.0,Rainy
25.7,37.2,1001.3,10.5,0.0,Sunny
19.0,89.4,1012.1,5.4,7.8,Cloudy
32.5,57.7,1004.6,7.2,0.0,Sunny
34.0,75.3,1010.8,19.2,0.0,Cloudy
17.6,93.1,1008.4,12.2,12.2,Rainy
27.7,44.6,1008.7,3.4,0.0,Sunny
35.4,70.7,1001.2,17.0,0.0,Cloudy
38.4,83.2,1008.0,26.6,4.8,Cloudy
27.8,82.7,995.6,31.4,18.6,Rainy
38.8,68.1,1005.8,21.3,4.8,Cloudy
28.4,74.4,1009.3,25.9,0.8,Cloudy
24.9,82.7,999.5,14.0,11.4,Rainy
36.2,88.0,1001.4,18.4,10.2,Rainy
27.3,83.0,1000.5,26.1,18.5,Rainy
26.8,57.3,996.8,26.0,4.9,Cloudy
27.3,97.8,1003.7,16.0,13.4,Rainy
36.2,62.4,1019.5,19.9,0.0,Sunny
35.8,36.5,1003.8,32.5,0.0,Sunny
25.1,57.8,1006.5,22.9,4.4,Cloudy
23.3,43.1,1011.3,23.2,0.0,Sunny
27.3,42.7,1011.2,27.9,0.0,Sunny
29.3,52.7,1018.7,5.8,0.0,Sunny
21.0,38.4,1016.4,19.3,0.0,Sunny
34.8,78.4,1014.8,33.7,1.8,Cloudy
27.2,39.7,1018.8,13.9,0.0,Sunny
23.4,47.8,1000.8,11.7,0.0,Sunny
17.7,40.9,1010.4,21.8,0.0,Sunny
21.0,39.0,1017.2,9.3,0.0,Sunny
38.7,51.9,1010.6,20.3,0.0,Sunny
22.6,71.0,1019.4,7.1,0.0,Cloudy
19.2,95.8,997.5,21.1,17.5,Rainy
26.5,90.2,1006.0,21.9,7.8,Cloudy
22.7,90.2,1019.4,15.8,2.8,Cloudy
15.9,46.1,1004.5,14.6,0.0,Sunny
23.1,51.7,1013.5,10.1,0.0,Sunny
28.6,39.8,995.8,12.9,0.0,Sunny
28.8,84.0,1012.4,18.4,0.1,Cloudy
23.9,39.4,1018.4,10.2,0.0,Sunny
26.2,70.1,1004.6,27.8,0.0,Cloudy
39.1,50.6,995.5,25.4,0.0,Sunny
24.4,50.3,995.7,10.9,0.0,Sunny
21.5,97.4,1017.3,5.2,4.7,Cloudy
21.1,82.7,1013.1,2.0,0.0,Cloudy
26.4,87.7,997.7,21.7,19.0,Rainy
34.0,71.0,996.4,9.0,14.8,Rainy
20.1,89.9,1015.1,2.4,8.3,Rainy
32.7,75.7,1015.2,13.8,0.0,Cloudy
15.5,94.6,998.0,33.7,24.0,Rainy
25.5,52.7,1002.5,24.8,0.2,Sunny
34.4,72.5,1014.5,30.3,0.0,Cloudy
23.5,78.5,1008.1,6.8,3.7,Cloudy
29.1,59.8,1018.9,4.4,0.0,Sunny
20.1,90.4,1007.0,2.4,12.0,Rainy
33.5,96.7,1011.9,33.5,9.3,Rainy
16.3,66.1,1007.7,11.9,1.4,Sunny
36.3,59.6,1018.6,17.2,0.0,Sunny
20.0,64.7,1005.0,15.0,3.7,Cloudy
36.9,88.7,1000.7,26.1,21.8,Rainy
23.8,75.7,1003.2,12.2,0.0,Cloudy
33.1,37.8,1016.3,19.7,0.0,Sunny
23.0,69.2,1007.4,34.9,4.6,Cloudy
37.6,36.1,1003.9,16.7,0.0,Sunny
18.2,84.0,1008.6,20.2,2.6,Cloudy
19.5,55.7,998.3,18.6,0.0,Sunny
27.3,64.7,995.1,28.5,12.7,Rainy
17.0,85.3,1002.0,10.8,6.7,Cloudy
19.9,37.9,1010.1,7.6,0.0,Sunny
38.6,45.0,1012.8,26.9,0.0,Sunny
39.4,60.1,1015.7,15.7,0.0,Sunny
24.4,49.5,1018.2,32.2,0.0,Sunny
38.1,56.3,1005.3,23.3,0.0,Sunny
28.6,97.9,1013.5,20.6,6.9,Cloudy
21.7,87.0,996.9,4.3,13.7,Rainy
32.6,90.7,996.4,26.1,14.7,Rainy
31.5,94.0,998.1,24.6,24.5,Rainy
39.7,56.5,1006.2,23.1,0.0,Sunny
21.6,53.7,1000.3,10.8,1.0,Sunny
31.8,49.7,1002.2,33.2,0.0,Sunny
16.3,87.3,1011.2,12.6,8.5,Rainy
17.8,77.8,1004.0,7.0,0.0,Cloudy
15.1,49.9,1008.9,34.6,0.0,Sunny
40.0,58.8,1005.3,26.6,3.6,Cloudy
35.1,66.9,999.2,15.7,3.1,Cloudy
34.7,68.3,996.9,32.9,6.8,Cloudy
27.7,91.0,1000.9,5.0,15.2,Rainy
22.5,59.0,996.4,4.9,0.0,Sunny
18.8,92.2,1010.5,24.5,10.3,Rainy
22.1,62.8,1014.9,7.9,0.0,Sunny
24.4,82.0,1003.5,32.3,10.6,Rainy
33.9,93.6,1004.7,29.7,13.0,Rainy
28.5,92.2,1015.4,12.1,1.6,Cloudy
16.9,38.6,1000.6,31.3,0.8,Sunny
15.5,48.0,998.0,3.4,0.0,Sunny
17.6,65.0,1007.5,20.1,0.0,Sunny
25.3,62.2,1011.2,32.9,0.0,Sunny
38.3,75.4,1010.0,30.2,7.2,Cloudy
30.9,94.5,1012.8,13.8,11.8,Rainy
35.0,42.1,996.4,8.0,0.0,Sunny
26.7,63.5,1005.7,8.9,1.0,Sunny
24.0,47.1,1001.0,19.0,0.0,Sunny
17.7,91.3,1014.0,21.7,0.0,Cloudy
36.9,95.8,1016.8,3.1,2.5,Cloudy
34.6,65.2,1002.0,15.6,2.0,Cloudy
19.2,41.6,997.4,29.4,0.0,Sunny
27.8,84.5,1001.3,16.7,6.6,Cloudy
27.2,78.9,997.6,7.6,7.6,Cloudy
30.6,57.3,1003.1,33.5,0.0,Sunny
38.7,90.9,1008.5,10.8,6.7,Cloudy
29.5,96.5,1019.3,28.3,4.4,Cloudy
28.5,70.1,1005.0,8.4,1.1,Cloudy
16.3,70.6,1000.5,16.0,7.4,Cloudy
16.6,53.7,999.2,18.2,6.9,Cloudy
19.7,71.8,999.3,18.5,11.4,Rainy
15.8,62.7,999.8,19.0,8.8,Rainy
33.6,54.0,1014.1,9.4,0.0,Sunny
33.1,39.2,996.5,19.0,0.0,Sunny
18.4,50.9,1019.9,17.9,0.0,Sunny
35.9,47.5,1008.1,8.9,0.0,Sunny
18.9,69.1,1008.6,34.6,5.5,Cloudy
22.5,72.9,1003.9,30.6,3.4,Cloudy
21.2,73.3,1012.3,31.3,4.0,Cloudy
24.3,59.5,1006.8,24.6,0.0,Sunny
21.4,61.5,1003.2,7.3,0.0,Sunny
27.2,87.6,1001.6,20.7,12.2,Rainy
25.2,65.0,1018.1,29.1,0.0,Sunny
39.7,97.2,1002.3,3.3,18.0,Rainy
16.4,62.7,1005.9,18.4,0.0,Sunny
18.6,75.9,1003.8,15.1,7.4,Cloudy
16.3,38.2,997.2,9.0,0.0,Sunny
30.6,76.2,999.6,14.5,12.0,Rainy
16.4,88.6,999.7,34.5,21.5,Rainy
35.9,94.4,1012.3,25.9,17.3,Rainy
27.8,97.8,1005.2,11.9,12.6,Rainy
28.2,52.8,1014.5,22.0,0.0,Sunny
29.0,71.2,1012.7,10.1,0.0,Cloudy
19.3,63.4,999.8,22.2,0.0,Sunny
19.9,70.5,1009.1,31.6,0.0,Cloudy
23.0,44.9,1013.6,20.4,0.0,Sunny
29.8,88.9,1010.8,26.2,11.6,Rainy
20.3,92.3,1010.0,17.0,5.3,Cloudy
17.9,63.3,1013.5,19.3,0.0,Sunny
39.3,52.7,996.4,24.9,0.1,Sunny
15.5,43.9,1013.3,28.8,0.0,Sunny
35.1,78.1,1001.8,23.8,2.2,Cloudy
34.7,54.7,1009.3,34.3,0.0,Sunny
22.4,92.3,1001.1,29.1,15.9,Rainy
18.4,77.3,1016.0,27.6,1.0,Cloudy
18.6,75.7,1007.0,29.9,8.6,Rainy
32.4,70.2,1011.1,11.3,0.0,Cloudy
31.1,37.9,1014.9,16.3,0.0,Sunny
34.6,93.7,1017.4,20.6,3.3,Cloudy
38.4,74.6,1013.3,17.3,0.0,Cloudy
32.3,97.6,998.7,30.0,25.7,Rainy
18.9,68.9,1016.4,2.9,0.0,Sunny
21.1,79.7,1010.5,8.9,0.7,Cloudy
36.1,38.5,1010.2,31.1,0.0,Sunny
20.2,74.8,1018.0,4.0,0.0,Cloudy
16.8,83.2,1001.2,9.5,10.6,Rainy
32.6,84.0,1001.0,13.6,11.2,Rainy
25.1,83.5,1007.8,26.8,14.1,Rainy
38.0,49.3,1013.8,20.5,0.0,Sunny
31.3,96.5,1006.2,33.5,13.3,Rainy
17.3,97.7,1010.8,9.5,7.1,Cloudy
38.7,39.8,1006.3,30.8,0.0,Sunny
21.5,94.0,1010.3,11.3,2.8,Cloudy
23.4,53.2,1015.6,10.1,0.0,Sunny
25.1,78.4,999.5,18.4,10.1,Rainy
16.3,56.3,1012.4,4.3,0.0,Sunny
27.4,96.0,1014.7,14.7,9.9,Rainy
18.1,41.4,1006.2,13.7,0.0,Sunny
25.0,66.4,1003.1,7.3,0.0,Sunny
23.8,62.0,995.3,30.4,3.2,Cloudy
34.3,55.5,1014.9,14.7,0.0,Sunny
35.1,75.7,1003.2,34.4,11.9,Rainy
18.8,43.3,1003.9,31.7,0.0,Sunny
24.2,80.1,1003.4,8.4,6.2,Cloudy
24.3,96.8,1007.5,18.7,22.9,Rainy
18.8,85.7,1012.6,21.9,11.6,Rainy
35.0,89.2,1014.3,29.0,11.7,Rainy
32.7,57.7,1004.8,31.2,2.4,Cloudy
19.8,55.5,1011.6,22.6,0.0,Sunny
24.2,67.6,1013.0,3.2,0.0,Sunny
17.6,37.9,1002.4,17.9,0.0,Sunny
30.7,94.6,997.4,31.2,17.2,Rainy
18.0,44.1,1017.4,25.6,0.0,Sunny
39.6,91.9,1011.9,30.7,10.4,Rainy
34.5,40.3,1011.2,24.2,0.0,Sunny
24.8,86.8,996.5,3.5,15.4,Rainy
29.5,44.6,1015.4,33.9,0.0,Sunny
37.8,37.4,1009.2,32.3,0.0,Sunny
28.9,80.3,1016.2,6.2,0.0,Cloudy
19.4,52.7,1019.4,5.7,0.0,Sunny
24.5,80.0,1018.9,19.8,1.7,Cloudy
36.1,70.0,1016.4,27.0,0.0,Cloudy
31.1,41.9,995.3,14.6,0.0,Sunny
31.3,93.7,1017.1,6.5,4.6,Cloudy
36.7,63.5,996.9,18.8,2.5,Cloudy
37.3,81.3,1016.3,13.1,0.0,Cloudy
38.0,66.6,1002.0,13.6,0.0,Sunny
17.4,73.1,1010.3,23.3,1.2,Cloudy
28.6,54.1,996.0,31.2,3.1,Cloudy
33.5,47.6,1014.3,20.4,0.0,Sunny
33.9,69.2,997.8,24.7,6.0,Cloudy
30.2,62.7,1005.3,23.8,0.0,Sunny
19.2,59.6,1015.4,20.2,0.0,Sunny
34.9,77.4,1012.4,12.3,0.0,Cloudy
33.0,78.5,995.2,14.5,15.7,Rainy
17.2,37.9,1005.1,12.4,0.0,Sunny
26.6,56.3,996.0,32.3,0.0,Sunny
19.3,60.9,1011.8,29.3,0.0,Sunny
23.4,41.1,1019.2,21.1,0.0,Sunny
15.5,49.9,1011.4,32.1,0.0,Sunny
25.0,38.3,1000.6,31.3,0.0,Sunny
28.7,97.8,1003.9,32.6,16.2,Rainy
30.5,81.4,1019.4,9.3,0.0,Cloudy
31.6,40.5,1000.6,25.7,0.0,Sunny
35.9,36.3,1009.0,22.1,0.0,Sunny
20.4,80.3,1005.0,26.2,8.0,Rainy
18.0,62.7,1014.2,10.7,0.0,Sunny
36.3,84.6,1016.7,24.9,0.0,Cloudy
18.9,93.2,1003.5,15.5,10.2,Rainy
39.4,72.8,1011.5,29.5,1.6,Cloudy
36.1,46.8,1008.7,28.2,0.0,Sunny
27.5,84.3,1002.0,9.0,9.5,Rainy
39.5,95.2,1001.8,8.1,20.6,Rainy
17.4,71.6,1008.5,25.7,0.1,Cloudy
22.6,78.0,998.9,20.2,16.3,Rainy
31.0,56.3,1015.3,20.4,0.0,Sunny
23.8,59.0,996.7,26.8,5.6,Cloudy
38.2,81.3,997.4,30.2,19.0,Rainy
16.6,93.4,1003.6,9.9,10.8,Rainy
28.7,74.6,998.0,20.3,9.0,Rainy
29.8,84.8,1006.9,29.4,5.1,Cloudy
31.3,45.8,1005.0,30.8,0.0,Sunny
21.4,48.4,1013.0,11.5,0.0,Sunny
24.1,68.5,1018.8,5.4,0.0,Sunny
36.1,46.1,1013.8,9.7,0.0,Sunny
19.9,75.0,999.5,33.2,15.8,Rainy
35.7,53.4,1018.4,17.3,0.0,Sunny
29.1,84.9,1004.8,15.8,13.5,Rainy
34.1,85.9,1006.9,2.4,4.9,Cloudy
32.8,64.2,1005.5,3.7,0.0,Sunny
20.2,46.4,1002.0,24.1,0.0,Sunny
29.2,75.7,1017.4,21.5,6.7,Cloudy
36.7,97.5,1003.3,21.0,20.3,Rainy
25.8,74.2,1009.5,5.6,3.5,Cloudy
39.2,37.3,1001.0,13.6,0.0,Sunny
26.3,36.1,1014.9,28.8,0.0,Sunny
18.6,55.2,1014.4,7.8,0.0,Sunny
24.7,47.3,1002.4,31.1,2.2,Cloudy
38.8,86.2,1012.0,6.0,3.0,Cloudy
23.0,88.2,1012.6,7.6,9.6,Rainy
36.7,51.3,1009.1,17.8,0.0,Sunny
37.0,55.5,1010.0,33.2,0.9,Sunny
23.8,49.9,1009.4,12.9,0.0,Sunny
17.1,92.2,997.0,23.7,22.9,Rainy
33.1,66.7,1011.8,21.4,0.0,Sunny
22.8,76.3,1006.7,6.9,5.5,Cloudy
34.6,61.2,1006.0,10.2,0.0,Sunny
26.1,74.8,1016.5,32.7,3.5,Cloudy
27.1,59.3,995.6,8.1,6.7,Cloudy
34.4,56.4,1001.3,24.9,0.0,Sunny
24.6,75.0,998.0,33.8,14.8,Rainy
26.1,72.2,995.9,5.9,12.3,Rainy
24.4,53.5,1001.9,15.2,0.0,Sunny
24.2,44.4,1019.7,9.4,0.0,Sunny
28.1,58.2,1001.8,9.3,0.0,Sunny
35.2,61.2,1011.6,5.9,0.0,Sunny
24.0,74.6,998.0,23.4,6.5,Cloudy
28.1,92.6,1010.0,26.6,14.7,Rainy
31.8,37.3,1019.6,24.3,0.0,Sunny
21.7,50.4,1002.3,32.5,0.0,Sunny
21.9,47.2,1016.2,6.8,0.0,Sunny
38.3,66.6,1019.9,12.6,0.0,Sunny
33.1,62.1,1009.7,13.4,0.0,Sunny
29.4,80.9,1002.7,9.7,6.5,Cloudy
31.2,50.3,1011.8,6.7,0.0,Sunny
15.7,72.5,1016.1,18.1,0.0,Cloudy
30.5,90.7,999.3,29.5,20.5,Rainy
27.7,92.4,1006.3,33.5,10.7,Rainy
28.6,95.4,1003.0,6.3,13.0,Rainy
24.0,83.7,1002.1,29.2,9.3,Rainy
17.0,92.1,1016.5,29.2,11.6,Rainy
19.8,49.8,1005.5,14.8,0.0,Sunny
38.8,47.4,1003.5,5.6,0.0,Sunny
25.2,35.4,1010.1,34.7,0.0,Sunny
26.7,79.5,1000.5,23.6,10.4,Rainy
16.3,94.1,1000.7,34.4,22.1,Rainy
15.9,46.8,1008.0,18.0,0.0,Sunny
32.9,75.1,1005.2,15.0,9.6,Rainy
28.5,82.0,1002.4,10.2,7.5,Cloudy
27.7,93.4,996.3,34.5,23.3,Rainy
21.1,75.8,1008.0,10.4,8.3,Rainy
33.6,96.1,1015.4,2.8,11.3,Rainy
19.2,56.7,1016.3,18.9,0.0,Sunny
19.7,57.0,1000.9,14.4,1.8,Sunny
26.5,69.2,1010.0,10.6,0.0,Sunny
22.2,59.2,1016.4,22.9,0.0,Sunny
21.2,35.1,1005.2,14.0,0.0,Sunny
31.1,81.1,1018.3,15.3,0.0,Cloudy
31.3,82.4,1017.6,2.8,0.0,Cloudy
35.6,82.1,1000.2,21.4,15.9,Rainy
25.4,56.7,1001.5,6.0,0.0,Sunny
16.8,67.9,999.5,9.1,0.0,Sunny
21.8,57.7,999.9,25.7,0.0,Sunny
39.5,36.0,1017.7,12.3,0.0,Sunny
29.9,70.4,1018.3,7.4,0.0,Cloudy
32.7,42.8,996.3,21.1,0.0,Sunny
15.2,40.0,1009.8,9.1,0.0,Sunny
28.0,82.6,1009.1,10.9,3.9,Cloudy
15.9,35.6,1004.8,22.5,0.0,Sunny
29.2,95.4,1010.8,26.4,9.4,Rainy
38.0,67.5,1018.7,26.4,0.0,Sunny
39.2,96.9,999.3,17.9,16.6,Rainy
28.5,38.7,998.0,17.0,0.0,Sunny
26.5,71.8,995.8,28.0,11.5,Rainy
38.6,57.0,1004.1,8.4,0.0,Sunny
31.8,88.1,1003.4,7.0,5.2,Cloudy
16.6,57.8,1005.8,23.9,0.0,Sunny
26.6,51.4,1007.6,15.5,0.0,Sunny
21.0,89.0,1013.9,25.4,9.1,Rainy
26.7,58.6,1004.8,10.5,0.0,Sunny
26.4,36.1,1003.3,12.7,0.0,Sunny
29.6,59.6,1015.7,31.6,0.0,Sunny
23.9,76.2,1016.2,15.9,0.0,Cloudy
19.1,51.0,1000.8,21.5,0.0,Sunny
27.6,62.2,1002.9,5.5,0.0,Sunny
35.8,38.6,1015.6,7.9,0.0,Sunny
31.6,72.0,997.0,3.2,13.9,Rainy
23.5,82.6,1003.1,16.0,4.6,Cloudy
38.4,61.0,1006.2,34.6,0.0,Sunny
37.8,61.5,999.7,30.8,12.0,Rainy
20.2,40.6,999.5,22.9,0.0,Sunny
16.0,47.7,1005.6,30.4,0.0,Sunny
33.5,44.7,1013.9,21.6,0.0,Sunny
35.7,65.3,1016.0,14.2,0.0,Sunny
39.2,68.3,1019.5,7.7,0.0,Sunny
37.2,94.8,996.8,23.6,17.7,Rainy
30.0,39.6,1000.4,8.4,0.0,Sunny
28.3,72.8,1013.9,15.8,2.8,Cloudy
15.7,68.2,1008.5,29.3,0.7,Sunny
21.2,67.5,1003.2,6.3,0.9,Sunny
26.5,90.0,1000.1,6.3,10.4,Rainy
30.7,47.9,1002.0,9.4,0.0,Sunny
28.9,37.6,1005.7,20.2,0.0,Sunny
33.6,77.4,999.4,10.3,12.3,Rainy
22.0,56.7,1019.1,18.6,0.0,Sunny
29.1,36.1,997.7,12.0,0.0,Sunny
17.2,50.8,1019.6,18.7,0.0,Sunny
25.3,54.5,1016.0,11.2,0.0,Sunny
33.8,73.9,1005.6,34.3,5.5,Cloudy
32.3,45.9,1013.5,18.3,0.0,Sunny
39.8,61.0,1011.8,26.5,0.0,Sunny
21.9,65.4,1000.3,25.1,1.0,Sunny
27.5,63.9,1003.5,18.2,0.1,Sunny
23.2,96.4,1007.8,9.9,4.1,Cloudy
26.0,37.9,1010.9,18.9,0.0,Sunny
36.4,94.9,1008.6,24.5,18.0,Rainy
32.1,71.7,1006.8,17.2,0.0,Cloudy
37.1,85.1,1006.1,4.7,7.5,Cloudy
20.1,62.1,1007.5,2.6,0.0,Sunny
36.8,63.6,1005.9,12.8,2.0,Cloudy
16.5,90.4,1008.5,7.0,5.1,Cloudy
37.2,91.4,1017.2,31.9,1.8,Cloudy
23.2,50.0,1010.8,7.8,0.0,Sunny
22.9,47.6,1013.1,15.0,0.0,Sunny
27.8,66.3,1009.9,25.5,0.0,Sunny
38.5,91.7,1011.1,28.9,5.3,Cloudy
16.2,55.3,1009.5,17.8,0.0,Sunny
23.8,76.1,995.7,8.0,6.9,Cloudy
36.4,79.6,1020.0,10.9,0.0,Cloudy
24.9,84.1,995.8,15.8,21.1,Rainy
20.0,70.5,1004.9,14.0,0.0,Cloudy
25.6,60.4,997.6,13.5,2.6,Cloudy
24.6,95.9,997.4,6.4,18.2,Rainy
37.9,73.5,1014.8,32.1,0.0,Cloudy
34.0,80.9,1005.6,3.0,0.0,Cloudy
27.6,56.7,1015.0,16.5,0.0,Sunny
39.7,77.2,1001.8,34.4,8.4,Rainy
26.6,51.2,1001.4,23.8,0.5,Sunny
16.5,50.4,1001.3,13.7,0.0,Sunny
21.6,80.0,1010.4,6.8,0.0,Cloudy
25.9,67.8,1015.4,33.8,0.0,Sunny
18.9,78.0,1006.3,2.5,1.4,Cloudy
38.7,52.0,1004.5,24.5,4.0,Cloudy
34.2,72.7,1019.3,31.0,0.0,Cloudy
21.7,63.0,997.9,2.8,0.0,Sunny
29.8,72.6,1007.2,25.9,0.7,Cloudy
33.0,53.3,1005.2,35.0,0.0,Sunny
38.5,80.1,997.5,23.1,15.0,Rainy
37.0,85.8,1001.7,15.7,14.0,Rainy
27.9,51.4,995.7,30.9,3.9,Cloudy
34.4,53.9,1016.9,20.3,0.0,Sunny
29.1,76.7,1010.2,26.7,3.1,Cloudy
28.8,78.8,1015.4,21.4,0.0,Cloudy
17.9,79.4,1008.0,3.3,0.0,Cloudy
18.2,78.0,1010.0,9.0,1.5,Cloudy
28.2,59.7,1012.5,4.6,0.0,Sunny
21.7,59.9,1017.7,5.5,0.0,Sunny
15.5,51.1,997.3,2.5,7.2,Cloudy
33.1,44.9,1003.3,15.9,0.0,Sunny
15.8,78.6,1012.7,7.9,0.0,Cloudy
29.9,40.9,1019.0,30.2,0.0,Sunny
28.5,94.1,1019.5,26.8,7.9,Cloudy
39.2,87.1,1011.0,20.9,2.3,Cloudy
27.1,89.0,999.8,18.1,14.0,Rainy
16.6,92.1,998.0,10.4,12.9,Rainy
28.8,60.7,1018.7,17.7,0.0,Sunny
36.0,88.3,1005.8,23.2,8.1,Rainy
39.9,45.0,999.9,27.8,1.2,Sunny
25.8,36.4,1018.3,4.7,0.0,Sunny
23.0,84.4,997.6,25.4,18.9,Rainy
37.7,39.7,1013.2,26.5,0.0,Sunny
19.8,97.3,1010.6,20.4,16.0,Rainy
30.4,77.5,997.2,9.1,6.8,Cloudy
25.1,82.5,1003.5,19.8,13.6,Rainy
16.0,50.5,998.7,18.6,0.0,Sunny
23.7,77.5,1010.1,17.7,2.9,Cloudy
21.6,37.7,1006.9,17.2,0.0,Sunny
32.2,87.8,995.1,5.7,10.5,Rainy
38.7,45.7,1019.4,8.0,0.0,Sunny
21.7,78.9,1003.7,5.2,3.4,Cloudy
35.3,49.1,1001.5,10.0,0.0,Sunny
16.4,39.3,1000.6,10.7,0.0,Sunny
28.5,65.3,999.0,10.1,4.2,Cloudy
16.8,45.7,1020.0,9.0,0.0,Sunny
38.4,81.0,1002.4,26.3,9.1,Rainy
34.2,50.0,1005.1,29.0,0.0,Sunny
31.4,56.6,1016.8,12.8,0.0,Sunny
35.6,70.7,1011.0,12.1,1.6,Cloudy
31.2,53.0,1004.2,29.9,1.1,Sunny
39.2,58.8,1017.5,22.6,0.0,Sunny
32.8,86.4,1013.7,11.7,5.1,Cloudy
38.1,46.3,1000.7,25.5,0.0,Sunny
27.9,40.2,1011.1,13.4,0.0,Sunny
17.9,55.7,1018.1,21.4,0.0,Sunny
28.2,61.7,1007.4,34.8,0.0,Sunny
18.2,69.2,1013.3,12.0,0.0,Sunny
29.8,58.5,1019.3,32.7,0.0,Sunny
27.1,84.8,1012.3,12.6,9.4,Rainy
30.6,37.5,997.6,19.8,0.0,Sunny
15.3,62.2,1001.1,17.2,3.2,Cloudy
19.9,59.1,1009.9,27.8,0.0,Sunny
27.3,75.8,1001.9,4.0,7.9,Cloudy
38.8,95.9,1018.9,22.7,5.9,Cloudy
24.6,67.2,1005.1,27.1,2.8,Cloudy
25.6,97.2,1006.4,17.6,16.7,Rainy
32.9,54.0,1012.5,5.5,0.0,Sunny
30.1,36.9,1008.1,10.1,0.0,Sunny
22.5,45.4,1004.6,24.4,0.0,Sunny
25.3,59.9,996.9,31.5,5.7,Cloudy
20.4,54.9,1009.9,15.9,0.0,Sunny
39.2,41.1,1016.7,20.5,0.0,Sunny
18.3,62.3,1012.1,9.5,0.0,Sunny
24.3,56.3,1004.5,15.6,1.3,Sunny
15.6,42.7,998.2,13.1,0.0,Sunny
20.5,53.7,1015.4,23.6,0.0,Sunny
34.5,90.8,1018.5,34.5,0.0,Cloudy
20.0,54.0,1004.7,28.8,0.0,Sunny
17.0,80.0,1013.2,8.3,0.0,Cloudy
26.9,73.6,1005.3,21.1,7.1,Cloudy
15.2,61.9,1007.6,4.2,0.0,Sunny
17.1,50.1,1015.9,10.1,0.0,Sunny
35.2,58.2,997.1,7.7,7.1,Cloudy
34.3,72.3,1008.3,13.1,4.1,Cloudy
37.9,57.1,1000.4,24.4,3.4,Cloudy
36.4,48.5,1003.5,18.5,0.0,Sunny
32.1,42.3,1011.1,32.8,0.0,Sunny
16.3,90.4,995.7,9.0,12.2,Rainy
34.6,62.7,1009.8,14.0,0.0,Sunny
36.1,74.4,1002.1,12.9,0.0,Cloudy
35.0,65.9,1011.7,9.8,0.0,Sunny
27.7,90.0,998.5,34.8,16.1,Rainy
20.8,69.5,1013.4,14.8,0.0,Sunny
36.1,65.3,1011.1,33.0,0.0,Sunny
33.2,93.2,1019.3,14.9,0.4,Cloudy
39.5,80.3,1017.8,8.7,0.0,Cloudy
18.9,42.0,1002.1,5.9,0.0,Sunny
20.6,46.2,995.7,30.2,0.0,Sunny
20.3,84.6,1011.4,3.1,0.1,Cloudy
34.8,87.7,1010.1,33.8,15.4,Rainy
19.7,69.3,995.7,15.8,7.9,Cloudy
16.7,69.9,998.1,10.2,6.8,Cloudy
40.0,74.8,1009.6,22.4,5.8,Cloudy
15.6,62.7,1017.8,6.4,0.0,Sunny
35.9,77.9,1017.7,4.4,0.0,Cloudy
24.1,41.8,998.8,29.3,0.0,Sunny
36.0,95.6,1004.6,16.0,14.1,Rainy
28.9,82.3,996.1,19.1,9.7,Rainy
37.5,74.8,1006.7,7.8,0.5,Cloudy
38.2,54.9,1013.8,4.0,0.0,Sunny
15.2,45.1,1014.7,14.1,0.0,Sunny
16.9,60.8,1007.5,18.7,0.0,Sunny
21.3,76.7,997.4,27.3,20.6,Rainy
31.7,74.9,1004.5,18.5,7.6,Cloudy
37.2,59.1,1018.3,27.8,0.0,Sunny
26.5,73.6,1000.7,5.8,9.3,Rainy
30.2,86.3,1003.0,4.1,11.2,Rainy
19.7,36.7,1013.7,7.2,0.0,Sunny
35.1,63.4,1013.3,27.5,0.0,Sunny
39.2,82.8,1017.8,27.1,7.0,Cloudy
21.7,69.4,1004.7,6.7,4.5,Cloudy
27.4,76.0,1007.9,3.0,2.1,Cloudy
17.2,67.6,1006.7,24.6,1.0,Sunny
29.0,97.5,1018.2,30.2,10.0,Rainy
27.6,38.4,1014.2,26.9,0.0,Sunny
18.6,65.9,1015.8,8.7,0.0,Sunny
26.1,40.8,998.3,21.3,0.0,Sunny
23.4,45.1,1014.8,27.0,0.0,Sunny
28.0,59.1,1005.8,10.4,0.0,Sunny
29.6,44.8,995.6,19.4,0.0,Sunny
15.2,95.7,996.5,12.4,16.9,Rainy
34.0,94.6,1011.9,9.4,14.7,Rainy
32.8,56.2,1004.3,34.0,0.0,Sunny
24.2,75.3,1016.7,32.1,0.8,Cloudy
16.3,68.6,1013.4,16.7,0.0,Sunny
33.9,86.4,995.5,6.5,15.5,Rainy
38.9,74.5,1012.2,26.0,2.3,Cloudy
21.0,35.0,999.8,10.4,0.0,Sunny
23.1,83.1,1005.6,7.6,1.3,Cloudy
19.6,82.1,1010.6,14.6,0.2,Cloudy
29.4,67.1,1016.8,19.5,0.0,Sunny
18.9,91.9,1006.4,5.2,10.3,Rainy
23.9,92.2,1015.2,20.9,7.3,Cloudy
32.4,68.0,1014.6,2.5,0.0,Sunny
29.0,73.3,1005.4,31.4,6.7,Cloudy
24.7,97.8,1007.5,32.4,14.2,Rainy
25.5,53.8,1012.5,26.2,0.0,Sunny
29.1,55.5,995.8,17.4,0.3,Sunny
15.1,46.5,1017.3,10.4,0.0,Sunny
17.0,91.4,1014.2,26.6,14.0,Rainy
37.0,81.9,1001.2,32.7,16.3,Rainy
16.9,41.7,1019.5,7.2,0.0,Sunny
32.7,96.9,999.5,17.4,13.3,Rainy
38.0,81.1,1017.9,12.4,0.0,Cloudy
21.8,88.6,1003.1,13.8,14.3,Rainy
24.3,38.0,1014.1,15.4,0.0,Sunny
29.2,66.8,1006.4,33.4,5.5,Cloudy
37.0,79.0,1013.4,10.5,0.0,Cloudy
38.5,69.2,998.9,18.3,5.2,Cloudy
33.5,77.0,1001.7,33.4,12.1,Rainy
17.2,86.5,997.5,17.7,15.0,Rainy
31.7,58.6,1016.6,30.5,0.0,Sunny
25.3,88.5,1002.4,3.9,9.9,Rainy
26.8,45.3,1012.4,33.5,0.0,Sunny
16.2,52.1,1015.5,8.2,0.0,Sunny
19.8,37.7,1017.5,34.3,0.0,Sunny
34.8,58.0,997.7,7.8,0.0,Sunny
26.3,58.9,1017.3,16.7,0.0,Sunny
22.5,85.7,999.9,12.2,16.9,Rainy
24.6,76.1,1013.4,16.3,0.0,Cloudy
36.4,62.5,1013.2,10.3,0.0,Sunny
33.7,76.1,995.2,33.9,10.9,Rainy
21.8,38.3,1000.5,12.1,0.0,Sunny
17.9,46.4,1007.3,23.6,0.0,Sunny
21.3,74.5,1005.5,6.5,0.0,Cloudy
38.0,75.4,1018.0,29.2,0.0,Cloudy
29.5,83.8,1004.0,19.9,9.6,Rainy
28.3,60.4,1018.4,34.3,0.0,Sunny
29.9,80.5,1006.5,16.0,8.3,Rainy
24.2,78.1,1019.1,8.4,0.0,Cloudy
35.2,95.7,1013.4,13.4,7.8,Cloudy
28.1,48.6,1015.7,26.3,0.0,Sunny
17.9,69.8,997.6,23.8,13.2,Rainy
18.2,72.9,1009.7,27.7,5.6,Cloudy
28.4,97.9,998.6,4.4,17.2,Rainy
38.4,47.7,1002.4,21.2,3.8,Cloudy
22.7,68.0,1010.6,32.8,4.5,Cloudy
36.7,56.8,1013.2,5.6,0.0,Sunny
34.1,68.1,996.0,5.1,7.4,Cloudy
21.2,49.6,1008.3,25.6,0.0,Sunny
15.9,38.0,1009.1,12.4,0.0,Sunny
17.5,71.1,997.0,23.7,12.3,Rainy
33.2,56.2,1007.5,20.0,0.0,Sunny
20.0,46.5,1012.8,34.5,0.0,Sunny
24.3,55.4,996.3,31.3,0.0,Sunny
27.5,38.1,1014.0,24.4,0.0,Sunny
33.1,94.9,1009.4,10.6,12.8,Rainy
17.8,71.6,1015.8,10.6,0.0,Cloudy
25.2,86.3,1000.5,31.1,15.1,Rainy
27.1,61.7,1015.8,21.3,0.0,Sunny
28.5,91.9,997.4,28.0,14.9,Rainy
35.5,65.4,1005.1,16.8,0.0,Sunny
19.3,71.2,1000.0,5.4,11.1,Rainy
35.2,66.0,1016.9,13.0,0.0,Sunny
32.3,81.2,1012.6,7.3,0.0,Cloudy
28.9,70.7,995.6,27.8,11.3,Rainy
32.5,52.1,995.2,25.1,6.2,Cloudy
25.3,44.2,1002.3,4.9,0.0,Sunny
18.5,73.2,998.6,22.5,12.0,Rainy
31.6,65.8,1010.8,30.8,0.0,Sunny
28.1,41.0,1011.6,25.0,0.0,Sunny
31.0,59.9,1018.5,18.9,0.0,Sunny
23.4,67.4,1018.8,12.3,0.0,Sunny
37.7,87.1,1011.5,31.3,4.4,Cloudy
29.7,39.8,995.1,16.0,0.0,Sunny
17.1,57.0,1004.0,30.2,0.0,Sunny
26.2,86.8,1007.8,27.8,8.3,Rainy
33.9,75.9,1007.5,28.9,7.6,Cloudy
34.9,53.3,1010.1,34.7,0.0,Sunny
27.4,88.3,1019.0,26.7,2.1,Cloudy
37.4,66.1,1017.1,3.1,0.0,Sunny
21.7,66.4,997.7,8.8,0.4,Sunny
25.3,96.5,1001.6,3.2,14.2,Rainy
37.5,94.7,1015.8,8.3,6.0,Cloudy
37.4,57.6,1015.6,4.0,0.0,Sunny
32.1,43.9,1001.9,18.6,0.0,Sunny
36.5,55.5,1013.3,2.9,0.0,Sunny
17.2,36.9,1011.8,17.6,0.0,Sunny
36.6,36.3,1006.8,31.7,0.0,Sunny
23.0,59.9,1000.0,26.7,4.1,Cloudy
19.5,94.3,1017.2,33.2,0.0,Cloudy
21.0,89.9,1011.9,9.5,1.4,Cloudy
25.4,67.2,999.2,19.5,8.2,Rainy
21.3,70.6,1012.6,12.5,0.0,Cloudy
23.0,35.4,1013.5,18.3,0.0,Sunny
18.4,48.6,1017.2,20.4,0.0,Sunny
22.4,36.6,1000.6,3.2,0.0,Sunny
29.3,82.5,1019.7,9.7,0.0,Cloudy
26.0,44.2,998.8,25.3,0.0,Sunny
23.7,89.7,1010.0,27.5,5.7,Cloudy
33.7,75.5,1011.4,20.8,4.6,Cloudy
37.3,49.5,1005.5,10.9,0.0,Sunny
33.9,44.9,1006.9,15.4,0.0,Sunny
23.3,74.5,1017.3,5.2,0.0,Cloudy
33.6,91.8,1011.1,33.5,7.1,Cloudy
18.8,80.3,1007.4,30.7,3.6,Cloudy
18.3,57.0,998.2,4.2,1.4,Sunny
23.6,72.0,995.2,7.5,6.9,Cloudy
35.2,54.6,998.1,21.2,0.6,Sunny
21.2,97.9,1018.9,9.7,7.3,Cloudy
16.6,82.2,1014.1,32.8,6.3,Cloudy
18.3,73.7,1019.2,26.9,0.0,Cloudy
36.5,61.7,995.9,11.0,4.4,Cloudy
30.8,73.9,1012.0,2.2,0.0,Cloudy
21.3,56.5,996.1,28.4,8.2,Rainy
28.9,36.8,1014.6,16.0,0.0,Sunny
28.2,59.9,1004.5,23.2,0.0,Sunny
31.4,93.6,997.4,11.5,17.8,Rainy
20.8,74.5,1009.2,6.7,4.1,Cloudy
36.6,40.3,1002.0,24.3,0.0,Sunny
22.7,90.8,1011.5,16.9,9.9,Rainy
32.4,51.9,1011.5,9.8,0.0,Sunny
15.4,50.4,1012.6,6.5,0.0,Sunny
24.3,53.7,1019.8,21.2,0.0,Sunny
23.8,71.4,1004.7,25.9,9.5,Rainy
28.6,69.3,1006.6,11.4,1.8,Sunny
16.8,66.0,1015.1,26.3,1.9,Sunny
34.8,80.2,1009.5,8.0,0.0,Cloudy
20.4,54.9,995.9,13.2,3.4,Cloudy
31.9,84.3,1016.1,26.6,0.4,Cloudy
35.1,46.0,996.3,23.8,0.0,Sunny
29.0,84.3,999.3,10.9,17.7,Rainy
33.5,76.8,997.6,6.0,8.4,Rainy
31.5,78.0,996.9,3.4,8.7,Rainy
23.9,65.3,995.6,29.7,10.6,Rainy
35.2,77.0,996.4,4.5,1.5,Cloudy
22.4,40.0,1006.1,5.8,0.0,Sunny
29.3,88.6,1001.3,9.8,20.3,Rainy
33.6,38.5,998.2,16.7,0.0,Sunny
24.5,44.4,1011.5,28.1,0.0,Sunny
22.6,71.3,1000.7,10.2,4.6,Cloudy
26.5,81.6,995.5,19.9,10.9,Rainy
35.4,39.8,1005.5,5.0,0.0,Sunny
38.2,93.0,1002.8,17.3,18.5,Rainy
28.6,96.3,1003.0,7.9,16.5,Rainy
31.5,73.2,1006.1,9.0,3.7,Cloudy
37.6,65.3,1011.7,14.1,0.0,Sunny
17.5,81.7,1010.4,27.1,3.7,Cloudy
20.8,55.7,1018.4,26.6,0.0,Sunny
32.7,66.1,1007.9,15.7,0.0,Sunny
35.6,92.7,1006.8,5.9,8.4,Rainy
36.4,95.2,1000.3,11.3,21.1,Rainy
25.4,93.4,1013.9,18.7,7.3,Cloudy
17.2,51.5,998.5,30.7,1.1,Sunny
25.9,49.6,1007.3,34.0,0.3,Sunny
20.8,53.8,1005.5,23.0,0.0,Sunny
22.3,62.8,1011.5,13.6,0.0,Sunny
34.3,54.8,1017.9,24.9,0.0,Sunny
16.9,58.6,1018.7,13.1,0.0,Sunny
35.7,74.1,999.2,22.6,5.6,Cloudy
25.7,83.0,1001.5,10.0,8.3,Rainy
29.9,81.3,1015.3,10.8,0.5,Cloudy
17.2,86.3,1008.0,4.5,6.1,Cloudy
23.4,37.0,1006.3,15.9,0.0,Sunny
17.2,38.0,1012.8,22.4,0.0,Sunny
39.0,84.7,1010.0,28.0,11.0,Rainy
35.2,68.6,1019.3,28.7,0.0,Sunny
26.5,71.4,1009.6,34.8,12.4,Rainy
20.6,38.3,1006.6,4.9,0.0,Sunny
38.3,51.1,1008.6,18.3,0.0,Sunny
23.6,75.2,1015.2,19.2,0.0,Cloudy
19.0,89.1,1010.3,28.5,8.4,Rainy
29.1,92.8,1011.2,10.8,2.0,Cloudy
38.6,66.5,1019.3,4.3,0.0,Sunny
15.1,69.4,1010.5,12.4,0.0,Sunny
21.0,87.5,1004.5,34.5,12.4,Rainy
38.5,68.9,1012.3,31.7,4.7,Cloudy
19.3,67.6,1011.5,15.0,4.0,Cloudy
17.8,92.0,995.3,30.9,17.8,Rainy
29.3,84.8,1006.7,3.1,4.3,Cloudy
36.5,92.3,1013.6,12.4,2.1,Cloudy
26.9,48.7,1007.5,26.0,0.0,Sunny
39.9,68.0,1014.5,9.3,0.0,Sunny
32.0,88.1,1006.3,8.5,8.9,Rainy
16.9,42.0,1019.6,30.4,0.0,Sunny
39.8,85.1,1002.3,22.3,11.1,Rainy
25.2,46.5,997.3,34.6,0.0,Sunny
22.2,85.9,1005.8,6.4,8.1,Rainy
28.9,73.6,1008.5,13.8,0.5,Cloudy
22.6,47.2,1003.7,12.3,0.0,Sunny
17.2,64.8,1001.1,31.0,0.0,Sunny
15.0,78.0,1011.8,10.4,1.4,Cloudy
26.2,74.9,1004.4,13.7,2.2,Cloudy
35.9,61.9,1010.8,6.7,0.0,Sunny
29.3,91.7,1014.5,27.6,11.2,Rainy
40.0,67.7,1014.0,9.8,0.0,Sunny
22.2,66.9,1004.4,4.3,4.8,Cloudy
22.0,38.9,1009.2,16.4,0.0,Sunny
19.0,93.1,1006.2,14.9,18.3,Rainy
19.1,46.2,1016.8,7.9,0.0,Sunny
22.1,68.3,1017.0,6.4,0.0,Sunny
34.8,85.6,1003.6,31.6,9.5,Rainy
37.6,48.6,997.3,4.2,0.0,Sunny
39.4,68.2,999.2,5.3,8.0,Rainy
20.8,50.2,1004.2,10.1,0.0,Sunny
37.0,82.9,1009.1,33.4,6.6,Cloudy
23.2,70.6,1011.4,4.8,0.0,Cloudy
17.8,88.9,1003.3,28.9,21.6,Rainy
36.8,91.4,1011.7,31.4,6.1,Cloudy
30.9,75.9,1018.4,14.5,0.0,Cloudy
19.1,80.7,1011.3,11.7,3.3,Cloudy
25.7,69.6,999.0,24.4,6.4,Cloudy
22.2,59.2,1009.5,25.2,0.0,Sunny
33.4,75.8,1008.5,27.7,3.1,Cloudy
26.3,92.2,1016.8,29.4,8.7,Rainy
39.7,61.3,1003.8,10.9,0.0,Sunny
16.4,54.8,1005.6,24.7,3.2,Cloudy
23.9,59.5,1010.0,6.5,0.0,Sunny
27.0,62.4,1008.1,18.9,0.6,Sunny
27.6,39.6,1013.0,22.2,0.0,Sunny
22.9,66.4,996.0,7.3,3.0,Cloudy
33.2,66.1,1009.1,4.5,0.0,Sunny
36.9,72.1,998.0,8.4,3.0,Cloudy
38.5,57.9,1002.9,15.9,0.0,Sunny
35.1,73.6,1011.5,31.3,1.6,Cloudy
36.3,90.3,998.9,19.6,7.5,Cloudy
28.8,95.2,1002.7,26.7,25.2,Rainy
35.6,71.8,1012.6,7.7,0.0,Cloudy
22.6,37.7,1011.3,5.5,0.0,Sunny
25.0,96.1,997.3,9.9,24.2,Rainy
22.9,79.5,1009.4,12.4,7.3,Cloudy
26.7,56.2,998.7,20.1,0.3,Sunny
22.1,44.3,1001.3,31.1,0.0,Sunny
39.0,44.0,1006.5,16.1,0.0,Sunny
22.8,45.6,997.7,19.1,0.0,Sunny
17.5,37.9,1019.8,2.2,0.0,Sunny
28.2,91.8,999.1,3.1,11.6,Rainy
16.4,69.1,1014.5,4.8,0.0,Sunny
17.8,79.1,1015.7,25.1,0.0,Cloudy
20.5,87.2,1019.9,18.0,0.0,Cloudy
26.6,84.9,1005.7,8.4,7.3,Cloudy
25.8,90.6,1016.9,21.6,3.7,Cloudy
35.0,95.9,1018.9,20.0,3.3,Cloudy
33.5,62.7,999.3,4.9,10.0,Rainy
25.7,94.9,1007.0,23.1,16.0,Rainy
23.3,80.6,996.5,27.3,15.2,Rainy
22.9,39.5,1010.5,11.5,0.0,Sunny
34.3,78.0,1009.5,24.7,7.8,Cloudy
16.3,78.3,1000.1,8.6,20.7,Rainy
15.3,92.1,1014.9,27.0,6.6,Cloudy
34.9,58.5,995.9,32.1,3.1,Cloudy
26.9,71.8,1015.2,16.6,0.0,Cloudy
18.3,35.8,995.7,10.1,0.0,Sunny
20.9,55.9,1011.4,15.2,0.0,Sunny
38.3,38.9,997.0,10.3,0.0,Sunny
36.5,67.9,1001.3,2.0,0.0,Sunny
32.7,86.5,1013.0,23.5,3.1,Cloudy
27.1,48.0,1002.0,3.4,0.0,Sunny
28.0,68.2,1007.8,8.9,0.0,Sunny
39.4,47.9,1017.9,25.8,0.0,Sunny
39.1,42.6,996.2,24.0,0.0,Sunny
20.4,67.2,1015.3,4.4,0.0,Sunny
35.3,40.0,996.6,23.8,1.7,Sunny
19.9,72.0,998.2,32.7,15.5,Rainy
20.3,37.0,998.0,4.5,0.0,Sunny
31.9,41.7,1019.9,15.7,0.0,Sunny
25.1,69.6,999.5,26.1,8.7,Rainy
38.3,72.3,1017.4,24.0,0.0,Cloudy
17.2,36.8,1019.8,9.5,0.0,Sunny
27.8,71.1,1004.6,7.4,3.6,Cloudy
38.0,87.8,1010.8,27.9,3.4,Cloudy
37.6,80.5,1014.5,33.6,0.0,Cloudy
18.9,43.3,1004.8,27.3,0.0,Sunny
24.2,72.3,999.0,33.8,2.4,Cloudy
30.5,77.4,1005.8,22.0,7.9,Cloudy
19.0,37.3,1014.3,32.7,0.0,Sunny
39.2,88.9,1014.5,24.8,2.9,Cloudy
37.9,92.1,1000.8,32.0,18.1,Rainy
19.2,88.6,999.4,7.3,12.9,Rainy
18.0,87.0,1018.0,28.9,0.3,Cloudy
17.1,81.9,996.1,8.5,19.2,Rainy
37.7,74.9,1013.4,2.9,0.0,Cloudy
19.8,77.8,996.2,19.1,6.9,Cloudy
25.4,85.8,1015.9,12.5,3.5,Cloudy
26.2,76.7,1017.6,3.4,0.0,Cloudy
30.0,55.6,1002.4,34.4,0.0,Sunny
16.8,58.7,996.8,24.0,0.2,Sunny
20.7,91.5,1007.0,31.8,14.7,Rainy
38.3,36.1,1002.5,35.0,0.0,Sunny
37.7,79.0,1005.4,14.9,6.8,Cloudy
34.5,95.2,1011.6,10.4,6.2,Cloudy
15.5,79.5,1000.2,8.1,6.1,Cloudy
23.2,97.6,1003.9,19.0,15.7,Rainy
30.7,78.3,1014.6,22.0,4.5,Cloudy
21.9,37.2,1011.1,17.6,0.0,Sunny
37.7,87.1,1003.2,14.8,15.9,Rainy
30.8,52.9,1011.6,7.6,0.0,Sunny
16.8,63.1,1014.1,16.6,0.0,Sunny
37.7,54.7,1009.8,4.8,0.0,Sunny
38.9,51.9,1001.0,30.5,0.0,Sunny
16.9,62.2,995.0,3.5,6.4,Cloudy
28.3,58.9,1015.1,14.6,0.0,Sunny
22.6,74.9,1015.6,5.3,0.0,Cloudy
24.8,86.2,1012.4,27.6,10.5,Rainy
19.5,53.7,996.9,12.3,3.8,Cloudy
29.5,48.5,1009.6,5.7,0.0,Sunny
38.9,77.0,1015.5,19.5,0.0,Cloudy
27.6,77.2,1004.7,32.2,4.9,Cloudy
17.1,91.8,1000.0,32.0,15.3,Rainy
30.5,36.0,1009.7,10.2,0.0,Sunny
23.5,88.7,1015.7,25.7,5.6,Cloudy
36.4,67.8,996.2,3.0,0.0,Sunny
25.9,74.1,1009.9,6.4,1.3,Cloudy
19.8,40.8,1011.1,18.5,0.0,Sunny
19.8,62.3,1010.1,9.5,0.0,Sunny
34.2,49.3,1011.3,28.3,0.0,Sunny
21.6,51.0,1010.8,32.7,0.0,Sunny
34.2,66.8,998.3,2.1,5.2,Cloudy
20.1,86.2,1000.9,9.7,8.5,Rainy
23.0,81.9,1010.5,16.5,4.8,Cloudy
26.6,72.2,995.4,20.6,18.9,Rainy
38.6,69.0,1010.9,32.2,0.0,Sunny
38.3,61.9,1011.6,31.4,0.0,Sunny
20.2,96.3,1001.0,23.0,20.8,Rainy
24.0,70.3,1010.0,10.5,0.0,Cloudy
18.7,51.0,1008.4,27.8,0.0,Sunny
27.7,49.5,1001.5,8.7,0.0,Sunny
26.5,73.5,1006.6,33.9,0.0,Cloudy
37.5,67.9,1017.7,2.2,0.0,Sunny
38.3,35.5,1005.7,20.8,0.0,Sunny
24.6,87.3,1010.7,4.9,4.8,Cloudy
27.3,79.4,995.9,15.5,5.4,Cloudy
37.4,76.7,996.9,23.0,17.2,Rainy
35.2,39.3,997.0,24.8,0.7,Sunny
15.1,57.8,1014.5,27.9,0.0,Sunny
23.0,93.9,1003.8,21.6,13.4,Rainy
25.5,89.3,1000.7,10.3,12.5,Rainy
20.7,53.0,1013.7,31.3,0.0,Sunny
20.0,44.9,999.2,28.8,3.0,Cloudy
15.9,63.3,1001.2,7.3,0.0,Sunny
31.1,57.4,1005.8,29.3,0.0,Sunny
21.6,78.0,1003.3,34.1,13.0,Rainy
16.3,95.9,1009.6,23.0,17.0,Rainy
20.8,57.9,1003.4,11.3,0.0,Sunny
35.0,38.9,1004.8,22.0,0.0,Sunny
36.3,91.5,1016.6,13.3,4.3,Cloudy
27.1,37.4,1017.1,24.3,0.0,Sunny
25.4,95.0,1015.7,20.0,3.7,Cloudy
39.4,76.9,1016.6,32.7,0.0,Cloudy
20.0,94.3,1009.2,22.4,9.2,Rainy
20.4,47.6,1011.2,9.1,0.0,Sunny
22.3,37.6,1008.9,25.9,0.0,Sunny
19.3,65.8,1014.6,11.9,0.0,Sunny
24.5,63.4,1008.8,11.0,0.0,Sunny
37.8,55.9,997.8,14.9,0.0,Sunny
30.4,95.3,1015.2,2.4,8.3,Rainy
25.3,86.8,1014.0,34.0,7.8,Cloudy
38.4,76.7,1015.5,19.6,0.9,Cloudy
16.2,45.3,999.8,27.5,0.0,Sunny
20.3,81.3,1001.8,10.5,13.7,Rainy
29.1,80.8,1002.4,26.6,15.5,Rainy
30.4,61.8,1007.7,20.7,0.0,Sunny
16.0,93.3,998.3,16.0,20.7,Rainy
25.1,45.5,1004.6,34.0,0.0,Sunny
31.2,51.8,999.6,18.3,0.0,Sunny
32.5,39.0,1001.6,23.7,0.0,Sunny
31.0,85.1,1012.7,2.5,2.4,Cloudy
23.0,74.2,1016.4,11.9,0.0,Cloudy
17.3,54.8,995.6,31.3,6.5,Cloudy
25.7,45.3,1009.1,27.0,0.0,Sunny
18.2,37.5,995.9,19.7,0.0,Sunny
38.7,45.5,997.1,31.7,0.9,Sunny
26.9,63.6,1012.6,18.0,0.4,Sunny
22.9,50.6,1013.4,20.7,0.0,Sunny
34.2,51.3,1015.3,14.6,0.0,Sunny
27.4,90.2,1006.9,22.5,9.2,Rainy
22.8,67.5,1016.5,12.5,0.0,Sunny
35.3,80.9,999.2,14.7,12.8,Rainy
36.7,37.2,1001.2,33.9,0.0,Sunny
31.8,58.0,998.4,5.7,2.6,Cloudy
16.2,65.2,1014.9,5.5,0.0,Sunny
29.2,46.7,1000.7,3.4,0.0,Sunny
34.1,42.6,998.9,12.6,0.8,Sunny
18.4,89.8,1010.6,15.1,11.8,Rainy
20.7,94.2,996.9,5.1,19.0,Rainy
37.1,40.0,996.1,20.1,0.0,Sunny
15.5,57.0,997.7,21.2,1.5,Sunny
33.8,95.4,995.0,26.8,22.1,Rainy
26.8,40.2,1012.4,34.2,0.0,Sunny
26.2,75.5,1009.1,22.4,3.6,Cloudy
15.2,96.2,1000.2,5.7,19.5,Rainy
35.5,96.6,1000.8,4.9,21.0,Rainy
24.0,64.7,1015.3,27.7,0.0,Sunny
28.5,45.3,1007.5,23.5,0.0,Sunny
31.9,47.7,1012.5,7.3,0.0,Sunny
32.6,91.0,1006.3,10.4,7.8,Cloudy
38.9,92.4,1000.9,26.8,18.1,Rainy
28.3,73.3,1019.3,20.7,0.0,Cloudy
25.0,83.3,1009.1,21.3,12.2,Rainy
38.8,81.6,998.3,8.9,18.8,Rainy
31.1,76.7,1005.2,22.8,5.1,Cloudy
22.5,87.1,1003.2,27.4,18.1,Rainy
18.2,78.2,1000.4,31.2,12.7,Rainy
36.1,68.6,1018.3,26.3,5.3,Cloudy
24.1,49.9,1017.0,21.0,0.0,Sunny
31.5,81.9,1000.0,24.2,12.1,Rainy
26.8,64.8,1003.8,18.0,0.0,Sunny
20.0,53.6,1014.1,9.5,0.0,Sunny
30.0,85.5,1000.2,31.1,18.0,Rainy
16.5,78.9,1009.8,19.6,7.9,Cloudy
25.3,94.1,1012.5,21.6,12.1,Rainy
28.7,45.4,1011.3,34.7,0.0,Sunny
25.9,75.9,1012.7,34.5,0.0,Cloudy
33.7,50.4,1012.7,21.3,0.0,Sunny
35.7,91.9,1019.1,3.1,7.9,Cloudy
34.3,41.3,1003.7,15.1,0.0,Sunny
16.0,76.3,1017.0,32.9,4.0,Cloudy
19.9,84.8,995.5,11.5,11.2,Rainy
28.4,57.4,1002.2,35.0,2.7,Cloudy
38.4,95.1,996.2,4.8,17.4,Rainy
35.9,88.6,1011.3,20.7,12.1,Rainy
36.1,53.6,997.5,19.0,0.0,Sunny
22.6,35.5,1016.1,10.4,0.0,Sunny
25.7,53.7,1011.2,33.3,0.0,Sunny
26.8,52.7,995.7,22.4,0.0,Sunny
18.9,91.1,1012.9,9.6,1.6,Cloudy
15.8,95.9,1016.6,14.7,3.6,Cloudy
38.7,39.4,1011.5,25.8,0.0,Sunny
21.0,64.7,995.8,11.8,3.7,Cloudy
21.0,69.5,1016.4,31.0,0.0,Sunny
17.1,40.9,1013.3,7.5,0.0,Sunny
38.2,58.8,1004.5,10.7,0.0,Sunny
29.5,55.0,1003.2,6.8,0.0,Sunny
31.7,68.8,1007.0,5.4,0.0,Sunny
37.8,76.7,1016.7,11.9,0.0,Cloudy
23.6,79.3,1001.3,35.0,13.3,Rainy
30.5,43.6,997.5,5.1,0.0,Sunny
16.0,86.2,1016.6,9.0,0.0,Cloudy
19.7,77.7,995.7,11.0,16.7,Rainy
35.8,91.0,1017.8,22.4,4.1,Cloudy
34.2,63.3,1002.6,26.6,10.2,Rainy
23.8,91.3,1007.7,26.8,14.9,Rainy
24.4,89.5,998.3,2.3,10.2,Rainy
28.3,62.6,1017.6,23.5,0.0,Sunny
15.0,59.0,1013.7,22.8,0.0,Sunny
21.0,93.8,1018.1,19.1,12.2,Rainy
20.2,80.1,1012.1,14.5,1.0,Cloudy
21.3,93.5,999.6,28.3,20.0,Rainy
35.1,85.2,1002.7,13.3,12.5,Rainy
22.0,73.4,1007.2,9.6,1.1,Cloudy
19.8,42.3,1010.2,12.2,0.0,Sunny
27.6,53.4,1018.2,16.5,0.0,Sunny
36.6,96.0,1004.6,9.1,4.5,Cloudy
21.0,55.1,1012.6,22.0,0.0,Sunny
17.0,40.9,1019.0,31.2,0.0,Sunny
23.9,79.6,998.8,21.7,1.8,Cloudy
33.7,81.2,1016.6,16.7,1.8,Cloudy
28.8,53.0,1005.5,28.3,0.0,Sunny
35.4,53.8,1013.3,26.7,0.0,Sunny
39.0,64.5,1002.3,14.1,3.3,Cloudy
34.8,36.4,1003.3,21.9,0.0,Sunny
30.1,84.7,995.7,26.1,14.9,Rainy
27.3,55.0,1019.3,10.1,0.0,Sunny
16.0,88.8,1015.3,14.1,6.5,Cloudy
39.6,85.6,997.3,5.5,18.9,Rainy
24.6,76.7,1020.0,34.6,0.0,Cloudy
18.8,55.5,1010.1,4.8,0.0,Sunny
31.7,67.5,1016.3,7.6,0.0,Sunny
22.1,63.0,996.7,17.8,0.9,Sunny
29.6,56.3,1004.7,30.6,2.0,Cloudy
29.7,88.4,1011.7,13.7,0.1,Cloudy
26.1,65.5,997.7,27.4,9.1,Rainy
35.9,87.5,1007.2,24.3,10.6,Rainy
21.6,41.6,1006.1,23.1,0.0,Sunny
26.2,43.9,1000.4,29.9,0.0,Sunny
28.4,96.6,1002.5,2.5,11.0,Rainy
31.6,72.0,1019.2,32.7,0.0,Cloudy
34.6,67.1,1002.2,29.4,11.3,Rainy
24.9,68.0,1000.3,32.9,7.2,Cloudy
31.2,48.6,1008.4,28.2,0.0,Sunny
18.8,80.3,1011.8,31.0,9.9,Rainy
38.3,40.3,1013.1,8.7,0.0,Sunny
24.6,71.1,1013.9,12.5,0.0,Cloudy
33.2,71.0,995.9,12.4,6.2,Cloudy
15.5,92.6,1004.8,5.6,13.4,Rainy
20.1,68.1,1014.3,26.1,0.0,Sunny
27.2,43.6,1017.6,6.5,0.0,Sunny
37.0,71.1,1010.1,3.7,1.3,Cloudy
28.2,40.8,996.3,27.6,0.0,Sunny
38.2,47.8,1004.9,31.9,0.0,Sunny
27.1,37.0,996.9,27.2,0.0,Sunny
27.3,67.3,1013.7,29.2,0.0,Sunny
18.0,40.3,996.6,21.7,0.0,Sunny
35.1,64.6,999.6,31.3,5.4,Cloudy
21.2,93.8,1005.4,18.4,21.2,Rainy
37.5,80.3,1006.6,34.6,6.2,Cloudy
37.8,39.9,1005.2,5.4,0.0,Sunny
38.6,49.1,1006.6,28.7,0.0,Sunny
28.0,77.4,1012.8,23.2,0.0,Cloudy
31.9,91.4,1004.2,21.2,6.5,Cloudy
34.5,37.1,1008.7,26.0,0.0,Sunny
18.3,86.2,1002.6,29.7,11.6,Rainy
30.0,70.4,1003.8,30.5,10.2,Rainy
15.9,69.4,1010.3,7.8,0.0,Sunny
27.4,95.3,1007.3,8.5,11.9,Rainy
18.9,82.1,1013.1,2.5,0.0,Cloudy
19.6,88.6,1009.0,6.4,9.2,Rainy
24.1,57.3,1015.1,10.7,0.0,Sunny
25.8,69.9,1006.1,25.8,0.0,Sunny
30.6,73.8,1007.3,17.7,4.8,Cloudy
16.9,55.3,1011.7,27.0,0.0,Sunny
27.6,70.9,1000.5,18.1,0.0,Cloudy
19.6,49.9,1004.6,20.3,0.0,Sunny
29.3,44.0,1010.6,5.7,0.0,Sunny
30.9,58.6,995.7,27.6,0.0,Sunny
28.9,81.6,1005.9,27.0,5.1,Cloudy
33.5,92.7,1010.0,12.1,5.9,Cloudy
23.4,63.8,1019.2,12.8,0.0,Sunny
34.1,75.5,1016.9,9.2,0.0,Cloudy
25.8,41.5,1002.0,28.9,0.0,Sunny
27.1,92.0,1007.7,26.7,16.2,Rainy
31.2,70.8,996.4,22.1,8.2,Rainy
15.5,84.2,1001.0,9.9,11.9,Rainy
31.3,85.0,1014.4,7.7,0.0,Cloudy
30.5,51.2,998.1,3.7,5.3,Cloudy
22.7,68.3,1001.4,3.5,0.0,Sunny
17.1,95.5,1018.6,8.2,4.6,Cloudy
17.3,40.6,1015.6,5.3,0.0,Sunny
38.1,78.0,1014.5,20.4,0.0,Cloudy
32.2,95.6,1016.6,13.8,2.8,Cloudy
18.2,53.9,1013.7,16.7,0.0,Sunny
23.9,89.3,998.0,21.6,21.1,Rainy
29.8,93.8,1007.9,23.8,9.4,Rainy
35.9,82.1,1006.1,23.4,14.3,Rainy
16.1,49.6,1002.8,10.6,0.0,Sunny
20.9,56.0,1015.9,28.7,0.0,Sunny
37.2,37.3,1006.6,32.3,0.0,Sunny
15.2,87.4,996.5,12.4,19.0,Rainy
20.0,88.5,1001.9,2.6,11.2,Rainy
39.0,74.9,1000.7,31.7,7.6,Cloudy
30.3,57.2,1017.2,32.5,1.7,Sunny
21.5,39.8,1011.2,3.7,0.0,Sunny
16.7,82.4,1009.0,2.2,4.7,Cloudy
15.7,80.8,1007.7,28.9,9.6,Rainy
21.1,92.5,1011.3,11.9,10.0,Rainy
37.0,81.0,1013.9,32.2,12.4,Rainy
25.4,87.2,1008.9,9.2,6.9,Cloudy
33.0,82.0,1018.5,30.4,0.4,Cloudy
38.0,74.7,1019.4,4.3,0.0,Cloudy
25.2,61.9,1019.9,10.6,0.0,Sunny
19.8,91.8,1011.7,34.1,14.0,Rainy
27.9,76.0,1018.3,9.6,0.0,Cloudy
37.7,60.1,1005.1,6.4,0.4,Sunny
35.1,40.3,1016.5,30.3,0.0,Sunny
16.6,53.3,1017.7,5.9,0.0,Sunny
32.3,69.3,1017.6,5.2,0.0,Sunny
29.3,52.4,1015.8,12.7,0.0,Sunny
37.7,48.9,1005.2,23.0,0.0,Sunny
18.1,68.2,999.0,25.5,7.2,Cloudy
28.4,45.7,1003.3,31.1,0.0,Sunny
37.0,85.4,1014.2,19.9,3.1,Cloudy
25.3,65.5,1000.8,15.0,4.0,Cloudy
27.0,71.2,1007.0,13.8,4.9,Cloudy
16.8,44.3,1009.1,29.9,0.0,Sunny
22.0,55.4,1010.1,25.9,0.0,Sunny
23.1,60.8,1018.4,31.9,0.0,Sunny
38.6,85.9,1011.5,33.8,6.7,Cloudy
22.1,83.5,1014.7,11.9,0.9,Cloudy
26.5,49.0,1009.5,19.5,0.0,Sunny
31.8,73.8,1015.8,22.9,0.0,Cloudy
19.1,50.3,1001.6,7.4,0.0,Sunny
27.2,97.3,1000.2,3.8,20.8,Rainy
33.5,95.0,1018.2,30.6,3.1,Cloudy
36.7,70.5,1012.3,19.7,0.0,Cloudy
30.7,79.0,1011.8,20.8,4.0,Cloudy
31.7,85.5,1006.7,20.3,13.8,Rainy
18.2,80.4,1004.4,26.9,2.7,Cloudy
38.6,79.1,1008.9,6.8,1.4,Cloudy
18.3,95.4,998.0,22.3,22.2,Rainy
34.4,72.6,1006.4,17.5,10.1,Rainy
21.6,75.1,1006.4,31.6,6.2,Cloudy
38.3,88.5,1008.5,19.1,6.7,Cloudy
33.0,77.2,1010.9,33.1,12.5,Rainy
33.8,81.2,1018.9,13.7,0.9,Cloudy
20.5,49.8,1011.3,33.9,0.0,Sunny
26.1,58.4,1017.1,30.9,0.0,Sunny
30.4,44.3,1008.9,21.3,0.0,Sunny
34.2,66.9,1010.7,13.7,0.0,Sunny
17.6,63.7,996.7,14.4,0.2,Sunny
39.1,97.8,998.3,27.5,24.0,Rainy
37.3,73.5,1009.5,21.2,4.5,Cloudy
21.8,84.5,1004.9,15.3,7.3,Cloudy
35.6,56.0,1015.0,23.0,0.0,Sunny
28.0,87.4,1008.6,26.2,8.1,Rainy
26.5,73.8,1017.1,2.8,0.0,Cloudy
22.9,78.9,1019.3,5.0,0.0,Cloudy
29.5,53.5,998.7,5.1,0.0,Sunny
33.2,69.6,1004.9,9.7,6.8,Cloudy
25.3,74.9,1011.6,16.1,0.0,Cloudy
30.7,72.1,1002.6,28.5,4.2,Cloudy
32.5,92.7,1001.7,13.6,10.1,Rainy
32.8,91.6,1015.3,2.6,10.7,Rainy
16.3,96.2,1019.5,18.0,3.3,Cloudy
36.5,77.0,1014.3,34.9,0.0,Cloudy
26.5,96.2,1008.1,13.5,10.8,Rainy
21.6,87.4,1006.1,33.7,15.8,Rainy
21.0,52.1,1008.5,5.3,0.0,Sunny
27.1,61.9,1006.6,7.7,0.0,Sunny
37.2,50.0,1007.6,25.9,0.0,Sunny
24.5,35.3,1000.1,18.5,0.0,Sunny
33.7,46.8,1017.6,27.2,0.0,Sunny
17.4,35.3,1013.9,30.5,0.0,Sunny
26.9,80.3,1012.0,10.3,0.0,Cloudy
39.8,61.8,1018.7,24.5,0.0,Sunny
34.3,54.7,1002.1,22.1,0.0,Sunny
20.3,83.0,997.0,30.4,11.9,Rainy
27.5,87.4,1015.7,16.2,5.8,Cloudy
20.8,96.4,1020.0,3.7,11.6,Rainy
25.2,75.4,1009.5,20.9,4.9,Cloudy
34.5,64.1,996.5,33.6,7.0,Cloudy
34.3,54.2,1014.5,2.5,0.0,Sunny
20.7,49.0,996.8,9.9,5.7,Cloudy
38.1,48.4,1008.5,12.4,0.0,Sunny
29.8,60.8,1001.9,27.3,0.0,Sunny
24.5,97.5,1017.9,12.7,5.3,Cloudy
27.5,35.1,1006.3,9.9,0.0,Sunny
30.1,47.4,1017.5,23.4,0.0,Sunny
29.0,46.9,1002.5,3.5,0.0,Sunny
27.2,80.2,1004.7,7.6,11.3,Rainy
27.6,57.2,1018.7,15.5,0.0,Sunny
19.4,63.8,1000.0,13.7,2.9,Cloudy
35.3,44.4,1009.5,13.5,0.0,Sunny
28.5,60.5,1004.7,5.6,0.0,Sunny
18.3,41.5,1014.4,13.9,0.0,Sunny
34.2,68.6,998.2,28.3,7.9,Cloudy
38.3,41.2,1005.9,15.7,0.0,Sunny
38.7,84.8,1012.5,21.3,11.8,Rainy
24.2,70.7,1005.2,7.4,3.8,Cloudy
18.4,80.6,996.5,4.3,12.6,Rainy
28.0,61.4,1012.6,31.0,0.0,Sunny
17.8,59.0,1007.6,12.9,0.0,Sunny
38.3,41.2,995.3,13.6,0.0,Sunny
19.6,68.0,1010.3,31.0,2.5,Cloudy
21.3,67.4,1018.0,25.4,0.0,Sunny
25.2,64.5,997.8,27.0,10.8,Rainy
24.6,81.7,1009.8,24.5,8.8,Rainy
34.9,87.4,1013.2,5.5,3.6,Cloudy
26.4,82.3,996.8,33.6,14.5,Rainy
19.3,44.1,995.6,32.0,0.0,Sunny
21.7,74.2,1006.6,9.8,0.0,Cloudy
27.7,40.1,1014.8,28.5,0.0,Sunny
18.7,78.8,999.0,15.5,10.1,Rainy
30.3,59.1,1015.9,24.6,0.0,Sunny
29.1,43.3,1011.4,7.5,0.0,Sunny
32.9,89.3,1003.3,19.8,14.1,Rainy
38.4,73.7,1007.9,6.2,2.5,Cloudy
37.8,57.3,1019.1,19.7,0.0,Sunny
38.7,36.9,1000.4,10.0,0.0,Sunny
21.1,68.9,1007.5,16.9,1.1,Sunny
18.3,93.2,1010.6,24.0,9.2,Rainy
22.6,72.6,998.5,30.9,8.3,Rainy
37.4,96.2,996.1,7.5,18.3,Rainy
39.3,43.6,995.3,31.5,0.1,Sunny
36.5,70.8,1003.1,14.9,13.5,Rainy
17.8,85.3,996.8,29.8,16.1,Rainy
38.7,68.1,1015.1,18.9,0.0,Sunny
25.6,40.7,1019.9,30.5,0.0,Sunny
15.2,71.7,996.5,23.9,16.6,Rainy
26.1,73.5,1005.8,18.8,10.4,Rainy
16.2,80.9,995.6,12.3,21.4,Rainy
28.6,83.0,998.3,34.0,16.2,Rainy
23.5,83.6,1003.1,28.4,14.6,Rainy
26.8,76.8,1004.8,14.6,1.5,Cloudy
30.3,48.6,1018.5,7.5,0.0,Sunny
36.7,60.5,1004.9,27.7,0.0,Sunny
31.5,83.9,1007.4,34.7,12.0,Rainy
25.9,95.1,1001.1,11.2,16.2,Rainy
35.5,40.0,995.0,32.2,0.0,Sunny
37.6,68.7,1017.5,6.1,0.0,Sunny
18.0,54.7,997.0,33.4,7.4,Cloudy
28.3,49.2,1019.1,26.6,0.0,Sunny
22.1,66.9,998.3,13.4,4.6,Cloudy
16.2,73.2,1010.1,12.1,0.0,Cloudy
31.7,35.6,1020.0,23.2,0.0,Sunny
36.6,84.2,998.5,21.6,16.0,Rainy
19.1,86.7,1005.6,32.3,11.5,Rainy
35.3,95.8,1014.5,27.3,11.6,Rainy
36.3,46.4,995.8,19.8,7.1,Cloudy
37.9,72.5,1012.2,32.6,2.6,Cloudy
21.6,61.9,997.0,21.6,9.4,Rainy
37.6,56.1,1000.9,30.0,6.9,Cloudy
23.0,70.6,999.0,29.8,11.2,Rainy
28.8,84.3,1017.7,32.3,0.0,Cloudy
16.3,36.5,999.5,4.2,0.0,Sunny
16.1,96.1,996.0,21.3,23.0,Rainy
33.0,86.0,1009.7,17.5,5.2,Cloudy
26.1,82.3,1003.7,18.2,14.6,Rainy
21.4,82.9,1005.1,17.2,6.7,Cloudy
19.8,59.5,998.0,29.6,4.9,Cloudy
31.7,82.4,1013.7,12.5,0.0,Cloudy
15.0,59.4,1010.0,17.3,0.0,Sunny
35.1,91.6,1004.1,8.6,8.2,Rainy
17.0,46.2,999.3,10.3,0.0,Sunny
19.8,53.4,1009.8,23.8,0.0,Sunny
24.7,69.7,1014.5,5.9,0.0,Sunny
27.1,55.1,1002.8,8.2,6.9,Cloudy
23.9,61.7,995.6,19.4,9.4,Rainy
23.0,66.0,1000.4,3.4,6.6,Cloudy
39.1,89.0,1012.1,6.2,4.4,Cloudy
31.0,68.0,1019.7,30.5,0.0,Sunny
15.6,57.8,995.3,29.9,4.4,Cloudy
25.8,50.6,1002.7,13.5,5.7,Cloudy
36.9,60.7,996.6,13.5,3.6,Cloudy
22.5,67.5,1002.9,32.9,3.2,Cloudy
17.4,82.0,1005.1,2.9,3.0,Cloudy
34.0,42.6,1018.0,21.1,0.0,Sunny
30.2,49.0,997.0,21.7,5.4,Cloudy
29.3,58.9,1014.4,28.0,0.0,Sunny
16.3,57.7,1004.9,33.4,0.0,Sunny
18.5,59.7,1015.3,13.7,0.0,Sunny
30.6,85.0,1007.8,16.4,12.5,Rainy
20.2,55.4,996.0,24.2,12.1,Rainy
27.6,66.6,1018.7,33.9,0.0,Sunny
28.6,74.3,997.1,31.4,17.3,Rainy
22.1,49.6,1009.9,24.0,0.0,Sunny
38.7,80.3,1016.9,30.3,0.0,Cloudy
36.1,69.5,997.0,4.8,2.4,Cloudy
33.1,63.1,1008.8,14.4,0.0,Sunny
16.9,86.0,1015.6,2.4,0.0,Cloudy
17.7,50.3,1019.7,7.9,0.0,Sunny
27.3,90.6,1013.1,22.8,12.2,Rainy
19.0,70.3,1002.0,31.2,4.6,Cloudy
39.5,73.4,1012.5,22.9,0.4,Cloudy
19.0,90.1,1012.6,23.9,2.3,Cloudy
27.2,86.5,1012.5,5.4,7.9,Cloudy
24.1,72.9,1016.4,23.9,1.6,Cloudy
31.0,82.5,997.2,17.0,15.4,Rainy
18.2,62.3,997.7,23.5,5.9,Cloudy
25.8,69.5,1011.0,12.8,0.0,Sunny
21.9,38.9,1018.8,21.2,0.0,Sunny
37.2,40.7,1006.6,16.0,0.0,Sunny
16.0,87.3,1019.0,20.4,4.4,Cloudy
37.8,38.8,1018.5,6.9,0.0,Sunny
35.8,45.7,1017.6,15.1,0.0,Sunny
22.4,85.1,1017.7,14.4,1.4,Cloudy
34.7,35.1,1017.5,26.3,0.0,Sunny
15.8,52.8,1015.5,25.3,0.0,Sunny
39.2,71.8,1012.4,32.0,0.0,Cloudy
28.2,72.5,995.6,22.9,10.3,Rainy
22.6,84.0,998.3,12.4,11.0,Rainy
24.1,66.9,998.4,27.8,4.1,Cloudy
16.7,67.1,995.6,18.4,14.2,Rainy
39.7,80.7,997.9,8.4,11.6,Rainy
16.0,66.4,1018.0,26.7,0.0,Sunny
31.4,73.3,1011.6,6.4,0.0,Cloudy
26.1,91.6,1002.8,7.9,13.0,Rainy
38.7,60.3,1014.8,27.0,0.0,Sunny
21.1,59.3,1007.2,27.4,0.0,Sunny
28.3,35.2,998.6,28.1,0.0,Sunny
27.1,73.6,1017.1,11.7,0.0,Cloudy
32.6,36.9,1003.5,30.6,0.0,Sunny
16.7,66.8,1012.5,25.8,0.0,Sunny
19.8,85.7,1002.3,29.5,22.3,Rainy
20.4,69.6,1007.5,25.4,0.0,Sunny
33.5,52.0,1015.4,21.1,0.0,Sunny
19.7,84.5,998.9,5.6,10.9,Rainy
29.3,52.0,1019.4,25.5,0.0,Sunny
20.4,81.2,996.8,24.8,18.5,Rainy
36.5,73.4,1008.4,12.3,0.0,Cloudy
38.6,45.7,1017.9,26.3,0.0,Sunny
28.0,92.0,1018.6,20.2,7.3,Cloudy
23.8,47.6,1000.8,20.5,0.0,Sunny
20.9,97.3,998.6,14.1,20.0,Rainy
16.2,35.5,1013.1,5.9,0.0,Sunny
21.7,51.6,996.0,9.2,0.0,Sunny
31.4,47.6,1007.1,27.4,0.0,Sunny
28.3,35.9,1014.9,11.0,0.0,Sunny
38.6,81.1,1009.0,2.1,3.8,Cloudy
24.9,78.7,999.7,34.9,15.0,Rainy
32.3,84.9,1007.2,9.0,11.5,Rainy
27.2,51.2,1018.0,23.6,0.0,Sunny
27.8,63.0,1010.4,32.6,0.9,Sunny
21.7,76.5,1013.0,21.8,7.9,Cloudy
26.4,62.7,1003.4,28.4,5.0,Cloudy
26.8,78.9,999.7,34.2,12.3,Rainy
32.7,74.9,1001.4,30.4,18.9,Rainy
38.5,42.2,1008.3,20.4,0.0,Sunny
23.2,84.2,1002.0,14.0,16.5,Rainy
16.1,80.4,1008.5,17.9,3.5,Cloudy
27.4,76.3,1012.7,29.8,6.5,Cloudy
28.6,44.8,1013.4,30.2,0.0,Sunny
19.2,51.9,999.1,29.9,2.1,Cloudy
34.0,59.8,1013.8,21.7,0.0,Sunny
39.6,52.6,1011.8,17.7,0.0,Sunny
38.6,49.4,995.3,12.3,0.0,Sunny
19.9,85.7,996.5,2.1,9.2,Rainy
36.9,75.2,1011.2,27.2,2.8,Cloudy
32.6,70.6,1004.6,11.1,4.7,Cloudy
26.3,49.2,998.7,12.9,0.0,Sunny
28.5,92.8,996.1,29.8,18.0,Rainy
36.2,47.0,999.0,3.7,0.0,Sunny
27.0,85.1,1018.9,32.6,7.3,Cloudy
24.3,95.9,1013.2,2.0,0.0,Cloudy
27.3,80.8,1008.2,33.0,4.4,Cloudy
29.5,97.6,1018.5,17.0,5.2,Cloudy
19.7,76.0,1010.5,5.4,0.0,Cloudy
37.5,48.7,1013.1,24.2,0.0,Sunny
31.9,47.8,1002.1,31.6,4.4,Cloudy
30.8,55.4,1009.7,16.5,0.0,Sunny
17.5,35.4,998.6,24.8,0.0,Sunny
30.1,77.9,1005.1,34.3,3.1,Cloudy
18.0,51.9,995.8,9.9,1.9,Sunny
17.0,86.4,1000.4,29.1,12.9,Rainy
28.2,57.6,996.9,11.7,4.1,Cloudy
25.1,65.2,1004.7,16.1,0.0,Sunny
29.7,95.8,1016.1,11.3,0.7,Cloudy
17.2,50.3,1004.4,16.7,0.0,Sunny
25.8,80.4,1015.8,2.2,0.0,Cloudy
19.4,82.6,1011.4,12.0,2.0,Cloudy
39.7,48.9,1007.7,16.7,0.0,Sunny
29.0,66.6,1000.9,22.9,5.6,Cloudy
32.2,57.1,1018.1,23.0,0.0,Sunny
23.1,83.6,996.4,21.3,12.6,Rainy
17.4,74.2,1012.2,11.7,0.0,Cloudy
39.4,65.0,1010.5,33.3,0.0,Sunny
22.2,84.1,1006.0,14.9,2.2,Cloudy
25.6,49.8,1001.0,9.2,0.0,Sunny
31.2,82.5,1005.8,20.3,9.4,Rainy
15.6,89.5,1016.8,26.7,4.4,Cloudy
35.3,90.4,1015.9,2.4,3.5,Cloudy
28.4,84.4,1018.5,11.1,1.4,Cloudy
22.0,60.7,1002.7,29.2,0.0,Sunny
16.5,96.9,1004.7,18.7,11.7,Rainy
19.1,58.9,995.5,15.5,0.0,Sunny
37.4,75.2,1018.6,32.7,0.0,Cloudy
32.2,45.1,1003.2,5.0,0.0,Sunny
21.2,96.8,1005.1,22.3,21.6,Rainy
16.6,79.4,1017.7,13.3,0.0,Cloudy
32.3,82.5,1008.2,4.3,9.8,Rainy
29.3,39.1,1009.2,9.1,0.0,Sunny
25.1,83.1,999.4,22.7,13.9,Rainy
24.1,83.8,1007.5,2.9,2.7,Cloudy
20.4,77.3,1018.0,21.5,0.0,Cloudy
31.7,53.4,1009.0,33.6,0.0,Sunny
39.3,65.9,1001.4,28.2,5.0,Cloudy
19.4,42.0,995.8,13.4,1.7,Sunny
29.9,64.7,1003.4,6.6,0.0,Sunny
25.6,50.4,1009.3,17.3,0.8,Sunny
26.2,57.0,996.1,15.0,1.9,Sunny
21.4,45.2,1010.2,34.1,0.0,Sunny
35.6,49.5,1008.1,34.7,0.0,Sunny
27.1,39.8,1014.6,15.5,0.0,Sunny
28.6,93.0,995.7,6.9,17.9,Rainy
22.6,68.4,1014.5,32.1,0.0,Sunny
19.5,60.0,1008.0,28.2,0.0,Sunny
17.1,68.7,1004.3,18.9,0.0,Sunny
32.9,74.6,1019.1,14.1,0.0,Cloudy
19.9,93.1,999.0,16.8,13.9,Rainy
32.3,46.3,1008.5,31.8,0.0,Sunny
24.8,53.6,1003.0,8.1,0.0,Sunny
25.4,96.5,1008.2,28.6,13.9,Rainy
26.7,58.4,1008.8,2.6,0.0,Sunny
24.2,36.4,997.2,32.4,0.0,Sunny
17.5,44.3,1011.5,18.5,0.0,Sunny
22.7,36.7,1010.9,9.5,0.0,Sunny
31.6,97.4,1014.2,2.1,8.5,Rainy
31.6,52.6,997.3,20.5,9.8,Rainy
22.2,93.2,1002.4,10.1,12.5,Rainy
26.5,97.7,1011.3,22.8,10.6,Rainy
19.8,72.8,998.4,11.3,12.6,Rainy
20.3,37.1,1011.9,4.9,0.0,Sunny
15.6,40.1,996.5,18.7,0.0,Sunny
37.4,65.3,1003.4,20.6,4.6,Cloudy
20.3,60.6,1016.2,16.9,0.0,Sunny
20.7,73.2,1014.4,17.1,0.0,Cloudy
22.0,62.6,1011.1,21.5,0.0,Sunny
18.2,93.8,1016.8,19.4,6.4,Cloudy
31.0,68.7,1012.7,6.4,1.1,Sunny
16.9,78.7,1008.0,8.5,6.2,Cloudy
18.4,91.5,1019.5,6.7,0.0,Cloudy
31.1,44.3,1012.4,24.9,0.0,Sunny
23.5,49.5,1010.0,19.4,0.0,Sunny
32.7,41.8,1005.2,16.2,0.0,Sunny
28.9,43.8,1017.6,28.3,0.0,Sunny
21.4,67.3,1002.4,12.8,8.5,Rainy
31.3,55.2,995.2,20.7,4.8,Cloudy
17.9,61.7,999.9,4.5,0.0,Sunny
28.4,96.9,997.7,26.6,16.7,Rainy
25.9,44.9,1003.0,24.9,0.0,Sunny
21.7,69.1,1015.6,28.5,0.0,Sunny
30.1,41.2,1011.3,31.2,0.0,Sunny
36.8,55.1,999.2,27.0,3.2,Cloudy
40.0,68.2,1014.7,29.9,0.0,Sunny
30.2,94.6,1007.6,13.4,11.9,Rainy
25.1,59.6,1007.8,13.3,0.0,Sunny
20.6,39.1,1004.1,33.2,0.0,Sunny
21.4,59.5,1016.6,32.2,0.0,Sunny
27.0,44.2,1003.0,20.1,0.0,Sunny
24.2,49.5,997.4,14.1,0.0,Sunny
37.8,73.9,1002.6,30.6,6.0,Cloudy
24.2,39.2,1012.9,12.7,0.0,Sunny
24.3,64.3,1011.4,7.1,0.0,Sunny
24.6,73.4,999.7,23.1,14.2,Rainy
35.9,61.6,997.8,3.4,0.0,Sunny
31.3,36.2,1011.5,14.5,0.0,Sunny
30.4,97.1,1011.9,28.7,11.4,Rainy
23.4,58.1,1004.2,11.7,0.6,Sunny
35.4,84.1,1016.1,32.7,3.6,Cloudy
16.0,55.5,1019.5,33.5,0.0,Sunny
36.8,64.9,1000.1,28.9,4.2,Cloudy
27.8,59.5,1009.4,34.6,0.0,Sunny
25.0,56.6,995.1,19.5,3.8,Cloudy
27.4,36.4,1012.8,20.8,0.0,Sunny
31.7,57.7,1005.4,29.6,0.0,Sunny
15.3,91.0,999.8,18.3,16.7,Rainy
36.8,78.5,1013.8,15.4,9.7,Rainy
26.2,44.2,1015.3,22.3,0.0,Sunny
23.6,72.2,997.8,23.7,6.5,Cloudy
18.5,91.2,996.0,26.8,21.3,Rainy
26.0,79.1,1003.4,24.1,5.2,Cloudy
27.4,44.4,1010.6,26.6,0.0,Sunny
25.1,89.7,1014.8,24.3,0.2,Cloudy
32.0,54.0,1008.7,17.9,0.0,Sunny
25.5,63.6,1009.5,6.5,0.0,Sunny
39.0,68.1,1015.0,27.9,0.0,Sunny
30.0,88.6,1008.2,3.0,5.9,Cloudy
35.2,93.7,1010.3,34.8,3.0,Cloudy
17.7,93.6,1007.9,29.3,15.3,Rainy
24.9,35.5,1017.0,24.1,0.0,Sunny
23.4,93.1,1000.9,33.9,17.0,Rainy
29.2,38.4,1001.6,22.2,0.0,Sunny
36.5,51.7,998.2,3.9,0.0,Sunny
17.0,67.4,1015.5,20.5,0.0,Sunny
16.8,65.2,1005.3,11.1,1.4,Sunny
36.3,73.1,1003.7,14.2,10.9,Rainy
20.3,65.2,1019.5,17.2,0.0,Sunny
31.7,93.9,1018.2,27.6,9.0,Rainy
28.6,50.2,1019.3,18.6,0.0,Sunny
35.8,52.3,998.6,17.7,4.2,Cloudy
18.1,93.0,1017.3,12.0,1.0,Cloudy
18.2,39.8,1003.2,19.8,0.0,Sunny
28.9,73.4,995.3,10.2,14.7,Rainy
38.7,77.9,1004.8,10.6,8.5,Rainy
25.4,66.8,1007.7,27.0,0.0,Sunny
23.2,78.7,997.7,13.3,11.8,Rainy
30.2,45.9,1008.4,3.7,0.0,Sunny
38.3,88.7,1015.5,13.3,0.0,Cloudy
35.9,43.8,1004.4,23.1,0.0,Sunny
39.9,60.3,1003.8,28.9,0.0,Sunny
15.6,39.7,1003.5,33.7,0.0,Sunny
17.8,69.3,1018.1,26.6,0.0,Sunny
30.2,77.2,996.2,16.2,8.5,Rainy
35.5,94.3,1006.1,11.9,12.8,Rainy
22.1,81.6,1001.6,6.3,13.2,Rainy
21.0,69.1,1017.3,22.7,0.0,Sunny
34.7,93.8,997.4,18.8,16.2,Rainy
16.4,65.1,1005.3,24.4,2.7,Cloudy
24.2,70.4,1005.2,9.8,3.6,Cloudy
27.6,72.6,1017.2,12.7,0.0,Cloudy
29.0,60.8,1000.4,11.6,8.6,Rainy
33.2,87.8,1011.1,28.3,6.5,Cloudy
23.9,46.7,998.4,7.7,0.0,Sunny
30.3,70.0,1018.8,22.1,0.0,Cloudy
29.6,80.5,1009.8,3.7,4.9,Cloudy
28.7,92.0,1010.7,20.1,10.0,Rainy
31.0,90.7,1005.8,4.1,9.0,Rainy
21.5,67.1,1003.6,7.8,0.0,Sunny
17.1,75.5,1000.3,5.7,5.5,Cloudy
18.0,59.8,1010.1,13.4,0.0,Sunny
20.6,64.5,1018.9,13.3,0.0,Sunny
27.5,92.1,1004.0,29.3,14.1,Rainy
36.0,93.6,1017.1,9.4,3.9,Cloudy
32.5,91.4,998.7,4.9,8.9,Rainy
34.7,43.7,1018.4,21.9,0.0,Sunny
23.8,88.6,1003.8,24.7,10.6,Rainy
25.1,94.7,1004.5,11.7,19.8,Rainy
24.8,57.8,1006.6,21.9,0.0,Sunny
19.8,67.7,1013.0,27.6,0.0,Sunny
16.5,84.1,1013.0,13.5,0.0,Cloudy
29.8,70.4,1007.0,19.3,0.0,Cloudy
39.7,97.6,1008.1,6.8,5.8,Cloudy
19.2,63.7,995.8,2.8,7.0,Cloudy
16.2,80.0,1002.6,34.4,6.3,Cloudy
34.5,84.9,1003.7,11.9,13.3,Rainy
21.3,66.1,1009.0,11.2,0.0,Sunny
35.7,89.0,1009.0,34.1,10.9,Rainy
32.6,69.4,1012.7,26.0,2.3,Cloudy
38.6,60.9,1012.9,21.3,6.3,Cloudy
25.2,41.8,1000.9,25.1,0.0,Sunny
31.5,59.8,1014.3,25.4,0.0,Sunny
26.6,81.2,995.5,27.2,22.0,Rainy
30.8,93.0,1012.9,4.2,6.5,Cloudy
26.2,50.9,997.6,15.6,7.7,Cloudy
19.7,57.4,1013.2,11.7,0.0,Sunny
27.7,44.7,1008.2,4.3,0.0,Sunny
28.2,78.5,1005.9,15.6,5.8,Cloudy
35.3,95.5,1012.3,22.3,20.6,Rainy
33.4,75.4,995.9,7.9,9.2,Rainy
31.6,73.9,1000.6,12.1,19.0,Rainy
17.8,69.9,1010.4,23.1,1.7,Sunny
33.0,40.6,1016.2,21.1,0.0,Sunny
27.5,81.0,1004.5,30.7,17.0,Rainy
37.4,72.9,1001.5,28.1,5.1,Cloudy
38.0,76.7,1008.0,33.9,10.2,Rainy
16.4,91.6,1010.6,21.7,8.2,Rainy
35.5,84.4,1005.5,25.0,10.8,Rainy
15.9,84.2,1016.9,30.4,3.3,Cloudy
24.2,93.4,1008.1,29.7,15.4,Rainy
28.6,97.4,995.9,25.7,25.0,Rainy
18.7,71.6,1000.6,18.5,4.6,Cloudy
33.7,41.9,1006.3,11.0,0.0,Sunny
15.2,63.9,1012.4,30.9,0.0,Sunny
19.2,84.6,1000.5,27.6,18.1,Rainy
29.5,36.7,1019.4,29.7,0.0,Sunny
32.9,38.6,1003.0,6.6,0.0,Sunny
37.9,39.2,1008.3,12.4,0.0,Sunny
32.6,81.1,995.5,16.0,17.3,Rainy
31.8,66.6,1017.1,29.7,0.0,Sunny
24.9,58.2,1014.7,31.5,0.0,Sunny
15.0,41.7,999.9,11.4,0.0,Sunny
18.0,81.1,1018.3,24.7,1.9,Cloudy
28.4,55.2,1002.9,4.6,0.1,Sunny
31.9,51.7,1012.3,15.5,0.0,Sunny
25.4,76.1,1015.5,18.1,0.0,Cloudy
33.3,70.2,1013.5,27.3,1.5,Cloudy
28.0,57.8,1017.9,31.4,0.0,Sunny
16.9,75.4,1016.6,13.1,0.0,Cloudy
19.8,52.1,1019.9,19.4,0.0,Sunny
36.0,85.1,999.6,23.4,9.9,Rainy
33.1,49.4,1002.6,12.8,0.0,Sunny
37.4,45.0,1010.9,34.5,0.0,Sunny
17.9,84.3,1013.3,30.9,3.3,Cloudy
39.8,79.6,1008.4,11.8,2.0,Cloudy
20.2,46.5,996.8,18.8,0.0,Sunny
15.3,42.3,1016.0,9.6,0.0,Sunny
39.9,87.8,1019.0,19.0,5.4,Cloudy
22.0,83.9,1005.1,24.5,15.4,Rainy
31.7,55.6,1000.6,4.8,0.0,Sunny
19.4,76.5,995.5,30.7,12.7,Rainy
29.5,42.8,1000.9,21.6,0.0,Sunny
37.6,66.9,1012.5,34.7,0.0,Sunny
23.0,36.2,1017.8,2.8,0.0,Sunny
31.8,59.7,997.3,29.4,0.0,Sunny
19.7,39.7,1008.8,28.1,0.0,Sunny
30.6,64.9,1012.4,6.4,0.0,Sunny
23.4,61.6,1001.9,13.1,0.6,Sunny
20.3,63.0,1009.2,31.2,2.2,Cloudy
22.8,37.9,1012.9,19.1,0.0,Sunny
19.5,57.8,1015.9,15.2,0.0,Sunny
37.5,82.7,1006.3,31.9,9.0,Rainy
24.9,58.2,1013.7,5.1,0.0,Sunny
21.1,80.1,1002.5,17.6,15.1,Rainy
26.2,58.3,1000.3,23.5,5.8,Cloudy
23.0,61.7,999.7,22.1,0.3,Sunny
33.6,70.5,1004.0,10.7,5.3,Cloudy
39.3,94.9,995.9,20.6,22.1,Rainy
26.0,41.9,1002.1,25.4,0.0,Sunny
36.5,37.1,1011.3,21.3,0.0,Sunny
29.1,73.3,1011.2,24.6,4.6,Cloudy
18.9,94.8,996.8,10.5,22.5,Rainy
32.3,97.4,1002.2,29.5,28.3,Rainy
27.8,65.5,1009.2,16.8,0.0,Sunny
31.3,64.5,1003.0,34.6,3.5,Cloudy
37.2,75.6,1005.4,2.8,5.2,Cloudy
26.0,70.0,1012.8,14.6,0.0,Cloudy
37.5,74.9,995.2,8.0,8.2,Rainy
33.8,90.1,1001.9,20.3,10.9,Rainy
27.2,82.0,998.6,10.0,0.0,Cloudy
30.1,66.3,998.2,26.3,10.3,Rainy
23.1,64.1,1019.0,31.1,0.0,Sunny
39.6,75.3,1004.4,9.0,0.9,Cloudy
31.7,63.7,1008.2,7.3,0.0,Sunny
16.1,63.8,1013.3,30.9,0.0,Sunny
23.2,36.0,996.2,13.9,1.8,Sunny
30.6,46.0,1001.0,16.3,0.0,Sunny
16.4,65.8,1015.8,9.3,1.2,Sunny
15.6,86.8,1016.5,16.0,7.7,Cloudy
26.3,52.6,1004.3,9.6,0.0,Sunny
23.3,67.9,1004.4,24.0,9.1,Rainy
26.0,56.7,1013.9,18.5,0.0,Sunny
21.6,41.6,1002.4,28.0,0.0,Sunny
19.1,95.4,997.9,12.3,20.6,Rainy
32.2,88.8,1001.4,18.7,8.2,Rainy
27.9,39.9,1004.7,10.6,0.0,Sunny
20.0,80.3,996.3,32.8,15.6,Rainy
23.0,56.9,1007.0,19.2,0.0,Sunny
29.8,97.7,1013.5,7.7,11.8,Rainy
16.8,54.1,1007.8,11.0,0.0,Sunny
18.7,50.0,996.8,4.7,0.0,Sunny
16.8,70.8,1006.0,2.9,0.4,Cloudy
35.3,87.6,1012.7,19.4,6.2,Cloudy
33.8,47.1,996.5,13.1,0.0,Sunny
33.8,79.7,996.5,33.8,11.0,Rainy
32.9,38.9,1004.3,7.7,0.0,Sunny
31.7,92.9,999.9,28.2,14.5,Rainy
26.9,40.1,1018.4,12.4,0.0,Sunny
31.1,92.6,1009.5,9.4,3.2,Cloudy
16.0,65.9,1002.2,34.0,14.9,Rainy
30.5,63.2,1012.6,28.5,0.0,Sunny
34.4,96.3,1004.4,22.8,16.3,Rainy
27.5,97.4,998.3,25.0,18.9,Rainy
23.9,76.0,1000.9,34.7,13.7,Rainy
21.9,43.0,1011.1,21.6,0.0,Sunny
31.1,66.9,996.3,5.4,7.0,Cloudy
32.3,68.3,1001.8,4.1,5.8,Cloudy
36.8,67.4,1000.2,24.0,8.8,Rainy
23.6,70.9,1000.0,23.7,12.7,Rainy
34.2,36.2,1012.1,26.7,0.0,Sunny
29.0,79.8,1015.6,5.6,0.0,Cloudy
37.1,79.9,1012.9,33.2,0.0,Cloudy
28.2,42.3,1011.1,20.2,0.0,Sunny
27.9,70.9,1017.9,23.4,0.0,Cloudy
29.4,70.8,996.5,3.2,14.8,Rainy
33.7,78.0,999.2,33.7,12.6,Rainy
39.1,40.4,1005.4,20.6,0.0,Sunny
16.8,74.5,1004.3,20.6,9.0,Rainy
16.3,52.7,1005.5,33.1,0.0,Sunny
38.4,66.9,1000.2,32.7,10.5,Rainy
28.2,83.7,998.7,9.3,9.0,Rainy
30.4,79.5,1007.7,32.7,3.7,Cloudy
27.1,42.5,1018.2,26.3,0.0,Sunny
17.3,72.2,1004.8,2.6,0.0,Cloudy
34.2,96.1,996.1,9.9,19.6,Rainy
33.7,44.9,1012.7,15.6,0.0,Sunny
22.8,88.7,1002.3,21.2,15.1,Rainy
22.7,79.3,1001.1,25.1,9.9,Rainy
35.9,83.8,1003.1,8.9,5.1,Cloudy
16.8,52.8,1013.1,29.6,0.0,Sunny
37.0,53.1,1015.5,29.9,0.0,Sunny
21.4,92.1,1009.7,23.0,13.9,Rainy
29.8,57.7,1003.1,32.4,1.7,Sunny
38.4,39.0,1002.8,28.8,0.0,Sunny
32.0,72.8,998.1,9.3,2.3,Cloudy
25.4,42.9,1018.3,28.4,0.0,Sunny
32.2,85.2,1011.0,33.5,11.5,Rainy
23.6,75.4,995.7,6.5,10.1,Rainy
21.9,90.1,1011.6,34.3,11.0,Rainy
39.9,84.4,1006.2,2.8,10.4,Rainy
33.8,42.1,1019.3,19.2,0.0,Sunny
31.1,59.0,1015.5,27.5,0.0,Sunny
23.9,83.8,999.3,28.1,13.3,Rainy
16.2,61.3,1013.0,26.2,0.0,Sunny
15.8,96.3,1007.1,19.5,13.5,Rainy
28.9,81.4,999.7,23.5,17.9,Rainy
34.1,36.0,1012.5,25.1,0.0,Sunny
28.4,90.4,1008.7,18.3,6.3,Cloudy
36.0,41.4,995.8,21.7,0.0,Sunny
15.8,43.9,1011.2,29.9,0.0,Sunny
24.2,81.3,1010.9,12.3,0.0,Cloudy
20.9,89.5,998.6,19.3,19.4,Rainy
26.2,68.8,1003.7,2.3,0.0,Sunny
16.8,53.2,1009.6,24.7,0.0,Sunny
38.9,57.1,998.5,8.4,7.4,Cloudy
20.6,56.6,1016.3,17.9,0.0,Sunny
38.1,55.6,995.7,8.9,2.1,Cloudy
25.6,50.3,997.6,2.8,0.0,Sunny
39.6,73.4,997.9,17.9,17.5,Rainy
28.9,91.7,1008.2,16.0,9.4,Rainy
38.3,54.3,1010.5,16.0,0.0,Sunny
15.1,46.8,1005.1,8.9,0.0,Sunny
33.7,87.8,1002.2,33.3,7.4,Cloudy
37.6,81.7,1015.2,2.1,0.0,Cloudy
18.5,93.6,996.7,31.4,21.2,Rainy
17.4,45.4,1002.0,26.3,0.0,Sunny
25.6,44.1,996.0,7.7,0.0,Sunny
38.3,69.1,995.3,17.6,10.6,Rainy
28.6,73.7,1003.8,34.6,8.1,Rainy
28.2,65.3,999.9,23.2,11.9,Rainy
18.5,72.7,1001.7,6.2,8.8,Rainy
15.0,46.4,1015.5,17.1,0.0,Sunny
35.3,65.2,999.1,17.5,4.1,Cloudy
17.2,76.5,1014.5,28.5,4.9,Cloudy
30.8,62.3,1011.9,32.2,0.0,Sunny
37.9,77.8,1003.2,4.7,0.3,Cloudy
20.2,63.4,1008.7,12.4,5.0,Cloudy
31.6,56.0,1006.1,11.8,0.0,Sunny
17.0,54.1,998.2,34.9,13.1,Rainy
30.1,60.9,1017.7,20.5,0.0,Sunny
19.1,36.5,1009.2,31.0,0.0,Sunny
33.4,77.1,1017.0,16.1,0.0,Cloudy
22.5,88.2,1015.6,25.8,8.0,Rainy
26.6,57.3,997.0,11.5,0.0,Sunny
30.0,37.9,1000.2,32.1,0.0,Sunny
19.3,97.2,998.6,17.0,27.3,Rainy
33.5,51.6,1015.8,28.5,0.0,Sunny
22.6,43.0,1016.6,10.4,0.0,Sunny
31.6,58.3,1008.2,24.9,0.0,Sunny
19.0,81.5,997.6,15.4,17.5,Rainy
32.2,53.5,998.4,3.0,0.0,Sunny
18.2,71.2,1015.3,15.6,0.0,Cloudy
25.6,61.2,1018.2,20.2,0.0,Sunny
21.2,42.4,1000.0,7.0,0.0,Sunny
33.7,55.8,995.3,8.1,0.0,Sunny
21.6,80.7,1003.3,17.3,16.0,Rainy
37.0,73.6,995.8,13.3,4.2,Cloudy
37.3,42.5,1015.7,16.5,0.0,Sunny
19.9,45.3,1007.3,17.2,0.0,Sunny
30.3,75.4,1011.0,6.6,0.0,Cloudy
17.2,86.2,1005.3,8.0,4.0,Cloudy
24.8,57.0,1003.6,30.0,0.0,Sunny
32.8,72.5,1000.6,7.4,7.0,Cloudy
31.5,45.8,1014.3,24.0,0.0,Sunny
30.6,54.6,1012.4,15.8,0.0,Sunny
22.1,36.3,1004.0,34.0,0.0,Sunny
24.5,83.4,1003.0,4.2,6.6,Cloudy
17.6,60.3,995.0,29.4,11.5,Rainy
33.0,86.4,996.6,18.2,13.8,Rainy
27.6,79.6,1010.6,2.2,0.0,Cloudy
32.7,87.2,1007.9,10.7,11.4,Rainy
21.2,53.0,1005.9,15.5,0.0,Sunny
23.1,46.7,1015.7,12.4,0.0,Sunny
23.4,96.2,1007.6,14.0,20.2,Rainy
15.6,80.2,1004.6,32.3,12.3,Rainy
23.5,87.5,999.0,13.9,16.2,Rainy
35.1,35.8,1015.5,15.8,0.0,Sunny
37.4,57.3,1009.4,27.1,0.0,Sunny
28.0,81.8,997.3,28.2,9.1,Rainy
26.4,39.9,1011.2,4.8,0.0,Sunny
15.8,70.7,1005.6,25.2,1.0,Cloudy
37.0,62.0,1015.3,17.9,0.0,Sunny
15.3,36.1,1018.0,6.4,0.0,Sunny
38.6,49.9,1010.0,10.7,0.0,Sunny
27.2,52.9,1013.3,3.5,0.0,Sunny
23.5,42.0,996.4,13.9,0.0,Sunny
38.1,74.8,1009.0,10.4,5.2,Cloudy
15.6,50.3,1013.9,14.6,0.0,Sunny
29.5,52.5,1007.4,21.2,0.0,Sunny
28.7,91.6,1009.8,26.2,8.0,Rainy
20.5,64.4,1017.5,22.0,0.0,Sunny
25.7,59.7,1000.0,24.4,7.5,Cloudy
31.3,80.6,997.5,30.6,19.1,Rainy
33.2,92.3,1012.3,30.8,21.6,Rainy
15.0,36.6,1015.6,30.4,0.0,Sunny
38.4,63.2,1016.3,7.1,0.0,Sunny
19.1,73.5,1011.0,10.3,0.0,Cloudy
20.8,55.1,1015.8,18.6,0.0,Sunny
21.6,83.7,1012.5,13.8,6.2,Cloudy
15.9,96.2,997.2,6.3,24.7,Rainy
18.1,94.4,1014.1,11.5,3.0,Cloudy
39.7,51.8,999.5,34.2,4.0,Cloudy
22.9,49.3,1000.9,13.4,0.0,Sunny
17.9,95.3,1004.9,15.8,19.5,Rainy
17.7,63.9,1002.9,2.2,1.5,Sunny
33.0,48.1,1003.0,25.7,0.0,Sunny
36.4,79.5,999.2,15.6,10.5,Rainy
21.4,52.9,1002.3,5.4,0.0,Sunny
15.5,51.8,995.5,34.0,0.0,Sunny
20.6,90.4,1006.8,27.7,8.0,Rainy
16.4,45.2,1014.2,26.0,0.0,Sunny
17.6,39.1,1016.6,33.6,0.0,Sunny
25.8,52.0,1015.5,15.4,0.0,Sunny
20.7,73.2,1005.4,25.7,5.8,Cloudy
27.9,42.8,1013.3,8.8,0.0,Sunny
21.3,64.7,1002.2,25.0,5.0,Cloudy
38.5,74.5,996.4,2.5,3.7,Cloudy
37.6,88.5,1011.9,6.2,5.0,Cloudy
29.2,49.5,1011.2,16.0,0.0,Sunny
23.9,86.5,1015.0,2.4,0.4,Cloudy
24.5,49.8,1010.4,17.2,0.0,Sunny
25.3,77.6,998.9,19.3,12.5,Rainy
33.2,62.1,1016.3,22.5,0.0,Sunny
26.3,42.2,1010.7,5.3,0.0,Sunny
36.4,80.0,1015.2,8.0,2.2,Cloudy
38.6,48.7,1014.4,22.2,0.0,Sunny
23.4,46.1,1002.4,23.7,0.0,Sunny
29.0,57.6,996.9,2.9,2.6,Cloudy
17.4,76.2,999.4,19.8,6.0,Cloudy
20.0,49.7,997.3,27.9,0.0,Sunny
25.3,46.6,1001.1,4.3,0.0,Sunny
20.2,35.6,1006.5,15.6,0.0,Sunny
36.9,64.7,1017.7,12.8,0.0,Sunny
19.0,62.0,1016.8,32.2,0.0,Sunny
26.4,49.7,1013.0,8.1,0.0,Sunny
30.1,38.4,995.6,12.5,0.0,Sunny
32.3,62.0,1003.5,31.6,2.8,Cloudy
24.6,84.7,1012.1,12.9,0.0,Cloudy
36.7,80.1,998.2,19.5,13.7,Rainy
29.2,89.2,1015.0,3.1,0.0,Cloudy
26.0,35.6,1017.9,34.5,0.0,Sunny
16.7,95.9,1003.9,29.2,21.1,Rainy
26.6,56.5,1012.6,22.9,0.0,Sunny
35.5,97.4,998.7,4.0,15.8,Rainy
30.4,50.9,1012.3,4.5,0.0,Sunny
35.8,64.7,995.5,20.0,5.9,Cloudy
27.4,57.3,998.8,11.4,1.3,Sunny
18.0,57.4,1012.7,22.6,0.0,Sunny
15.3,88.1,1012.8,21.7,10.7,Rainy
22.6,82.0,1011.0,29.7,1.4,Cloudy
32.4,97.5,1006.9,11.3,6.1,Cloudy
34.8,73.7,1011.9,21.1,4.3,Cloudy
22.4,64.2,1014.3,27.7,0.0,Sunny
27.4,40.7,1019.2,18.2,0.0,Sunny
25.5,97.8,1017.2,29.4,11.3,Rainy
25.3,69.7,1014.9,6.3,0.0,Sunny
20.8,79.1,1012.4,26.2,3.7,Cloudy
18.4,60.6,1009.4,33.1,0.5,Sunny
19.9,69.5,998.0,13.0,13.5,Rainy
16.4,94.4,999.1,14.1,15.5,Rainy
20.0,45.5,1015.5,4.8,0.0,Sunny
15.2,53.4,1015.1,23.2,0.0,Sunny
30.7,44.6,1010.4,20.2,0.0,Sunny
22.9,84.9,1006.0,3.3,6.3,Cloudy
39.3,38.9,995.7,26.8,3.2,Cloudy
19.8,40.1,1003.2,29.4,0.0,Sunny
23.6,53.8,1005.5,31.9,0.0,Sunny
23.9,67.4,1007.1,20.0,0.0,Sunny
15.2,60.6,1018.2,16.9,0.0,Sunny
36.0,37.8,997.7,30.9,0.0,Sunny
15.8,95.3,1008.0,15.2,6.4,Cloudy
38.5,95.0,1004.2,23.6,15.2,Rainy
37.3,52.6,1019.8,22.3,0.0,Sunny
28.4,81.1,1016.5,14.3,0.0,Cloudy
28.6,71.5,1006.0,4.9,1.8,Cloudy
31.3,50.0,1020.0,2.7,0.0,Sunny
24.7,51.5,1007.9,16.1,0.0,Sunny
31.2,65.9,999.2,17.9,0.6,Sunny
16.1,61.4,1008.9,29.1,0.0,Sunny
16.4,53.3,1000.7,15.7,3.3,Cloudy
26.4,85.9,1010.9,11.3,8.9,Rainy
28.7,65.3,1018.4,17.2,0.0,Sunny
37.2,76.3,1014.7,9.9,0.0,Cloudy
17.6,46.9,1001.8,5.0,0.0,Sunny
35.6,68.6,1002.4,5.7,0.6,Sunny
20.3,55.0,996.7,12.5,0.3,Sunny
24.9,68.2,1002.1,2.4,0.7,Sunny
22.9,84.2,997.3,9.3,7.3,Cloudy
25.0,83.4,1007.5,28.0,10.5,Rainy
18.8,57.3,1012.7,9.7,0.0,Sunny
27.6,78.7,1013.8,5.7,5.1,Cloudy
35.0,94.3,996.5,33.3,22.8,Rainy
26.0,74.4,1003.5,22.5,10.6,Rainy
27.3,44.3,1002.2,4.0,0.0,Sunny
36.2,77.8,997.6,4.1,17.9,Rainy
32.7,41.6,1004.1,22.2,0.0,Sunny
27.3,89.9,1002.5,19.8,12.4,Rainy
21.4,67.5,1010.9,4.3,0.0,Sunny
37.1,59.3,1017.1,9.4,0.0,Sunny
29.4,38.6,1006.4,32.7,0.0,Sunny
20.5,59.0,1013.7,20.9,0.0,Sunny
21.7,91.9,998.7,16.5,18.0,Rainy
35.1,36.3,1017.4,10.3,0.0,Sunny
16.1,64.9,998.8,6.4,7.2,Cloudy
39.8,93.7,999.8,15.3,11.5,Rainy
18.3,59.9,997.7,32.4,5.5,Cloudy
34.9,62.0,1002.7,3.6,0.0,Sunny
24.9,71.4,1008.8,34.7,0.0,Cloudy
27.3,64.2,1019.7,8.9,0.0,Sunny
37.0,45.6,1014.8,15.5,0.0,Sunny
25.3,36.2,1004.5,3.5,0.0,Sunny
28.4,73.4,1009.4,21.3,0.0,Cloudy
16.2,93.0,1010.6,18.0,8.0,Rainy
15.1,41.7,1015.6,24.0,0.0,Sunny
21.1,48.3,1013.4,19.9,0.0,Sunny
32.0,58.3,1009.2,15.1,0.0,Sunny
18.0,86.0,1011.7,26.3,13.5,Rainy
17.8,52.0,1013.6,2.8,0.0,Sunny
25.3,90.6,998.3,19.9,15.9,Rainy
31.2,38.5,1000.0,5.8,0.0,Sunny
32.8,94.3,1012.2,16.4,10.6,Rainy
19.5,70.3,1016.3,28.1,0.0,Cloudy
17.0,76.5,1005.2,6.7,3.4,Cloudy
38.5,58.2,1019.5,32.9,0.0,Sunny
21.5,84.3,1000.4,31.3,19.3,Rainy
36.3,45.5,1005.4,15.7,0.0,Sunny
36.6,38.1,1004.5,2.2,0.0,Sunny
34.3,59.9,1018.3,28.1,0.0,Sunny
19.2,88.8,1002.1,31.1,14.0,Rainy
35.5,82.6,1006.8,7.8,2.7,Cloudy
34.2,67.6,999.7,32.2,7.1,Cloudy
29.9,71.0,1008.0,32.2,5.5,Cloudy
23.4,43.2,1016.4,17.6,0.0,Sunny
21.6,88.0,1002.6,28.3,17.7,Rainy
18.0,84.6,1015.3,16.7,0.5,Cloudy
27.7,76.4,1017.8,20.6,0.0,Cloudy
29.6,64.4,996.8,12.6,0.3,Sunny
24.0,95.8,1013.9,7.3,9.0,Rainy
26.9,90.4,1001.4,26.6,14.9,Rainy
24.1,75.6,999.4,2.0,13.4,Rainy
31.0,58.4,1010.0,21.1,0.0,Sunny
37.5,73.9,1012.6,30.5,1.6,Cloudy
19.1,71.3,1004.9,9.3,7.3,Cloudy
24.5,59.8,996.0,13.0,5.6,Cloudy
18.5,54.3,1017.7,21.4,0.0,Sunny
30.6,60.6,1013.3,10.1,0.0,Sunny
33.2,71.2,1001.8,30.0,9.4,Rainy
38.3,62.0,1007.4,14.1,0.0,Sunny
22.0,51.6,995.7,21.2,0.0,Sunny
38.8,82.9,1003.5,9.5,14.6,Rainy
16.6,68.5,1008.1,3.4,0.0,Sunny
30.1,39.3,1007.9,7.7,0.0,Sunny
16.4,58.2,1000.2,3.5,0.0,Sunny
37.3,90.7,1014.4,17.5,7.6,Cloudy
28.2,82.6,1002.5,21.4,4.4,Cloudy
31.7,55.4,1009.5,3.5,0.0,Sunny
35.8,94.1,1001.8,5.0,17.5,Rainy
18.8,39.8,1005.6,18.0,0.0,Sunny
16.0,95.6,1000.2,28.4,16.9,Rainy
37.0,50.5,1010.8,22.7,0.0,Sunny
22.9,35.6,1005.6,5.5,0.0,Sunny
18.2,62.3,995.4,31.3,11.7,Rainy
26.7,57.6,995.7,32.3,8.9,Rainy
30.0,69.0,1006.8,12.7,7.6,Cloudy
15.8,85.2,999.6,22.3,11.7,Rainy
21.9,88.1,1009.6,18.2,2.7,Cloudy
15.8,60.3,1005.2,33.1,2.0,Cloudy
25.5,62.1,1011.4,18.8,0.0,Sunny
37.4,44.3,1018.8,33.7,0.0,Sunny
39.6,38.0,1008.2,8.6,0.0,Sunny
30.9,75.4,1014.7,13.4,0.0,Cloudy
19.0,39.1,1013.8,27.8,0.0,Sunny
37.6,81.2,1018.0,27.9,2.7,Cloudy
27.9,69.0,1000.4,26.2,8.1,Rainy
18.8,47.5,1015.7,30.4,0.0,Sunny
38.0,69.0,1017.6,25.2,0.0,Sunny
33.9,46.5,1004.8,23.0,0.0,Sunny
33.3,62.6,1002.8,17.1,4.1,Cloudy
32.7,85.4,1018.8,17.4,0.3,Cloudy
20.0,64.1,1010.7,15.4,0.0,Sunny
20.3,44.4,1004.5,22.5,0.0,Sunny
32.2,80.6,1014.8,15.4,0.0,Cloudy
20.5,46.8,1002.6,6.9,0.0,Sunny
26.0,81.5,999.4,5.5,9.8,Rainy
34.6,65.2,1008.6,32.5,0.0,Sunny
34.6,63.6,1009.2,2.8,0.0,Sunny
26.3,88.6,1015.6,5.5,0.0,Cloudy
34.8,79.6,1006.4,16.7,10.6,Rainy
36.0,37.1,1015.4,10.7,0.0,Sunny
31.4,53.7,1002.8,15.4,0.0,Sunny
20.7,89.9,1009.4,5.9,4.3,Cloudy
21.9,36.2,1000.2,6.3,0.0,Sunny
22.9,69.4,1004.6,28.4,9.3,Rainy
17.9,80.9,1016.4,27.1,0.0,Cloudy
21.8,74.2,1000.4,5.4,5.0,Cloudy
20.2,82.9,1015.3,24.0,0.0,Cloudy
26.4,80.7,1002.1,22.1,9.4,Rainy
37.7,78.6,995.9,25.5,15.2,Rainy
17.6,86.8,997.7,17.7,14.8,Rainy
33.0,75.7,1013.6,10.9,0.0,Cloudy
32.2,60.4,1001.6,23.9,6.0,Cloudy
17.4,64.7,1011.4,14.3,0.0,Sunny
38.1,80.2,1012.5,9.2,0.0,Cloudy
29.2,90.2,1003.6,15.5,12.4,Rainy
24.1,52.1,1006.9,27.2,0.0,Sunny
33.9,56.6,1005.1,17.7,0.0,Sunny
21.4,93.6,1018.7,11.9,3.5,Cloudy
32.3,71.4,1003.0,29.5,11.3,Rainy
16.0,46.3,999.6,31.1,0.0,Sunny
36.0,76.8,1004.1,16.3,5.7,Cloudy
26.2,97.4,1011.7,14.4,5.8,Cloudy
30.9,86.9,1012.4,22.2,5.9,Cloudy
20.5,82.0,1018.1,3.9,0.0,Cloudy
31.9,48.1,1017.0,24.8,0.0,Sunny
34.3,90.2,1002.2,27.8,15.3,Rainy
26.8,68.1,1006.4,15.1,1.4,Sunny
30.4,91.0,1013.7,7.8,8.0,Rainy
26.4,55.8,1017.9,3.0,0.0,Sunny
37.4,38.9,1003.4,23.0,0.0,Sunny
27.4,65.0,1006.1,10.9,0.0,Sunny
36.0,52.0,1017.5,17.3,0.0,Sunny
35.0,80.1,1004.0,14.7,6.4,Cloudy
25.3,95.3,1007.0,7.8,10.6,Rainy
20.8,78.5,1017.6,18.8,4.6,Cloudy
25.2,90.9,1015.1,17.2,5.6,Cloudy
35.7,63.5,1001.1,22.6,5.0,Cloudy
20.7,83.6,1003.1,10.3,1.3,Cloudy
28.1,88.1,1003.8,9.1,13.6,Rainy
35.2,79.8,1017.8,28.9,11.5,Rainy
23.8,67.0,1020.0,25.2,0.0,Sunny
31.1,74.4,1014.4,27.5,0.0,Cloudy
21.1,79.1,1007.1,6.1,13.0,Rainy
17.7,50.9,995.3,9.4,0.0,Sunny
34.9,86.0,1012.4,21.0,6.7,Cloudy
17.5,94.9,1004.7,30.3,15.2,Rainy
21.8,64.3,1010.8,31.4,0.0,Sunny
36.4,79.2,1010.2,29.5,0.0,Cloudy
23.7,81.4,1007.0,3.4,7.7,Cloudy
39.3,76.7,1018.6,29.1,0.0,Cloudy
39.5,69.5,995.6,31.7,10.7,Rainy
21.7,90.5,1012.8,3.9,5.7,Cloudy
16.0,63.3,1005.2,15.7,0.0,Sunny
32.6,38.8,1012.8,19.7,0.0,Sunny
26.3,88.2,1011.9,9.7,9.9,Rainy
17.5,77.5,995.3,19.1,14.9,Rainy
32.7,88.5,1002.1,31.2,14.7,Rainy
15.8,43.7,999.7,30.6,0.0,Sunny
36.8,36.9,999.2,33.0,0.0,Sunny
18.5,93.9,1013.2,18.0,4.7,Cloudy
18.2,44.3,1001.0,15.5,0.0,Sunny
19.4,86.0,1006.9,24.0,12.5,Rainy
39.0,86.9,1001.2,15.8,13.3,Rainy
32.3,79.6,1009.5,3.4,0.3,Cloudy
35.0,43.3,1013.0,25.8,0.0,Sunny
24.9,77.0,1003.3,11.3,8.9,Rainy
23.4,91.0,1010.1,3.6,2.3,Cloudy
20.9,61.8,1015.6,2.7,0.0,Sunny
27.0,61.1,997.4,32.7,0.1,Sunny
28.8,62.9,1012.8,10.3,0.0,Sunny
30.8,40.2,1003.1,16.8,0.0,Sunny
21.4,91.2,998.1,33.4,25.0,Rainy
38.7,89.8,1008.6,17.4,15.5,Rainy
19.2,97.9,1000.7,4.6,13.8,Rainy
39.1,71.9,1015.5,20.2,0.0,Cloudy
15.4,82.3,996.1,4.9,11.2,Rainy
27.0,47.8,997.5,5.1,2.9,Cloudy
23.3,77.1,1008.0,30.1,11.1,Rainy
26.2,75.9,1009.7,11.6,2.1,Cloudy
29.3,91.8,1013.2,24.4,5.6,Cloudy
25.9,87.3,1001.5,18.8,0.0,Cloudy
25.4,94.1,1016.0,9.3,0.0,Cloudy
33.3,89.7,1018.8,19.1,0.0,Cloudy
32.1,89.7,1007.5,4.3,2.3,Cloudy
35.8,39.0,1014.0,13.5,0.0,Sunny
21.2,88.3,1008.1,19.3,4.1,Cloudy
30.2,73.3,996.7,9.5,4.8,Cloudy
29.6,59.0,1003.2,23.8,0.0,Sunny
24.2,38.6,997.2,3.7,2.6,Cloudy
27.2,77.7,1019.7,18.0,0.0,Cloudy
22.8,55.7,1000.7,25.6,4.7,Cloudy
18.5,64.5,1010.9,16.2,0.0,Sunny
20.3,77.9,1002.1,30.9,2.6,Cloudy
17.6,92.4,1011.3,22.9,15.5,Rainy
32.1,87.0,1000.3,33.6,17.9,Rainy
31.5,63.4,1014.6,11.4,0.0,Sunny
38.8,59.4,997.8,33.0,12.6,Rainy
33.2,50.1,1017.4,22.0,0.0,Sunny
16.3,58.5,1016.0,26.6,0.0,Sunny
37.1,42.0,1012.0,31.8,0.0,Sunny
36.6,96.2,996.7,20.2,25.2,Rainy
26.1,71.2,1000.2,30.5,12.0,Rainy
29.6,43.1,1016.5,19.9,0.0,Sunny
39.4,57.2,998.0,21.8,0.0,Sunny
28.3,69.5,998.9,16.7,5.4,Cloudy
37.6,68.6,1008.6,6.8,0.0,Sunny
17.1,37.2,1001.9,20.3,0.0,Sunny
19.8,94.9,1000.6,34.3,13.4,Rainy
26.0,52.3,1009.4,28.0,0.0,Sunny
29.6,36.0,1004.3,26.7,0.0,Sunny
35.4,39.8,998.5,23.2,0.0,Sunny
39.7,71.6,1008.4,13.5,0.0,Cloudy
24.7,43.7,1004.7,7.6,0.0,Sunny
16.2,37.6,1013.4,9.4,0.0,Sunny
35.0,58.9,997.6,2.2,6.5,Cloudy
30.1,74.2,1010.5,24.2,6.7,Cloudy
20.0,42.0,1005.9,28.8,0.0,Sunny
27.4,54.7,1005.2,10.9,0.0,Sunny
33.6,61.3,1000.8,5.0,4.8,Cloudy
34.3,45.0,995.8,13.1,0.0,Sunny
27.5,66.9,1016.2,11.6,0.0,Sunny
22.6,40.4,1003.2,16.9,0.0,Sunny
39.3,37.9,1012.0,10.7,0.0,Sunny
31.6,67.7,1018.7,13.2,0.0,Sunny
25.2,50.6,1009.1,31.9,3.8,Cloudy
22.0,41.0,1004.9,13.0,0.0,Sunny
33.3,61.7,1001.7,27.9,4.4,Cloudy
21.1,92.7,1018.4,22.7,10.0,Rainy
19.3,80.6,1012.1,13.1,10.0,Rainy
28.2,86.4,1011.6,29.0,5.0,Cloudy
22.2,89.9,1005.7,21.6,11.2,Rainy
30.7,96.3,1016.1,2.3,0.6,Cloudy
17.9,83.1,1012.8,4.3,2.8,Cloudy
31.4,73.3,1002.1,26.8,11.4,Rainy
22.1,58.0,1010.0,16.7,0.0,Sunny
15.0,46.4,1005.8,15.4,0.0,Sunny
18.2,78.3,995.2,6.8,10.1,Rainy
38.3,97.7,1015.2,7.2,4.6,Cloudy
36.7,64.4,998.1,28.3,11.4,Rainy
20.8,80.6,1007.7,29.4,5.1,Cloudy
34.5,66.2,1003.4,20.5,0.0,Sunny
30.2,62.2,1003.6,11.7,2.5,Cloudy
39.3,60.8,1006.9,32.8,0.0,Sunny
24.3,66.8,1019.9,22.6,0.0,Sunny
32.0,58.1,1005.2,28.3,2.4,Cloudy
16.6,82.2,999.6,2.1,2.9,Cloudy
24.9,90.1,1010.3,16.9,13.4,Rainy
39.1,90.6,1000.9,30.7,24.6,Rainy
28.5,49.3,997.6,13.2,2.3,Cloudy
22.2,91.4,996.3,26.0,24.2,Rainy
18.0,56.5,995.6,23.7,3.4,Cloudy
32.6,54.5,1005.8,7.0,0.0,Sunny
31.1,80.8,1005.7,27.6,9.7,Rainy
24.3,54.2,999.6,5.7,1.5,Sunny
38.8,38.3,1014.6,26.0,0.0,Sunny
15.6,58.5,998.2,34.7,3.3,Cloudy
22.6,80.5,1017.9,33.6,0.0,Cloudy
38.0,55.6,1009.7,28.4,0.0,Sunny
23.0,74.7,995.7,19.6,14.5,Rainy
21.3,76.6,1019.1,24.3,0.0,Cloudy
28.4,81.2,1002.7,26.0,9.6,Rainy
35.6,91.5,1006.2,2.3,16.4,Rainy
17.6,62.3,1002.1,5.4,2.1,Cloudy
38.6,45.5,1013.2,21.7,0.0,Sunny
34.9,55.1,1007.1,2.2,0.0,Sunny
19.5,62.2,998.3,32.0,12.0,Rainy
32.8,80.0,997.6,18.2,6.2,Cloudy
24.6,35.8,1013.1,10.5,0.0,Sunny
25.1,54.9,1000.9,15.0,0.0,Sunny
34.6,84.1,998.4,30.1,11.9,Rainy
39.1,77.3,1007.5,32.6,5.7,Cloudy
18.2,81.1,1015.1,5.8,0.0,Cloudy
25.5,86.1,1002.0,27.7,17.5,Rainy
27.0,84.3,1001.9,21.1,10.0,Rainy
24.4,78.0,1015.8,21.3,0.3,Cloudy
24.1,62.7,998.7,27.7,5.8,Cloudy
16.3,97.0,1010.4,9.4,12.3,Rainy
32.1,70.9,1018.9,19.5,0.0,Cloudy
25.9,47.8,1016.0,12.5,0.0,Sunny
19.9,53.4,996.5,5.1,0.0,Sunny
35.4,78.7,1003.0,5.5,8.1,Rainy
35.1,93.3,998.6,6.5,11.5,Rainy
27.2,46.3,1018.7,22.3,0.0,Sunny
22.5,40.2,1019.6,5.5,0.0,Sunny
31.0,90.5,1000.9,20.8,16.3,Rainy
22.2,92.7,1011.7,21.4,6.2,Cloudy
20.9,52.4,1016.0,31.8,0.0,Sunny
33.3,58.8,1000.8,22.7,3.9,Cloudy
16.0,76.6,999.7,34.5,14.4,Rainy
17.4,55.8,995.3,3.0,2.6,Cloudy
15.2,90.3,1005.3,25.2,12.9,Rainy
18.8,41.8,1017.5,2.9,0.0,Sunny
16.7,37.4,1017.6,26.1,0.0,Sunny
39.9,48.1,998.2,14.7,0.0,Sunny
22.2,53.0,1000.1,22.2,2.4,Cloudy
18.7,42.1,1005.2,12.2,0.0,Sunny
21.0,39.1,1014.5,7.3,0.0,Sunny
38.4,82.6,1010.3,25.9,10.6,Rainy
28.0,45.3,1007.8,31.9,0.0,Sunny
24.1,92.6,1009.8,8.1,10.7,Rainy
36.8,58.2,997.4,32.4,1.3,Sunny
24.9,77.2,1006.9,6.6,2.9,Cloudy
23.4,49.2,1019.8,26.3,0.0,Sunny
20.2,50.1,997.2,33.7,0.0,Sunny
24.4,71.2,1008.0,6.9,1.5,Cloudy
22.9,70.3,1002.4,16.4,0.9,Cloudy
31.9,83.4,1008.5,13.1,2.4,Cloudy
22.2,82.7,1009.3,14.8,3.1,Cloudy
29.4,77.3,1009.4,26.9,4.4,Cloudy
16.6,63.3,1016.3,23.8,0.0,Sunny
19.8,91.1,1004.7,34.0,18.5,Rainy
25.2,74.2,1007.9,8.1,2.1,Cloudy
38.4,97.4,995.3,19.9,30.1,Rainy
24.4,86.6,1014.7,16.8,4.7,Cloudy
31.6,37.8,1001.5,32.3,0.0,Sunny
21.4,55.2,1015.4,2.4,0.0,Sunny
18.2,71.0,1001.6,34.6,3.6,Cloudy
16.5,80.5,995.3,17.8,17.0,Rainy
22.6,69.7,998.9,22.6,3.5,Cloudy
18.9,84.5,1019.6,13.9,1.3,Cloudy
19.4,52.8,1003.0,30.1,5.3,Cloudy
34.0,46.6,997.7,20.5,1.7,Sunny
15.4,38.4,998.0,23.9,0.0,Sunny
28.9,71.1,1002.8,23.4,6.9,Cloudy
24.5,78.4,995.9,14.0,11.0,Rainy
27.7,55.5,1007.8,4.5,0.0,Sunny
29.1,73.7,1000.3,28.7,7.3,Cloudy
22.8,38.3,1008.0,11.6,0.0,Sunny
22.4,41.3,998.5,30.0,0.0,Sunny
33.3,79.2,1005.7,22.1,11.7,Rainy
36.8,58.2,1009.9,13.7,0.0,Sunny
19.8,77.3,996.5,21.6,18.4,Rainy
17.4,87.4,1005.0,23.3,16.5,Rainy
37.4,88.7,1002.6,25.3,15.8,Rainy
23.7,45.8,1001.0,29.1,0.0,Sunny
28.8,65.6,1010.1,7.3,0.0,Sunny
24.0,81.2,1009.7,33.2,7.2,Cloudy
18.1,83.8,1010.8,15.6,2.9,Cloudy
29.7,84.4,999.0,30.4,15.7,Rainy
28.1,49.4,1002.1,9.3,0.0,Sunny
20.1,47.1,1000.2,3.0,1.3,Sunny
26.3,72.2,1008.5,20.9,4.2,Cloudy
34.9,81.7,1006.5,12.7,5.6,Cloudy
29.8,55.1,1003.3,34.5,0.0,Sunny
17.4,41.6,1014.7,5.4,0.0,Sunny
28.7,80.2,997.3,3.6,8.6,Rainy
32.6,53.9,1019.4,3.5,0.0,Sunny
34.8,45.5,997.9,9.2,0.0,Sunny
30.7,44.3,1014.3,21.1,0.0,Sunny
18.8,54.8,1004.2,18.7,0.0,Sunny
32.8,72.3,1016.6,13.6,0.0,Cloudy
31.9,57.6,996.9,4.9,5.6,Cloudy
15.6,36.3,1004.4,9.7,0.0,Sunny
25.3,41.1,1003.4,8.1,0.0,Sunny
23.3,53.3,1019.8,26.6,0.0,Sunny
31.7,76.6,1019.6,27.7,0.0,Cloudy
20.4,41.2,999.7,27.6,0.0,Sunny
29.8,70.3,1010.7,34.0,0.0,Cloudy
37.8,42.6,1008.4,31.2,0.0,Sunny
34.9,48.3,998.9,18.4,1.5,Sunny
38.0,45.8,999.2,15.7,0.0,Sunny
39.5,39.2,1019.7,32.2,0.0,Sunny
15.3,77.3,1006.3,22.2,13.7,Rainy
30.6,64.2,998.1,11.7,2.1,Cloudy
25.3,87.4,1000.4,20.6,10.0,Rainy
36.5,41.2,1001.7,34.7,0.0,Sunny
21.3,44.1,1007.8,30.0,0.0,Sunny
39.5,54.3,1003.4,11.3,0.0,Sunny
30.3,83.2,1006.4,33.4,9.1,Rainy
34.8,54.3,999.2,34.4,5.2,Cloudy
17.1,60.7,1003.2,9.6,0.0,Sunny
19.6,54.0,996.8,31.6,8.4,Rainy
34.0,40.1,1017.2,31.1,0.0,Sunny
15.5,94.2,1000.0,3.3,18.0,Rainy
35.4,69.6,1013.9,24.1,0.0,Sunny
15.3,84.6,1003.7,12.1,11.8,Rainy
31.4,76.5,1006.9,24.3,1.5,Cloudy
24.1,67.4,1002.3,32.1,5.7,Cloudy
30.3,40.6,1012.4,18.5,0.0,Sunny
32.4,75.5,1016.1,15.7,0.0,Cloudy
23.6,44.8,1002.2,32.4,0.5,Sunny
17.7,61.1,1001.1,34.1,4.0,Cloudy
16.7,74.6,1012.0,4.1,0.0,Cloudy
29.7,84.3,999.9,32.5,15.9,Rainy
28.0,78.2,1011.0,4.7,3.0,Cloudy
33.6,77.3,997.4,13.1,3.2,Cloudy
27.7,44.4,1010.5,27.2,0.0,Sunny
25.6,56.8,1007.8,27.6,0.0,Sunny
25.0,37.7,997.8,26.0,0.0,Sunny
15.7,80.3,1011.2,3.3,3.2,Cloudy
23.4,95.0,1006.2,6.4,17.0,Rainy
39.4,51.6,1000.4,32.9,1.0,Sunny
36.8,40.5,1003.8,4.7,0.0,Sunny
23.2,65.0,1007.3,4.6,0.0,Sunny
29.7,89.0,997.3,29.6,17.0,Rainy
36.2,69.8,1018.9,23.2,0.0,Sunny
26.0,37.9,1011.6,13.6,0.0,Sunny
15.4,96.4,997.6,7.5,20.5,Rainy
16.9,87.2,1015.6,31.2,9.3,Rainy
27.8,43.3,1003.1,34.6,0.0,Sunny
39.2,93.1,1009.9,3.6,11.4,Rainy
32.3,63.4,1001.9,20.3,1.5,Sunny
16.8,58.4,1013.3,10.6,4.0,Cloudy
19.7,64.0,1013.1,29.5,0.0,Sunny
34.3,87.6,1008.8,13.4,10.3,Rainy
36.0,76.5,1001.0,25.6,16.9,Rainy
30.4,38.7,1001.3,19.8,0.0,Sunny
31.1,95.3,1004.6,19.9,12.4,Rainy
15.7,44.3,998.6,30.3,3.0,Cloudy
35.7,82.0,1003.4,17.5,14.9,Rainy
34.7,75.1,1012.1,29.9,2.7,Cloudy
21.5,46.8,1015.8,14.0,0.0,Sunny
32.7,45.8,1003.3,7.8,0.0,Sunny
20.4,89.8,1000.8,17.0,18.4,Rainy
16.0,61.4,1015.8,18.4,0.0,Sunny
20.0,76.2,1017.3,17.8,0.0,Cloudy
19.5,66.8,1005.3,28.7,4.8,Cloudy
23.4,80.8,995.7,20.6,18.9,Rainy
25.5,65.2,1012.4,31.3,0.0,Sunny
27.7,53.1,1014.6,19.0,0.0,Sunny
26.9,57.9,995.5,9.4,8.2,Rainy
21.8,89.1,1009.9,6.3,7.6,Cloudy
15.7,64.5,1009.7,30.7,0.0,Sunny
30.1,48.4,1004.5,3.9,0.0,Sunny
24.9,93.9,1013.7,5.9,7.9,Cloudy
22.5,85.2,1005.7,4.1,1.0,Cloudy
36.7,38.5,1011.9,16.0,0.0,Sunny
33.7,97.9,1007.9,19.6,15.4,Rainy
36.4,78.8,1001.2,2.7,13.9,Rainy
27.4,45.1,1010.2,19.0,0.0,Sunny
18.3,49.9,1013.4,15.0,0.0,Sunny
32.4,78.6,1019.3,27.5,0.0,Cloudy
20.2,84.1,1004.5,29.4,12.0,Rainy
26.0,50.1,996.6,24.6,2.0,Cloudy
16.6,51.2,1019.7,17.6,0.0,Sunny
35.6,54.3,1010.6,9.1,0.0,Sunny
18.1,72.7,1018.7,30.0,0.0,Cloudy
37.6,45.8,997.6,13.3,0.0,Sunny
36.6,41.6,1003.6,13.8,0.0,Sunny
26.6,77.8,998.3,32.2,15.7,Rainy
33.6,84.1,1015.9,34.2,8.6,Rainy
30.5,66.6,1017.0,31.6,0.0,Sunny
35.1,57.9,1007.5,34.9,3.3,Cloudy
25.8,62.2,999.7,30.7,4.1,Cloudy
34.6,59.5,998.2,25.2,3.9,Cloudy
26.6,95.5,1009.7,11.7,6.2,Cloudy
38.5,83.4,1007.7,33.4,17.4,Rainy
27.2,48.1,1012.4,30.9,0.0,Sunny
26.6,59.2,1002.6,9.9,0.0,Sunny
34.6,69.3,1005.1,18.1,5.1,Cloudy
35.5,73.6,995.5,4.3,13.6,Rainy
28.9,64.5,1010.3,33.5,0.0,Sunny
19.5,86.0,1005.6,20.9,15.0,Rainy
26.7,83.4,1018.0,10.1,0.0,Cloudy
39.2,66.8,1011.0,11.6,2.1,Cloudy
33.8,88.8,1005.0,34.4,11.8,Rainy
35.3,82.3,1001.6,22.3,14.5,Rainy
15.8,84.1,1017.6,15.9,0.4,Cloudy
26.7,95.3,995.4,18.5,16.7,Rainy
31.2,51.8,1003.2,5.3,0.0,Sunny
35.8,51.9,1018.6,4.5,0.0,Sunny
16.2,91.0,1011.4,21.6,12.5,Rainy
36.3,83.7,1008.3,18.9,0.0,Cloudy
28.7,93.4,1000.1,13.9,17.7,Rainy
19.9,39.0,1015.8,20.7,0.0,Sunny
22.9,74.5,1000.1,4.4,0.0,Cloudy
22.0,44.1,1001.2,33.2,0.0,Sunny
28.3,66.7,999.8,11.7,1.0,Sunny
16.3,44.8,999.0,4.4,0.0,Sunny
19.0,43.1,1018.8,7.6,0.0,Sunny
35.3,35.8,1010.1,5.2,0.0,Sunny
18.3,74.7,1010.9,7.9,0.0,Cloudy
20.8,57.6,1018.9,15.8,0.0,Sunny
26.3,41.6,1000.8,26.4,0.0,Sunny
27.9,55.3,995.1,11.0,0.8,Sunny
34.1,45.6,1010.0,16.4,0.0,Sunny
26.2,94.3,1007.7,32.6,14.1,Rainy
34.7,55.2,1006.9,11.8,0.0,Sunny
30.5,56.0,996.5,28.2,2.3,Cloudy
17.8,87.9,1006.4,7.2,6.6,Cloudy
18.9,75.8,1002.2,7.9,3.3,Cloudy
25.9,79.7,1001.9,17.1,7.4,Cloudy
24.9,75.1,1000.6,9.7,12.9,Rainy
33.6,94.6,1003.3,31.8,19.4,Rainy
29.5,48.0,1003.8,3.7,0.0,Sunny
24.7,97.3,1002.7,21.7,21.5,Rainy
19.3,87.4,1019.5,21.9,5.0,Cloudy
20.7,72.1,1018.3,4.2,0.0,Cloudy
29.4,76.7,1009.4,26.2,6.5,Cloudy
25.6,75.9,1019.5,17.5,0.0,Cloudy
27.9,38.7,1019.8,25.9,0.0,Sunny
19.3,48.7,1003.9,29.3,0.0,Sunny
31.6,95.6,1006.1,12.7,16.5,Rainy
36.3,68.7,1019.0,18.0,0.0,Sunny
21.4,58.8,1010.2,10.6,0.0,Sunny
27.3,83.0,1000.3,8.6,2.4,Cloudy
39.4,68.0,1012.2,2.0,3.3,Cloudy
23.3,35.8,1000.1,33.8,0.0,Sunny
29.9,81.4,1003.5,16.6,6.2,Cloudy
17.3,81.1,1000.7,2.4,13.6,Rainy
30.2,45.4,1001.1,2.3,0.0,Sunny
17.2,95.3,995.1,11.5,22.5,Rainy
39.0,49.1,1017.0,2.5,0.0,Sunny
32.9,63.8,1002.4,14.4,9.9,Rainy
34.7,42.2,997.2,4.1,0.0,Sunny
32.6,73.0,997.2,3.3,7.6,Cloudy
29.7,58.7,1008.9,24.1,0.0,Sunny
26.2,57.2,1019.8,31.9,0.0,Sunny
36.5,87.1,998.6,15.5,20.0,Rainy
38.9,35.6,997.5,29.6,0.0,Sunny
27.5,85.3,1006.0,3.0,9.5,Rainy
38.3,71.0,1009.1,27.7,1.3,Cloudy
29.6,97.1,1002.4,4.1,20.4,Rainy
28.5,72.1,1002.6,29.7,12.6,Rainy
26.4,38.5,1005.6,31.1,0.0,Sunny
20.2,38.2,1002.9,27.9,0.0,Sunny
15.1,90.6,1017.9,29.1,8.5,Rainy
21.0,88.0,996.0,20.5,21.7,Rainy
27.7,56.8,1000.9,10.7,0.0,Sunny
24.5,73.9,1015.2,23.2,2.0,Cloudy
26.2,65.8,1015.8,16.5,0.0,Sunny
39.5,95.9,997.8,2.2,18.3,Rainy
23.8,94.8,1019.3,17.7,7.9,Cloudy
26.3,97.0,1012.3,23.5,16.0,Rainy
18.3,89.6,1001.8,2.5,12.6,Rainy
16.2,92.3,1006.4,22.5,16.0,Rainy
34.4,48.7,1002.4,23.5,0.0,Sunny
29.3,87.4,998.8,7.2,13.3,Rainy
34.0,79.7,1002.3,16.2,6.3,Cloudy
18.7,95.7,1009.5,33.8,14.5,Rainy
29.3,71.0,1015.6,31.2,5.6,Cloudy
21.3,40.4,1004.1,15.6,0.0,Sunny
20.7,72.6,1003.7,13.5,6.9,Cloudy
15.3,78.3,1006.7,6.1,5.0,Cloudy
18.3,48.9,1011.1,3.2,0.0,Sunny
22.7,59.8,1013.8,11.8,0.0,Sunny
17.9,72.7,1003.2,33.0,4.0,Cloudy
39.6,58.6,1009.7,33.6,0.0,Sunny
22.7,58.6,1004.7,28.8,0.0,Sunny
18.3,43.4,1012.9,13.6,0.0,Sunny
20.0,94.3,999.1,6.7,14.8,Rainy
29.7,82.3,1001.4,21.7,13.0,Rainy
16.6,35.1,1005.7,23.3,0.0,Sunny
36.6,83.2,1017.2,16.0,0.0,Cloudy
39.0,81.6,1009.3,24.8,3.1,Cloudy
21.2,35.6,1019.1,26.6,0.0,Sunny
26.3,58.3,997.6,27.8,4.1,Cloudy
15.6,73.2,1006.5,18.6,2.5,Cloudy
31.0,63.5,1005.5,28.1,0.0,Sunny
25.3,84.0,1010.0,2.8,0.0,Cloudy
21.8,61.8,1015.3,24.5,0.0,Sunny
20.2,44.7,1016.0,9.8,0.0,Sunny
31.4,96.5,1011.8,10.9,19.9,Rainy
25.4,50.2,1011.0,5.0,0.0,Sunny
19.5,80.2,1018.7,8.3,3.9,Cloudy
32.2,44.0,1004.6,34.7,0.0,Sunny
29.1,55.7,1015.8,15.7,0.0,Sunny
36.5,62.8,1018.0,32.6,0.0,Sunny
17.9,47.1,1007.3,7.4,0.0,Sunny
34.6,63.3,1013.2,8.7,0.0,Sunny
31.8,44.9,1004.4,20.4,0.0,Sunny
17.9,70.2,999.0,13.5,9.1,Rainy
32.4,76.8,1009.7,23.2,6.8,Cloudy
26.0,38.9,999.9,15.9,0.0,Sunny
38.6,89.9,1006.4,28.8,10.7,Rainy
18.5,46.7,1016.8,16.2,0.0,Sunny
31.1,49.2,997.2,20.9,0.0,Sunny
24.5,76.7,995.8,12.6,12.0,Rainy
38.9,64.5,1010.2,25.2,0.8,Sunny
23.2,66.5,1003.3,23.6,3.2,Cloudy
39.1,43.1,1005.4,15.1,0.0,Sunny
37.5,85.8,1005.1,11.1,13.2,Rainy
21.8,73.9,997.2,22.3,15.9,Rainy
35.1,43.5,995.1,33.1,0.0,Sunny
39.9,58.6,1017.5,6.4,0.0,Sunny
21.3,86.1,1000.4,28.4,23.1,Rainy
25.9,70.8,1005.7,19.9,4.1,Cloudy
28.0,41.8,1019.3,19.3,0.0,Sunny
22.4,58.5,1015.7,33.7,0.0,Sunny
15.4,50.3,997.7,22.0,0.0,Sunny
20.5,67.6,1007.7,29.4,1.0,Sunny
22.0,88.1,1013.3,19.0,9.4,Rainy
26.1,62.5,1012.5,10.2,0.0,Sunny
19.3,62.3,1014.0,24.9,0.0,Sunny
36.8,92.0,1006.4,32.5,21.2,Rainy
32.6,71.3,999.4,29.8,7.0,Cloudy
17.1,70.7,1006.6,8.5,2.0,Cloudy
31.3,51.5,1011.2,12.5,0.0,Sunny
31.3,73.3,1010.2,19.1,0.0,Cloudy
38.9,71.3,996.8,20.9,10.5,Rainy
15.1,60.0,996.6,8.4,10.4,Rainy
21.2,97.4,1019.1,9.6,2.8,Cloudy
38.2,90.6,998.8,27.0,22.2,Rainy
38.3,82.2,1002.4,26.1,11.0,Rainy
33.0,68.9,1014.2,29.7,5.0,Cloudy
34.1,64.1,1005.2,32.8,0.0,Sunny
17.3,46.6,999.5,12.2,0.0,Sunny
27.8,54.3,1006.7,30.4,0.0,Sunny
20.8,83.8,1009.2,24.0,4.4,Cloudy
19.5,63.6,1006.3,33.6,0.0,Sunny
35.3,90.6,1018.0,11.0,1.1,Cloudy
18.4,44.3,1002.1,10.9,0.0,Sunny
26.7,67.0,1011.5,25.2,0.0,Sunny
38.5,75.8,997.8,32.6,14.7,Rainy
19.6,67.6,1004.8,29.2,0.0,Sunny
39.4,91.0,1013.5,26.0,5.2,Cloudy
39.9,97.3,1000.6,14.8,28.0,Rainy
28.9,42.3,1009.7,25.7,0.0,Sunny
19.3,43.2,998.8,28.4,0.0,Sunny
22.9,43.2,997.6,26.9,0.0,Sunny
25.6,77.9,1008.1,24.3,6.2,Cloudy
22.7,58.5,1011.9,3.6,0.0,Sunny
22.0,81.2,997.8,23.8,11.6,Rainy
39.3,60.5,1017.9,17.8,0.0,Sunny
18.8,74.5,1000.6,33.7,20.9,Rainy
33.3,83.5,998.0,22.0,13.5,Rainy
15.0,69.5,1000.1,22.1,10.3,Rainy
29.9,69.0,999.2,34.8,12.8,Rainy
37.9,40.6,997.3,5.1,0.0,Sunny
22.2,60.9,1014.9,11.1,0.0,Sunny
19.6,69.4,1007.4,23.7,9.7,Rainy
31.3,64.1,1004.7,12.4,0.0,Sunny
32.8,91.7,1018.8,13.4,4.1,Cloudy
32.2,92.1,1004.3,31.5,15.5,Rainy
23.0,86.8,999.2,21.1,14.5,Rainy
21.3,58.6,1001.9,5.4,0.0,Sunny
38.9,80.2,1001.0,12.3,4.8,Cloudy
38.1,59.9,1007.5,4.5,0.0,Sunny
26.4,49.7,1002.3,20.4,0.0,Sunny
36.2,56.6,1007.9,7.7,0.0,Sunny
26.3,39.5,1011.7,30.3,0.0,Sunny
25.6,55.9,1014.4,21.1,0.0,Sunny
18.9,64.0,1012.8,4.0,0.0,Sunny
25.7,95.2,1000.1,11.9,22.8,Rainy
28.4,54.7,997.9,22.3,1.7,Sunny
15.6,91.9,1008.6,13.1,3.8,Cloudy
26.1,49.4,1000.0,18.9,0.0,Sunny
34.5,47.0,997.1,32.0,5.0,Cloudy
32.0,67.7,1008.2,13.6,0.0,Sunny
30.9,77.4,1003.2,13.1,6.5,Cloudy
37.7,37.8,1013.9,29.1,0.0,Sunny
15.5,48.9,1002.9,12.5,4.8,Cloudy
28.9,63.7,1019.5,4.6,0.0,Sunny
34.7,55.9,1014.0,8.0,0.0,Sunny
28.5,79.9,996.4,33.3,17.9,Rainy
23.1,67.2,1007.7,32.8,0.0,Sunny
18.4,45.1,1009.1,9.4,0.0,Sunny
37.2,91.4,1012.4,20.3,10.4,Rainy
26.8,53.5,1007.4,6.5,0.0,Sunny
37.0,81.1,1007.1,24.3,8.6,Rainy
29.6,84.1,1004.2,8.1,8.6,Rainy
31.9,95.7,1001.8,3.6,14.6,Rainy
35.1,66.4,1018.7,29.2,0.0,Sunny
31.5,73.8,1002.9,12.7,1.2,Cloudy
25.0,56.1,996.6,5.6,0.0,Sunny
27.8,77.7,999.2,29.5,7.3,Cloudy
35.1,64.2,1016.4,27.2,0.0,Sunny
24.3,62.6,1009.7,24.6,2.2,Cloudy
24.7,88.9,1014.5,32.1,6.2,Cloudy
17.4,38.2,1015.2,18.1,0.0,Sunny
37.9,90.6,1015.6,6.2,3.5,Cloudy
17.3,88.7,1008.8,4.0,5.1,Cloudy
31.2,66.9,999.4,12.5,0.7,Sunny
25.3,65.9,998.7,4.9,2.0,Cloudy
25.1,57.8,1009.3,19.7,0.0,Sunny
32.0,97.6,1004.2,2.5,16.0,Rainy
16.7,42.0,1009.0,16.6,0.0,Sunny
29.8,72.2,1007.5,7.9,3.3,Cloudy
34.3,77.9,1010.1,14.2,0.0,Cloudy
35.7,93.9,995.8,24.3,24.6,Rainy
19.3,84.2,995.8,13.6,10.7,Rainy
37.4,75.6,1013.0,13.3,3.1,Cloudy
31.4,42.4,999.8,34.7,0.0,Sunny
37.0,58.5,1011.3,25.7,0.0,Sunny
27.1,43.7,1008.7,19.0,0.0,Sunny
28.6,90.5,1019.5,21.1,6.5,Cloudy
38.0,82.2,1015.9,22.5,6.6,Cloudy
37.5,82.7,1005.3,2.8,3.2,Cloudy
26.2,76.1,1010.4,4.6,0.7,Cloudy
21.9,66.9,997.9,23.4,10.2,Rainy
24.8,44.4,1004.7,14.0,0.0,Sunny
24.7,55.8,1013.3,3.8,0.0,Sunny
22.2,43.6,1010.6,11.8,0.0,Sunny
21.7,80.7,1007.1,6.3,8.5,Rainy
36.5,45.1,999.4,32.2,1.8,Sunny
16.7,79.2,1015.1,8.7,0.0,Cloudy
31.9,78.6,1001.8,6.7,4.3,Cloudy
19.3,63.9,1015.5,22.7,0.0,Sunny
23.6,43.5,1010.3,19.2,0.0,Sunny
16.5,54.8,1004.3,21.0,0.9,Sunny
21.7,55.2,996.0,16.4,2.3,Cloudy
34.2,79.1,1000.8,17.4,9.1,Rainy
37.1,42.2,1017.2,27.7,0.0,Sunny
20.5,87.2,1015.4,9.3,1.8,Cloudy
26.6,82.9,1009.4,15.1,0.5,Cloudy
26.8,46.7,1006.7,33.6,0.0,Sunny
36.8,80.3,1011.2,8.3,6.6,Cloudy
34.1,77.1,1006.7,11.7,0.1,Cloudy
27.8,82.1,1011.1,8.3,3.7,Cloudy
31.8,46.9,1002.7,2.7,0.0,Sunny
36.2,44.9,1016.0,10.9,0.0,Sunny
15.2,49.9,1012.5,3.5,0.0,Sunny
25.1,58.0,1003.2,7.1,0.0,Sunny
37.7,85.0,1015.8,14.0,5.4,Cloudy
33.5,81.5,1007.2,2.7,5.4,Cloudy
28.6,93.3,999.4,26.8,18.7,Rainy
28.2,38.7,996.9,28.3,0.8,Sunny
23.7,35.7,1012.5,15.6,0.0,Sunny
28.0,79.0,1016.6,34.5,0.0,Cloudy
31.4,52.6,1015.2,24.4,0.0,Sunny
25.5,56.0,1011.4,26.5,0.0,Sunny
32.9,69.4,998.5,8.3,0.9,Sunny
36.5,41.5,997.4,29.6,0.0,Sunny
18.9,75.5,1003.6,33.2,4.6,Cloudy
26.3,55.5,1016.4,9.8,0.0,Sunny
25.2,74.9,1019.0,24.7,0.4,Cloudy
32.2,87.5,1001.0,26.6,11.4,Rainy
21.2,45.8,1014.1,12.1,0.0,Sunny
31.0,93.6,1009.3,17.7,0.0,Cloudy
36.9,68.4,995.8,5.2,7.5,Cloudy
25.5,93.1,1008.6,7.7,7.7,Cloudy
37.8,48.1,1015.1,4.0,0.0,Sunny
39.8,73.1,1001.9,20.5,0.0,Cloudy
17.7,60.4,1017.4,22.6,0.0,Sunny
20.8,83.8,1000.9,32.2,6.6,Cloudy
38.8,73.2,996.9,19.9,8.2,Rainy
39.0,66.2,999.0,10.6,0.0,Sunny
17.4,92.5,1015.9,4.0,12.6,Rainy
15.4,58.8,1005.4,31.2,0.0,Sunny
19.0,48.9,1014.9,17.8,0.0,Sunny
39.9,73.3,1008.3,26.3,3.2,Cloudy
19.5,74.3,1007.0,2.5,0.0,Cloudy
27.6,62.7,1015.2,18.1,0.0,Sunny
36.2,65.7,1005.6,12.7,2.4,Cloudy
15.5,95.5,1015.1,3.0,8.8,Rainy
30.1,81.2,997.5,27.6,9.9,Rainy
21.9,42.0,1010.9,18.9,0.0,Sunny
36.6,48.4,1012.6,13.0,0.0,Sunny
22.1,96.5,1017.5,28.6,6.8,Cloudy
32.2,80.8,1000.6,16.7,14.3,Rainy
31.9,92.6,1010.1,2.1,8.3,Rainy
20.5,54.1,1005.8,33.2,0.0,Sunny
15.9,81.7,1004.6,10.4,6.7,Cloudy
25.2,80.0,997.7,29.4,12.4,Rainy
22.2,53.6,998.4,28.9,2.2,Cloudy
35.2,69.7,1015.9,7.4,0.0,Sunny
35.0,74.5,1013.7,17.6,0.0,Cloudy
26.4,65.3,1004.6,3.3,0.0,Sunny
30.2,87.1,1015.7,13.7,0.0,Cloudy
30.1,87.5,997.0,26.1,14.6,Rainy
35.7,88.6,1010.6,9.8,2.9,Cloudy
25.6,85.6,1016.7,5.9,0.3,Cloudy
21.9,65.7,1016.0,18.7,0.0,Sunny
21.6,59.0,1004.3,19.7,0.2,Sunny
28.4,87.4,1013.6,24.3,6.5,Cloudy
26.2,65.9,1005.7,27.1,4.5,Cloudy
26.0,50.5,1016.0,25.0,0.0,Sunny
17.3,67.0,1008.3,29.9,1.7,Sunny
33.0,43.9,1014.1,9.4,0.0,Sunny
20.3,78.6,997.0,20.8,16.7,Rainy
19.9,56.2,1009.8,13.9,0.0,Sunny
25.3,51.4,1008.8,33.7,0.0,Sunny
20.7,95.3,1010.2,16.5,7.1,Cloudy
29.6,83.9,1012.4,33.7,7.6,Cloudy
24.3,84.6,1018.0,27.4,2.9,Cloudy
26.2,74.3,1014.6,25.7,2.6,Cloudy
28.4,87.9,1000.5,18.2,10.7,Rainy
20.1,82.8,1015.6,16.6,6.2,Cloudy
18.9,72.7,998.1,19.4,9.3,Rainy
37.0,95.6,1010.6,11.7,13.0,Rainy
25.8,47.1,1017.1,31.8,0.0,Sunny
25.3,94.4,997.5,28.2,21.3,Rainy
15.9,60.3,1016.2,28.4,0.0,Sunny
27.4,68.3,1015.0,16.3,0.0,Sunny
28.9,42.7,1007.6,4.3,0.0,Sunny
29.0,69.0,1002.7,24.5,0.0,Sunny
32.7,73.5,1005.1,14.4,6.1,Cloudy
19.4,97.9,1019.2,30.7,7.7,Cloudy
21.3,96.4,1000.0,27.8,19.1,Rainy
35.3,95.9,1009.5,6.8,0.4,Cloudy
38.7,56.9,997.1,21.9,5.5,Cloudy
18.4,97.4,1000.4,24.8,19.1,Rainy
27.4,63.7,1014.1,20.7,0.0,Sunny
20.4,88.7,1002.6,19.0,13.4,Rainy
16.5,48.6,1019.6,9.5,0.0,Sunny
23.1,66.9,1007.5,9.8,0.0,Sunny
18.6,95.9,1007.9,27.3,14.4,Rainy
32.7,94.7,995.9,2.6,20.5,Rainy
28.3,78.1,1018.9,27.7,0.0,Cloudy
18.6,85.3,999.4,19.4,15.1,Rainy
15.2,46.1,1008.5,32.9,0.0,Sunny
35.2,80.5,1004.9,34.9,14.5,Rainy
19.4,73.9,1005.4,23.9,4.9,Cloudy
30.2,40.8,1011.1,15.6,0.0,Sunny
23.4,42.1,1011.6,17.7,0.0,Sunny
29.6,41.8,998.9,8.7,1.1,Sunny
22.9,80.6,1007.5,5.3,2.4,Cloudy
17.2,43.9,1014.8,21.1,0.0,Sunny
20.6,64.5,1006.1,28.6,0.9,Sunny
19.7,57.5,999.1,10.6,0.0,Sunny
25.7,69.7,1002.8,15.8,0.0,Sunny
31.5,79.5,1000.3,20.3,13.8,Rainy
21.6,78.1,998.1,32.0,1.3,Cloudy
15.3,67.5,1004.4,6.6,0.0,Sunny
28.0,64.3,1008.5,9.8,0.0,Sunny
30.1,60.1,996.8,32.3,7.0,Cloudy
39.1,89.3,1010.1,3.3,0.0,Cloudy
29.7,55.8,1019.8,23.7,0.0,Sunny
26.8,51.3,1019.1,23.1,0.0,Sunny
29.3,81.8,1015.7,14.6,0.0,Cloudy
38.2,57.7,1001.7,17.4,0.4,Sunny
35.7,88.4,995.6,30.2,21.8,Rainy
23.1,55.7,1015.8,7.4,0.0,Sunny
20.9,79.2,996.4,9.6,6.0,Cloudy
21.6,37.8,1000.1,18.9,0.0,Sunny
27.6,59.3,1008.6,15.5,1.3,Sunny
33.6,56.6,999.5,21.0,0.0,Sunny
27.6,86.5,1015.8,32.4,2.9,Cloudy
16.7,95.9,1014.4,32.3,12.8,Rainy
33.1,64.0,1013.9,9.6,0.0,Sunny
35.1,87.0,1015.4,12.0,1.4,Cloudy
22.2,79.1,1000.5,7.3,12.2,Rainy
31.6,95.9,1013.2,32.6,5.4,Cloudy
25.7,86.1,1003.9,15.1,8.6,Rainy
37.2,39.9,1011.7,16.8,0.0,Sunny
36.1,79.9,998.1,28.5,10.8,Rainy
28.1,68.7,1012.6,18.9,2.0,Cloudy
32.3,36.0,1019.3,6.0,0.0,Sunny
37.1,50.8,996.1,16.4,1.4,Sunny
27.4,93.1,997.3,22.8,21.6,Rainy
22.8,93.3,998.1,25.7,21.5,Rainy
33.8,85.3,1005.8,23.3,7.4,Cloudy
20.5,96.9,1002.3,5.9,16.1,Rainy
24.7,85.8,1015.2,12.0,0.0,Cloudy
36.6,35.6,1006.8,26.2,0.0,Sunny
33.1,53.1,1007.1,31.0,0.0,Sunny
25.1,36.9,1012.9,3.6,0.0,Sunny
20.4,40.9,1004.0,3.4,0.0,Sunny
23.9,48.8,1003.8,23.2,0.0,Sunny
22.1,66.7,1013.9,20.1,0.2,Sunny
19.4,88.4,1014.5,7.1,9.2,Rainy
33.6,89.3,995.4,20.1,18.6,Rainy
21.3,73.8,998.6,34.2,13.9,Rainy
26.4,93.5,1000.3,22.8,15.3,Rainy
24.6,66.5,1003.8,16.8,0.0,Sunny
39.6,91.0,1002.3,29.3,12.5,Rainy
24.8,63.6,1011.7,9.0,0.0,Sunny
17.0,52.5,1015.7,15.7,0.0,Sunny
17.2,92.7,999.8,19.4,16.7,Rainy
29.8,59.4,1009.1,18.6,0.0,Sunny
30.0,66.7,1004.2,32.4,1.9,Sunny
25.5,55.7,1007.6,11.7,0.0,Sunny
25.8,76.8,1010.5,3.9,0.0,Cloudy
16.3,97.7,1017.3,32.2,12.2,Rainy
27.9,36.6,999.8,9.2,0.0,Sunny
27.6,91.7,997.2,14.5,26.0,Rainy
18.7,35.2,1010.7,19.5,0.0,Sunny
17.6,57.9,1004.9,34.2,0.0,Sunny
18.1,45.6,999.1,19.7,0.0,Sunny
17.5,82.7,997.9,16.8,11.6,Rainy
30.2,38.2,1009.0,21.3,0.0,Sunny
19.9,69.9,1002.5,34.0,6.9,Cloudy
21.3,53.6,1019.9,29.0,0.0,Sunny
19.3,43.4,1005.1,7.6,0.0,Sunny
38.9,83.6,1000.3,28.5,14.1,Rainy
36.4,48.7,1010.7,29.8,0.0,Sunny
20.8,49.1,1001.1,24.8,2.1,Cloudy
23.2,52.3,1007.4,23.7,0.0,Sunny
20.2,72.0,1007.1,16.5,3.3,Cloudy
27.3,76.6,1006.3,23.2,7.5,Cloudy
15.5,36.1,1014.9,26.3,0.0,Sunny
31.8,50.2,1000.4,6.1,5.8,Cloudy
28.1,62.2,1017.6,10.5,0.0,Sunny
37.5,55.9,1014.8,8.4,0.0,Sunny
19.1,90.7,1003.3,29.8,15.2,Rainy
35.1,84.6,999.5,24.4,5.2,Cloudy
34.8,74.4,1002.0,16.9,5.9,Cloudy
18.2,56.3,1003.3,29.3,0.0,Sunny
25.0,79.1,1008.9,25.7,2.2,Cloudy
19.3,88.1,996.2,32.1,16.1,Rainy
21.4,72.5,1017.9,4.5,0.0,Cloudy
21.6,84.4,997.5,18.8,17.9,Rainy
28.9,82.2,1002.0,25.3,16.7,Rainy
25.3,71.0,997.7,8.8,7.9,Cloudy
38.7,54.7,1001.4,12.8,0.0,Sunny
18.2,82.0,1015.9,15.8,0.0,Cloudy
39.3,48.0,1010.4,28.2,0.0,Sunny
20.8,84.1,1000.7,18.3,13.3,Rainy
34.3,85.7,1016.8,18.3,3.6,Cloudy
23.5,86.8,1015.0,16.2,1.5,Cloudy
18.6,64.8,1013.8,9.5,0.0,Sunny
36.4,47.1,1016.2,32.5,0.0,Sunny
22.7,41.3,1010.5,12.5,0.0,Sunny
31.5,81.8,1007.5,20.7,0.1,Cloudy
29.2,90.8,1004.3,6.9,7.6,Cloudy
26.8,76.0,1000.6,16.3,14.8,Rainy
27.4,44.1,1008.9,31.8,0.0,Sunny
33.3,93.9,1017.2,34.9,13.0,Rainy
17.2,97.3,1009.8,13.9,4.4,Cloudy
31.7,62.3,1018.0,7.1,0.0,Sunny
37.4,72.5,1003.9,12.4,2.6,Cloudy
16.4,84.0,1012.4,12.8,10.5,Rainy
18.5,81.4,1011.2,23.3,4.7,Cloudy
32.9,96.0,1011.8,18.4,9.1,Rainy
25.9,42.2,1011.1,27.4,0.0,Sunny
25.1,71.6,1000.5,25.1,10.0,Rainy
18.4,78.6,998.6,10.3,8.1,Rainy
27.7,91.1,1019.5,27.9,2.9,Cloudy
18.2,90.1,996.1,30.0,18.6,Rainy
26.9,96.6,1006.7,21.7,17.2,Rainy
34.1,67.3,1005.6,32.6,6.6,Cloudy
21.5,87.3,1004.0,27.8,9.4,Rainy
27.0,61.9,1014.5,21.6,0.0,Sunny
39.8,61.6,1013.6,31.9,0.0,Sunny
32.2,51.0,1017.6,21.8,0.0,Sunny
36.0,86.5,1004.9,19.2,14.3,Rainy
25.4,97.1,1009.1,13.8,12.5,Rainy
34.2,51.1,1017.3,31.1,0.0,Sunny
16.0,38.5,1019.8,6.0,0.0,Sunny
18.1,86.4,1019.2,17.6,0.0,Cloudy
20.1,74.1,1012.9,19.7,0.0,Cloudy
25.0,95.5,998.6,20.3,20.1,Rainy
36.1,50.9,995.6,23.5,1.5,Sunny
23.7,39.5,1015.6,18.7,0.0,Sunny
31.4,66.0,1016.0,10.5,0.0,Sunny
32.7,40.4,1013.7,30.3,0.0,Sunny
29.7,51.5,1002.0,23.7,0.0,Sunny
23.9,42.9,1011.0,30.3,0.0,Sunny
29.4,49.1,1002.9,11.1,0.0,Sunny
23.6,41.7,1006.3,23.0,0.0,Sunny
17.1,95.1,1004.6,25.6,21.0,Rainy
39.8,52.5,1017.8,14.7,0.0,Sunny
18.2,63.0,1000.9,28.8,7.5,Cloudy
16.8,91.6,1009.4,2.1,2.5,Cloudy
37.0,77.7,1004.0,21.6,10.8,Rainy
22.5,73.9,1011.6,22.2,0.0,Cloudy
31.3,79.5,1009.1,19.6,3.1,Cloudy
23.2,87.2,1018.1,22.8,0.0,Cloudy
24.8,90.3,997.5,7.5,15.1,Rainy
21.6,75.5,1000.5,24.6,7.1,Cloudy
23.6,91.1,1014.2,13.1,6.0,Cloudy
25.3,68.7,1004.2,16.9,2.1,Cloudy
33.0,52.5,999.1,13.0,0.0,Sunny
27.8,90.4,1007.6,17.6,12.5,Rainy
38.6,69.1,1011.3,22.5,0.0,Sunny
16.0,92.1,996.1,29.7,18.0,Rainy
27.6,37.5,1002.3,18.0,0.0,Sunny
29.6,60.0,1015.2,12.7,0.0,Sunny
38.0,94.7,1008.0,18.1,12.3,Rainy
16.2,50.7,995.9,24.7,1.0,Sunny
29.3,94.3,1002.0,13.4,20.0,Rainy
36.3,95.1,1011.0,15.7,4.6,Cloudy
21.0,90.6,1000.0,20.6,16.4,Rainy
36.9,70.5,1015.7,11.7,0.0,Cloudy
15.5,75.8,1011.9,8.9,2.0,Cloudy
33.3,89.8,1006.8,6.6,0.0,Cloudy
38.3,83.9,1017.9,13.6,2.8,Cloudy
31.4,74.7,1004.8,3.6,6.1,Cloudy
26.0,96.9,1000.9,21.3,14.8,Rainy
16.1,78.2,1011.5,7.8,0.9,Cloudy
38.0,96.5,1009.3,14.5,7.8,Cloudy
26.8,38.6,1003.4,10.9,0.0,Sunny
15.7,43.8,1003.6,22.8,0.0,Sunny
32.2,63.4,1005.0,30.1,0.0,Sunny
27.0,59.2,1002.3,22.9,0.0,Sunny
18.1,84.3,1012.8,19.9,8.6,Rainy
20.4,45.1,1011.3,24.1,0.0,Sunny
16.6,96.5,1006.0,3.0,14.0,Rainy
29.4,54.8,1004.9,6.1,0.0,Sunny
30.6,62.0,1004.1,5.1,0.0,Sunny
27.6,52.3,1002.1,5.2,0.0,Sunny
35.4,71.5,997.1,10.6,9.5,Rainy
36.5,38.7,1001.7,19.6,0.0,Sunny
30.4,44.4,1003.0,5.8,0.0,Sunny
15.3,82.0,1008.7,32.9,8.8,Rainy
32.4,46.7,1014.3,30.2,0.0,Sunny
25.4,49.8,1004.9,34.1,0.0,Sunny
29.1,85.0,1018.6,3.4,0.0,Cloudy
31.2,40.9,1015.7,30.1,0.0,Sunny
23.8,62.6,1019.6,28.5,0.0,Sunny
37.9,36.5,1016.9,31.8,0.0,Sunny
18.3,56.8,1010.4,19.4,0.0,Sunny
31.8,79.0,1010.0,28.0,3.6,Cloudy
15.1,40.7,998.2,3.7,0.0,Sunny
38.1,91.0,1013.1,4.5,11.0,Rainy
17.8,92.3,1010.0,5.9,12.0,Rainy
17.4,41.6,1007.7,32.2,0.0,Sunny
23.3,97.4,1012.3,4.0,3.8,Cloudy
24.3,53.7,1006.1,5.3,0.0,Sunny
20.4,40.3,1008.1,32.7,0.0,Sunny
29.6,35.3,1005.0,5.5,0.0,Sunny
26.1,60.7,1012.9,30.7,1.8,Sunny
15.9,74.7,1016.9,28.0,1.5,Cloudy
23.0,55.9,1016.0,3.3,0.0,Sunny
35.3,87.7,1014.7,2.7,3.9,Cloudy
32.2,80.1,995.3,19.6,10.5,Rainy
33.1,57.1,1017.8,34.9,0.0,Sunny
32.5,81.3,1001.9,31.0,13.5,Rainy
22.8,94.3,1017.2,12.2,5.3,Cloudy
17.5,40.9,999.9,14.7,0.0,Sunny
21.8,54.3,1006.0,14.8,0.0,Sunny
35.8,64.2,1013.7,26.2,0.0,Sunny
39.5,66.4,1011.0,13.3,0.0,Sunny
27.3,69.2,1005.4,6.9,3.7,Cloudy
15.2,53.9,1012.0,26.7,0.0,Sunny
18.5,77.0,1008.7,17.1,4.4,Cloudy
23.1,75.6,1001.9,4.5,4.1,Cloudy
29.5,71.4,1011.2,28.1,2.8,Cloudy
16.9,42.2,1000.1,21.3,0.0,Sunny
38.6,65.0,1012.3,18.1,0.0,Sunny
24.1,57.4,995.1,24.2,6.9,Cloudy
37.8,65.9,1008.7,18.7,0.0,Sunny
34.5,93.1,1005.0,23.4,11.1,Rainy
33.9,65.3,1002.6,30.6,8.9,Rainy
30.2,35.9,1007.9,22.2,0.0,Sunny
30.7,62.6,1011.1,23.8,4.7,Cloudy
31.0,86.7,1019.1,22.3,3.4,Cloudy
30.7,84.1,1015.8,19.5,4.4,Cloudy
28.8,67.3,1012.9,7.7,0.0,Sunny
39.7,50.7,1007.0,13.1,0.0,Sunny
33.3,64.3,1004.8,24.9,0.3,Sunny
34.4,70.5,995.8,16.0,12.7,Rainy
36.8,98.0,1004.0,15.4,17.2,Rainy
20.4,75.6,1016.2,27.1,3.0,Cloudy
17.1,78.7,1004.6,2.2,13.4,Rainy
27.1,66.0,1006.5,24.4,0.0,Sunny
27.9,57.3,1001.8,18.1,3.3,Cloudy
35.7,86.2,1001.9,14.4,14.7,Rainy
26.1,66.2,996.5,13.2,14.4,Rainy
29.3,97.7,1010.3,7.7,13.0,Rainy
28.2,63.8,1006.2,13.0,1.0,Sunny
16.0,39.3,1010.1,14.9,0.0,Sunny
30.4,78.0,1008.7,16.4,7.5,Cloudy
35.7,37.9,1015.0,24.2,0.0,Sunny
18.9,50.8,1013.8,17.0,0.0,Sunny
29.9,57.3,1014.3,28.3,0.0,Sunny
29.8,81.6,1007.5,23.1,14.2,Rainy
19.1,66.1,1003.8,8.3,0.0,Sunny
18.1,36.8,1018.3,11.1,0.0,Sunny
39.5,73.9,996.4,4.6,9.4,Rainy
24.8,60.9,998.8,33.2,4.8,Cloudy
20.7,93.1,1005.5,31.3,21.4,Rainy
19.3,66.5,1010.3,4.8,0.0,Sunny
31.7,79.7,995.2,20.9,13.1,Rainy
30.2,48.8,1013.0,33.7,0.0,Sunny
31.1,82.9,1009.0,26.7,8.4,Rainy
17.2,80.4,1007.1,18.2,10.9,Rainy
37.3,92.0,1005.6,10.0,11.8,Rainy
24.7,37.1,1008.0,11.2,0.0,Sunny
22.8,63.2,999.0,26.3,2.6,Cloudy
26.6,77.8,997.7,27.8,14.6,Rainy
24.8,41.0,1002.2,19.4,0.0,Sunny
36.6,60.9,1012.7,6.0,0.0,Sunny
38.2,94.4,1009.7,32.8,17.0,Rainy
22.6,62.5,1007.0,29.9,6.8,Cloudy
36.6,97.1,1009.3,6.6,10.7,Rainy
34.5,38.6,1009.0,3.9,0.0,Sunny
38.3,80.2,1002.7,19.7,5.0,Cloudy
21.1,71.6,997.4,11.4,11.0,Rainy
29.4,66.5,1017.4,11.3,0.0,Sunny
21.9,96.2,1010.0,4.9,8.0,Rainy
35.6,43.2,1012.4,33.5,0.0,Sunny
15.1,91.4,1006.6,29.4,20.6,Rainy
29.1,78.5,1013.9,5.8,0.3,Cloudy
23.5,51.3,1009.6,30.9,0.0,Sunny
23.1,91.8,996.3,24.5,23.3,Rainy
31.1,62.0,1017.3,12.7,0.0,Sunny
36.3,86.3,1002.6,30.8,14.2,Rainy
30.2,59.5,998.4,21.7,7.4,Cloudy
36.3,88.6,997.2,30.0,8.2,Rainy
21.6,75.1,1013.0,17.5,0.0,Cloudy
28.0,43.9,1012.6,18.5,0.0,Sunny
26.3,75.9,1012.5,11.6,0.0,Cloudy
15.3,47.1,1017.9,14.8,0.0,Sunny
28.9,61.0,1003.7,20.7,0.0,Sunny
31.5,45.7,1009.0,33.3,0.0,Sunny
29.8,36.4,1010.5,21.8,0.0,Sunny
33.4,48.3,1019.5,6.9,0.0,Sunny
29.3,68.8,1002.8,2.2,3.1,Cloudy
16.7,65.3,1018.9,30.1,0.0,Sunny
17.9,66.6,998.7,14.0,6.9,Cloudy
29.9,50.6,1014.1,12.4,0.0,Sunny
21.9,78.2,1010.8,28.4,7.8,Cloudy
17.0,79.4,1015.4,33.2,4.7,Cloudy
25.7,57.6,995.7,26.7,6.3,Cloudy
28.9,90.5,997.0,7.7,14.0,Rainy
23.2,75.6,996.7,14.9,6.7,Cloudy
33.0,79.9,1009.8,27.1,0.7,Cloudy
31.1,52.5,1010.1,31.9,0.0,Sunny
23.3,35.0,1017.7,35.0,0.0,Sunny
33.9,89.5,1006.7,18.9,15.1,Rainy
31.2,86.8,996.7,29.1,20.3,Rainy
30.9,42.8,1000.2,3.5,0.0,Sunny
28.8,58.6,995.2,11.4,3.2,Cloudy
15.3,76.7,1014.4,14.3,2.0,Cloudy
32.4,76.1,1015.4,34.2,0.0,Cloudy
24.4,89.2,1019.9,2.1,0.0,Cloudy
38.6,43.8,1005.3,12.2,0.0,Sunny
35.4,62.1,995.5,32.7,8.4,Rainy
29.7,41.1,1000.9,12.1,0.0,Sunny
21.3,59.5,1009.7,9.4,0.0,Sunny
20.1,36.0,1019.0,26.1,0.0,Sunny
23.5,91.6,997.6,26.6,20.3,Rainy
26.9,68.2,998.0,17.6,4.7,Cloudy
22.4,88.5,1012.5,33.2,7.6,Cloudy
27.9,38.8,1011.7,8.7,0.0,Sunny
19.1,49.3,1001.3,32.1,1.3,Sunny
39.4,51.3,1015.3,26.9,0.0,Sunny
17.7,59.4,998.2,14.2,0.0,Sunny
38.3,85.6,1018.1,28.6,3.3,Cloudy
37.8,59.4,1000.0,6.4,0.0,Sunny
28.1,47.9,997.0,6.3,0.0,Sunny
33.1,39.1,1003.5,32.7,0.0,Sunny
25.9,40.0,999.7,5.1,0.0,Sunny
30.8,82.9,1008.2,2.1,3.8,Cloudy
23.5,63.0,1012.2,14.8,0.0,Sunny
22.5,80.7,1007.3,5.4,1.0,Cloudy
29.5,78.0,1011.5,30.5,2.8,Cloudy
27.5,43.5,1004.1,32.4,0.0,Sunny
29.5,44.0,995.7,17.9,0.0,Sunny
22.2,82.6,1019.4,16.0,0.0,Cloudy
24.2,80.4,1015.5,19.8,6.1,Cloudy
17.1,58.8,996.8,9.5,0.0,Sunny
16.3,39.9,1006.2,11.8,0.0,Sunny
21.3,35.8,1010.9,5.3,0.0,Sunny
16.9,53.2,999.8,16.7,4.2,Cloudy
17.6,35.6,1009.4,22.2,0.0,Sunny
35.3,49.5,1008.3,32.7,0.0,Sunny
16.0,61.4,1000.2,26.4,2.9,Cloudy
31.5,42.6,998.5,25.9,0.0,Sunny
21.8,41.6,1014.0,12.2,0.0,Sunny
36.8,91.5,1003.1,31.3,7.6,Cloudy
27.1,71.9,1001.1,33.2,4.1,Cloudy
22.6,93.9,1013.4,32.8,15.3,Rainy
27.9,56.8,1013.4,3.3,0.0,Sunny
24.5,77.7,1001.9,21.9,9.3,Rainy
29.1,47.9,1016.8,23.2,0.0,Sunny
17.9,74.0,1012.2,11.7,0.0,Cloudy
39.9,43.2,1003.6,34.7,0.0,Sunny
25.6,35.1,1005.7,11.6,0.0,Sunny
23.7,93.7,1013.2,9.1,10.8,Rainy
32.8,70.0,1000.3,18.0,11.6,Rainy
24.1,93.4,1006.7,12.7,13.3,Rainy
35.8,56.0,1011.3,32.5,0.0,Sunny
26.4,55.7,1008.5,16.5,0.0,Sunny
33.0,60.2,1010.2,15.5,0.0,Sunny
17.7,79.5,1008.7,22.7,9.4,Rainy
36.2,70.6,1000.0,4.7,6.3,Cloudy
33.4,93.3,1005.3,27.0,20.7,Rainy
20.3,36.6,1008.3,27.4,0.0,Sunny
18.6,79.6,1014.5,17.6,5.2,Cloudy
22.9,55.8,1011.3,33.5,0.0,Sunny
39.4,46.4,1005.7,21.1,0.0,Sunny
21.4,67.2,1019.4,24.9,0.0,Sunny
26.4,66.8,997.7,32.5,10.1,Rainy
15.8,43.6,1000.2,24.0,0.0,Sunny
24.9,47.7,1003.5,16.3,0.0,Sunny
29.3,60.7,1000.7,2.8,0.0,Sunny
38.8,60.8,1010.6,26.0,0.0,Sunny
27.9,55.0,996.0,33.8,4.0,Cloudy
35.5,44.4,999.4,17.5,0.0,Sunny
28.7,35.3,1002.3,13.2,0.0,Sunny
16.0,96.1,1012.1,19.1,14.2,Rainy
22.9,94.4,1016.9,26.0,6.4,Cloudy
29.4,65.5,1015.0,2.0,0.2,Sunny
38.8,97.7,999.6,31.3,22.1,Rainy
36.5,77.4,1009.1,31.2,9.6,Rainy
20.7,39.3,995.8,19.9,0.0,Sunny
20.5,42.4,1002.8,6.0,0.0,Sunny
20.0,92.7,1015.1,24.2,8.1,Rainy
38.1,74.7,1006.4,6.5,7.6,Cloudy
36.3,88.1,998.7,18.7,15.3,Rainy
34.4,91.6,1006.0,5.1,11.9,Rainy
24.8,63.2,1000.0,21.4,5.0,Cloudy
27.6,38.1,1004.8,12.5,0.0,Sunny
26.6,46.9,1007.2,29.4,0.0,Sunny
21.3,39.2,1003.7,28.4,0.0,Sunny
27.6,46.9,1018.4,34.9,0.0,Sunny
15.8,60.9,1009.1,10.5,0.0,Sunny
18.3,42.4,1016.1,4.0,0.0,Sunny
37.2,45.5,1014.0,16.6,0.0,Sunny
33.8,63.1,1011.5,4.8,0.0,Sunny
25.6,56.4,1007.4,7.9,0.0,Sunny
27.9,64.5,995.1,21.7,8.1,Rainy
24.2,62.0,1010.3,21.5,0.0,Sunny
33.5,75.6,1003.9,3.4,4.6,Cloudy
34.6,94.0,997.9,16.6,17.6,Rainy
34.1,41.8,1006.1,19.5,0.0,Sunny
33.1,41.3,1013.4,10.8,0.0,Sunny
20.1,88.7,1019.0,30.8,2.4,Cloudy
23.4,66.9,1004.4,7.3,1.0,Sunny
26.7,83.3,1008.6,10.4,6.0,Cloudy
23.3,48.6,1016.3,7.2,0.0,Sunny
33.9,87.2,1003.3,5.8,11.4,Rainy
23.2,93.2,998.6,31.0,27.3,Rainy
18.5,75.0,1002.0,11.2,2.4,Cloudy
25.0,41.7,1017.5,25.8,0.0,Sunny
39.5,91.4,999.0,16.1,27.7,Rainy
20.6,84.9,1003.2,23.0,8.4,Rainy
30.3,82.3,1006.6,32.6,14.8,Rainy
25.8,37.3,1016.2,29.9,0.0,Sunny
16.8,85.3,1018.4,4.3,0.0,Cloudy
27.2,43.7,1005.6,29.9,0.0,Sunny
32.6,49.0,1018.3,16.9,0.0,Sunny
27.8,71.4,999.0,13.6,0.9,Cloudy
36.8,51.7,998.9,24.2,0.7,Sunny
22.2,76.7,1018.7,33.4,0.0,Cloudy
17.2,73.3,1007.7,5.1,0.0,Cloudy
38.4,41.8,999.6,27.3,0.0,Sunny
24.5,76.3,1007.2,8.7,0.0,Cloudy
29.4,93.2,1014.6,14.5,14.8,Rainy
34.8,45.1,1015.7,30.8,0.0,Sunny
23.1,72.6,1016.6,20.0,0.0,Cloudy
32.9,56.5,1009.2,4.2,0.0,Sunny
18.4,64.0,1016.7,18.8,0.0,Sunny
22.3,53.1,1007.8,28.1,0.0,Sunny
18.6,57.3,1010.2,19.5,0.0,Sunny
35.3,36.8,1014.0,7.5,0.0,Sunny
20.6,96.8,1005.6,16.7,11.5,Rainy
32.9,74.4,996.8,32.5,16.2,Rainy
38.6,66.5,1003.8,23.7,7.8,Cloudy
28.2,59.2,1010.6,26.1,0.0,Sunny
28.5,69.0,999.8,27.9,8.8,Rainy
26.5,58.9,998.7,5.0,0.0,Sunny
23.1,57.7,1002.3,21.2,0.9,Sunny
26.9,64.2,995.8,14.4,14.9,Rainy
30.1,52.4,1013.6,6.6,0.0,Sunny
39.6,46.3,1001.5,8.7,0.0,Sunny
38.4,70.1,998.1,27.8,12.3,Rainy
36.6,88.1,1012.5,7.3,7.7,Cloudy
37.2,44.6,1016.1,12.3,0.0,Sunny
26.7,37.1,995.5,11.4,0.0,Sunny
31.4,50.5,1000.8,3.6,0.0,Sunny
37.4,96.7,1018.6,17.3,12.1,Rainy
24.8,87.2,1004.6,27.3,14.3,Rainy
39.0,72.5,1018.5,2.7,0.0,Cloudy
25.4,93.5,1001.9,5.7,15.4,Rainy
30.0,63.1,1000.5,25.8,6.8,Cloudy
32.7,96.9,1000.4,21.6,21.7,Rainy
38.8,53.7,997.1,25.6,6.9,Cloudy
21.1,50.1,1017.4,9.6,0.0,Sunny
33.7,75.2,1019.5,28.5,0.0,Cloudy
28.0,58.8,1018.9,17.8,0.0,Sunny
21.7,74.5,1016.3,22.1,0.0,Cloudy
34.4,54.2,1016.2,5.0,0.0,Sunny
28.8,73.9,1011.5,8.8,5.4,Cloudy
31.5,52.4,1015.7,27.5,0.0,Sunny
23.1,38.2,1000.2,9.4,0.0,Sunny
27.0,92.5,1004.7,5.1,15.7,Rainy
30.4,90.6,1011.0,21.7,11.1,Rainy
25.1,96.2,1016.9,20.1,14.2,Rainy
20.0,80.1,1011.5,22.1,0.0,Cloudy
39.0,78.0,1016.0,22.4,0.0,Cloudy
27.8,70.2,1006.8,18.5,0.0,Cloudy
33.3,42.9,1012.9,18.3,0.0,Sunny
25.3,46.9,1019.5,32.5,0.0,Sunny
23.9,53.2,998.8,19.6,0.7,Sunny
25.2,91.1,1018.2,22.4,11.8,Rainy
25.2,45.9,1008.1,10.8,0.0,Sunny
28.6,93.1,1011.1,30.7,9.0,Rainy
28.6,67.9,1016.9,2.8,0.0,Sunny
27.4,80.1,1005.2,20.4,0.5,Cloudy
18.4,41.9,1005.5,14.7,0.0,Sunny
27.4,51.9,1008.2,21.9,0.0,Sunny
19.2,95.4,995.5,13.9,16.9,Rainy
18.2,51.8,1007.4,25.7,0.0,Sunny
38.3,53.7,1002.3,2.7,0.0,Sunny
30.1,47.4,1018.2,15.4,0.0,Sunny
31.5,43.1,997.2,29.4,0.8,Sunny
25.0,49.7,1006.5,10.3,0.0,Sunny
37.7,75.5,1018.7,3.7,0.0,Cloudy
30.9,63.7,1017.5,18.4,0.0,Sunny
34.2,69.9,1012.5,34.2,0.0,Sunny
24.2,42.7,1009.7,4.1,0.0,Sunny
39.0,85.5,1002.0,4.3,9.1,Rainy
35.5,84.4,1004.2,21.6,7.1,Cloudy
36.3,36.4,997.3,10.3,0.0,Sunny
19.3,59.2,1014.7,15.5,0.0,Sunny
21.8,39.3,1003.1,29.4,0.0,Sunny
22.1,84.9,1011.7,8.6,0.0,Cloudy
21.8,81.4,1003.9,25.7,7.3,Cloudy
36.4,91.8,1006.6,18.6,15.2,Rainy
15.8,49.9,1008.9,31.9,0.0,Sunny
16.9,63.7,1015.0,34.1,0.0,Sunny
21.8,46.6,1000.3,18.0,0.0,Sunny
20.0,58.4,1005.0,21.3,0.0,Sunny
20.8,67.9,998.3,26.6,5.2,Cloudy
34.9,38.4,996.9,12.5,0.0,Sunny
29.1,80.0,1010.1,9.5,0.0,Cloudy
15.1,69.2,999.7,33.8,5.0,Cloudy
25.7,87.2,996.5,16.3,18.8,Rainy
25.2,52.1,1017.4,2.1,0.0,Sunny
17.8,91.9,1008.4,29.6,12.5,Rainy
31.9,97.9,998.4,21.8,20.0,Rainy
32.6,92.9,996.3,7.6,20.0,Rainy
33.0,84.0,998.0,3.0,14.3,Rainy
33.2,86.2,1006.8,11.6,11.2,Rainy
15.0,71.1,1011.7,32.6,1.5,Cloudy
38.8,47.0,1011.0,32.8,0.0,Sunny
35.4,77.7,998.6,12.3,7.9,Cloudy
37.6,79.9,1010.8,29.6,0.9,Cloudy
15.4,97.1,1005.1,16.6,13.3,Rainy
38.3,69.1,1006.6,23.6,0.0,Sunny
35.2,52.1,1015.0,13.0,0.0,Sunny
35.9,78.1,1003.3,19.0,3.8,Cloudy
17.3,96.7,998.7,11.7,22.6,Rainy
33.5,46.2,1016.8,4.0,0.0,Sunny
39.0,55.5,1000.3,6.6,0.0,Sunny
32.0,69.1,1002.4,11.6,5.1,Cloudy
29.3,45.7,1012.7,34.2,0.0,Sunny
38.6,36.4,1012.1,33.9,0.0,Sunny
26.1,56.2,1015.0,29.3,0.0,Sunny
30.0,89.5,999.6,9.7,12.8,Rainy
26.9,37.7,1003.8,16.6,0.0,Sunny
38.3,62.0,998.1,16.5,9.3,Rainy
16.9,83.0,1008.5,14.8,3.6,Cloudy
27.5,95.1,1002.3,3.5,4.5,Cloudy
32.2,97.1,1012.2,19.6,9.1,Rainy
34.8,61.6,995.0,4.4,7.4,Cloudy
29.6,94.9,996.5,28.5,28.3,Rainy
37.7,37.2,1005.8,24.8,0.0,Sunny
38.5,82.0,1019.0,13.6,0.0,Cloudy
16.6,75.5,1017.3,23.4,0.0,Cloudy
25.1,50.7,1019.9,9.7,0.0,Sunny
15.6,67.0,1005.4,10.8,0.0,Sunny
23.2,43.2,996.2,12.4,0.0,Sunny
28.4,89.9,1002.6,28.3,15.0,Rainy
37.8,57.5,1011.9,9.0,0.0,Sunny
36.2,74.4,998.4,20.6,9.4,Rainy
18.2,45.0,1002.5,8.6,0.0,Sunny
17.3,48.0,996.4,11.4,0.0,Sunny
29.7,97.5,1006.9,9.8,12.6,Rainy
28.3,82.4,1000.2,23.3,12.5,Rainy
21.7,95.6,997.3,19.4,15.8,Rainy
37.5,53.6,1005.3,25.8,0.0,Sunny
38.2,45.4,1003.8,9.3,0.0,Sunny
25.1,66.7,1008.4,2.3,3.2,Cloudy
37.3,66.2,1013.7,24.5,0.0,Sunny
24.6,46.0,997.8,5.8,0.0,Sunny
33.4,81.2,1014.8,10.1,0.0,Cloudy
26.9,57.8,995.7,12.1,0.0,Sunny
18.1,46.7,1006.1,26.6,0.0,Sunny
38.2,55.9,1009.7,22.7,0.0,Sunny
26.4,70.5,1018.9,8.1,0.0,Cloudy
33.4,80.8,1009.3,21.7,5.3,Cloudy
24.2,65.4,999.0,25.4,11.8,Rainy
15.5,68.1,1007.9,14.8,0.0,Sunny
17.5,43.8,1004.9,10.1,0.0,Sunny
27.4,92.6,1007.0,24.4,11.7,Rainy
32.2,93.5,999.9,22.2,14.3,Rainy
23.4,78.1,1007.5,4.6,1.3,Cloudy
32.4,36.1,998.8,24.0,0.0,Sunny
32.5,68.8,1013.6,18.1,0.0,Sunny
32.6,74.6,1009.8,26.9,1.8,Cloudy
27.3,97.7,997.0,8.3,19.2,Rainy
37.9,97.8,1017.2,10.5,17.1,Rainy
27.2,89.0,1010.4,19.9,6.4,Cloudy
26.3,39.0,1002.9,17.9,0.0,Sunny
20.0,95.1,996.1,14.8,19.8,Rainy
22.7,73.6,1010.8,26.6,6.5,Cloudy
16.1,85.5,1004.3,20.6,11.8,Rainy
30.8,60.7,1017.7,25.4,0.0,Sunny
21.2,55.1,995.9,7.1,10.2,Rainy
22.6,64.2,996.0,26.1,4.5,Cloudy
34.3,44.3,1018.7,17.2,0.0,Sunny
23.2,57.5,1019.1,3.1,0.0,Sunny
21.1,89.0,995.7,9.7,13.5,Rainy
19.2,37.4,1012.9,2.8,0.0,Sunny
34.4,44.5,1000.5,17.1,0.0,Sunny
18.2,42.9,1012.5,12.8,0.0,Sunny
26.3,60.4,1016.7,34.6,0.0,Sunny
27.7,97.8,997.5,30.7,22.3,Rainy
32.2,45.9,1001.0,29.2,0.0,Sunny
30.8,44.2,995.6,18.5,0.0,Sunny
35.3,92.6,996.1,28.6,20.9,Rainy
16.1,90.6,995.7,10.8,21.3,Rainy
22.4,37.0,1015.0,20.5,0.0,Sunny
22.0,82.4,1002.5,15.0,12.0,Rainy
18.7,76.3,1007.3,7.7,4.1,Cloudy
22.2,83.4,1014.7,4.4,3.6,Cloudy
22.7,66.2,1007.4,20.4,0.0,Sunny
28.0,97.5,1005.7,5.2,13.6,Rainy
31.6,37.8,995.3,25.7,0.0,Sunny
24.5,49.8,1009.2,32.4,0.0,Sunny
33.0,60.0,998.1,7.3,5.8,Cloudy
23.4,63.3,1014.1,17.5,0.0,Sunny
22.3,93.0,1001.4,26.4,22.0,Rainy
28.5,70.3,1011.9,11.5,0.0,Cloudy
15.6,37.8,1011.2,32.4,0.0,Sunny
17.0,60.7,1010.4,31.3,1.4,Sunny
25.4,61.2,1001.7,5.4,5.5,Cloudy
38.6,95.8,1001.7,2.9,8.6,Rainy
33.0,72.7,1016.6,34.2,0.0,Cloudy
17.2,75.0,995.3,33.6,13.6,Rainy
36.2,79.9,999.5,15.9,17.4,Rainy
33.3,83.5,1010.3,3.7,0.0,Cloudy
30.3,75.0,1015.4,22.4,0.0,Cloudy
35.5,49.9,1004.0,11.7,0.0,Sunny
25.1,90.1,1011.3,32.9,8.0,Rainy
20.5,81.1,1008.9,28.2,1.6,Cloudy
27.8,81.7,996.6,23.4,21.0,Rainy
28.7,97.8,1010.5,11.4,4.9,Cloudy
28.5,85.6,1015.3,25.1,8.0,Rainy
29.1,87.2,1019.8,11.5,0.0,Cloudy
38.7,94.9,995.7,3.2,12.7,Rainy
37.6,44.5,1011.5,18.8,0.0,Sunny
36.9,66.4,1005.4,18.1,0.0,Sunny
35.0,71.6,995.2,27.2,13.0,Rainy
38.6,55.7,1010.4,30.6,1.9,Sunny
17.5,87.9,998.1,13.7,14.6,Rainy
21.6,83.0,1004.5,16.8,15.5,Rainy
27.4,80.4,1001.5,17.5,11.4,Rainy
36.2,97.8,1004.0,12.7,19.2,Rainy
27.6,51.3,1007.3,26.5,0.0,Sunny
33.7,81.3,1004.0,19.2,11.5,Rainy
18.5,69.7,1008.8,32.2,4.3,Cloudy
21.3,54.7,1001.0,23.5,0.0,Sunny
33.3,45.1,1010.9,9.0,0.0,Sunny
19.1,91.4,1016.3,7.4,1.2,Cloudy
23.8,72.5,1000.6,14.3,0.2,Cloudy
21.6,87.0,1007.7,13.4,11.2,Rainy
23.7,69.4,1011.2,15.4,0.0,Sunny
32.7,48.9,1009.1,8.1,0.0,Sunny
24.2,56.3,1004.1,34.3,5.3,Cloudy
28.9,59.0,1011.1,6.8,0.0,Sunny
17.5,96.3,995.7,23.5,21.2,Rainy
35.1,35.4,1004.2,2.4,0.0,Sunny
24.2,97.1,1008.3,15.4,17.6,Rainy
31.2,96.8,995.5,12.2,16.0,Rainy
33.1,97.8,1007.7,14.6,16.2,Rainy
20.2,65.0,1011.4,18.4,5.1,Cloudy
37.1,95.7,1014.0,21.8,11.0,Rainy
30.4,59.9,997.8,21.3,3.0,Cloudy
25.7,36.7,1019.8,22.8,0.0,Sunny
19.6,49.1,1010.2,29.9,0.0,Sunny
38.6,94.6,1004.1,31.3,14.1,Rainy
33.9,35.9,1001.2,26.3,0.0,Sunny
20.2,69.4,1009.3,4.6,0.4,Sunny
23.4,39.8,1017.0,33.7,0.0,Sunny
35.2,53.0,1008.0,33.3,0.0,Sunny
32.4,40.5,1011.5,25.5,0.0,Sunny
34.1,89.2,1003.9,19.1,19.1,Rainy
26.0,72.2,1004.7,10.3,3.3,Cloudy
32.9,91.8,1002.2,27.0,16.6,Rainy
24.7,78.4,1012.6,31.0,5.4,Cloudy
20.3,96.2,1004.0,24.0,15.6,Rainy
30.8,67.1,999.8,22.8,14.0,Rainy
39.4,75.2,1004.2,8.4,6.4,Cloudy
22.8,71.3,1016.3,13.8,0.0,Cloudy
26.5,65.5,1013.5,25.9,0.0,Sunny
31.9,88.3,1003.4,2.6,9.5,Rainy
28.5,75.6,1017.7,23.2,0.0,Cloudy
36.1,85.5,996.9,27.3,23.8,Rainy
34.0,84.5,996.2,13.0,15.4,Rainy
16.5,47.0,998.2,4.5,0.0,Sunny
40.0,76.0,997.9,29.0,13.9,Rainy
33.8,47.6,997.2,6.7,2.4,Cloudy
36.6,71.7,1011.5,14.2,2.9,Cloudy
31.3,77.7,1010.0,25.3,1.0,Cloudy
36.4,97.8,1011.2,29.0,8.4,Rainy
17.8,36.9,1012.2,30.5,0.0,Sunny
23.7,40.7,1013.9,19.5,0.0,Sunny
36.9,39.9,1000.2,17.7,0.0,Sunny
20.0,60.1,1010.6,30.0,0.0,Sunny
17.0,86.8,1009.5,20.6,13.1,Rainy
34.7,88.2,1018.6,21.1,0.0,Cloudy
35.9,81.4,1000.8,16.3,7.6,Cloudy
19.1,91.5,996.5,14.3,20.5,Rainy
36.4,55.3,1011.3,17.9,0.0,Sunny
32.2,40.6,1013.5,14.0,0.0,Sunny
28.0,38.7,1002.1,13.3,0.0,Sunny
35.8,88.7,1009.3,34.8,12.3,Rainy
25.5,81.0,996.5,13.1,17.4,Rainy
19.8,79.0,1019.0,10.5,0.0,Cloudy
22.1,56.4,997.7,13.7,0.0,Sunny
27.6,58.9,996.7,21.5,0.0,Sunny
28.3,95.4,996.1,32.1,12.0,Rainy
35.1,39.0,1005.7,28.0,0.0,Sunny
34.8,83.7,997.4,29.8,22.0,Rainy
29.5,54.5,1013.6,30.3,0.0,Sunny
34.5,37.5,1017.5,32.4,0.0,Sunny
19.8,81.8,1001.5,9.8,9.9,Rainy
16.3,55.8,1010.7,17.1,0.0,Sunny
36.8,80.5,996.1,14.7,20.2,Rainy
16.9,79.6,1004.7,14.6,13.2,Rainy
21.2,68.7,1002.3,23.5,2.8,Cloudy
32.4,84.0,1000.7,15.3,16.3,Rainy
25.2,71.6,1011.1,22.3,5.0,Cloudy
36.9,53.1,998.3,14.6,2.2,Cloudy
22.4,81.2,1016.5,12.3,0.7,Cloudy
15.3,72.1,1011.6,13.7,0.1,Cloudy
22.5,35.8,1012.8,28.5,0.0,Sunny
29.5,91.8,1018.4,21.8,0.0,Cloudy
24.4,69.4,1018.6,34.1,0.0,Sunny
28.4,89.7,1008.8,29.5,6.5,Cloudy
36.9,90.6,1007.4,18.0,5.0,Cloudy
37.8,63.0,1003.4,10.0,0.0,Sunny
21.6,67.0,1012.9,24.2,0.0,Sunny
26.6,61.2,1008.5,26.0,0.0,Sunny
28.7,63.3,1018.3,17.3,0.0,Sunny
38.7,91.4,1001.0,9.6,17.6,Rainy
40.0,84.7,1002.8,20.4,9.9,Rainy
20.9,43.0,1002.9,10.4,0.0,Sunny
33.2,73.4,1015.1,33.0,3.1,Cloudy
24.5,97.7,997.5,22.8,23.3,Rainy
15.2,72.5,1006.4,11.6,0.0,Cloudy
15.2,84.5,1005.7,9.1,8.9,Rainy
26.5,83.5,996.8,25.7,8.0,Rainy
27.2,57.1,1005.3,25.4,0.0,Sunny
15.6,58.4,1007.8,21.7,0.0,Sunny
32.2,80.6,996.6,22.3,20.4,Rainy
22.4,66.5,1007.7,21.9,0.0,Sunny
29.0,70.9,1019.0,13.9,0.0,Cloudy
22.5,79.9,1019.5,32.9,0.0,Cloudy
19.2,84.0,1008.3,17.8,4.7,Cloudy
25.2,52.1,1007.9,2.7,0.0,Sunny
20.8,44.2,1002.1,13.5,0.0,Sunny
28.4,53.4,1019.9,6.3,0.0,Sunny
20.0,67.0,1001.9,14.0,0.0,Sunny
27.7,56.6,1006.3,22.1,0.0,Sunny
18.9,70.8,995.1,2.7,7.7,Cloudy
31.8,38.4,1003.7,30.7,0.0,Sunny
33.8,67.1,996.8,22.1,9.3,Rainy
17.8,58.2,1013.6,11.7,0.0,Sunny
26.7,68.7,1009.0,12.3,0.0,Sunny
16.8,61.6,1009.3,17.4,0.1,Sunny
30.0,52.9,1002.2,10.2,0.0,Sunny
21.6,92.0,1015.4,2.1,0.0,Cloudy
28.2,46.6,995.1,2.9,0.0,Sunny
27.9,77.9,1003.3,13.8,11.7,Rainy
38.1,93.3,1011.5,6.1,5.5,Cloudy
28.7,68.9,1017.7,2.7,0.0,Sunny
29.6,90.2,1000.9,30.4,19.3,Rainy
25.0,42.9,1008.5,11.0,0.0,Sunny
38.7,66.1,1008.4,18.6,0.0,Sunny
34.4,63.8,1016.9,7.9,0.0,Sunny
22.1,35.5,996.3,3.5,0.0,Sunny
36.1,62.9,1005.6,26.6,0.7,Sunny
25.8,58.2,999.6,6.1,2.3,Cloudy
35.7,77.2,995.5,2.8,9.0,Rainy
35.6,94.1,998.7,21.4,21.6,Rainy
19.7,40.4,1019.4,2.4,0.0,Sunny
32.5,55.6,1000.4,16.4,6.2,Cloudy
22.3,63.0,1018.4,11.5,0.0,Sunny
22.4,63.7,1000.1,12.5,0.0,Sunny
22.4,83.8,1018.3,2.1,0.0,Cloudy
33.1,62.9,1011.4,33.8,1.6,Sunny
20.7,36.7,997.8,19.1,0.0,Sunny
15.0,79.7,1009.5,20.9,6.9,Cloudy
32.9,90.7,1003.0,24.0,12.0,Rainy
19.3,67.4,1004.6,28.3,3.1,Cloudy
17.6,71.6,1006.0,22.1,2.3,Cloudy
20.9,45.3,1005.6,27.2,0.0,Sunny
24.5,48.9,1011.6,16.8,0.0,Sunny
26.9,49.8,1014.2,14.3,0.0,Sunny
16.1,62.1,1003.2,29.2,0.0,Sunny
39.3,93.5,1018.1,30.6,4.2,Cloudy
32.9,67.9,1018.5,6.5,0.0,Sunny
23.1,47.1,996.0,19.9,1.3,Sunny
23.0,51.8,995.4,24.6,4.9,Cloudy
26.2,59.2,1005.6,4.8,0.0,Sunny
30.7,74.3,1009.8,32.7,0.0,Cloudy
18.7,62.7,1001.9,19.2,7.1,Cloudy
19.7,59.7,1001.5,23.3,0.0,Sunny
36.5,70.6,1012.0,7.9,0.0,Cloudy
21.4,50.2,1010.0,10.7,0.0,Sunny
24.5,40.0,999.2,6.0,0.0,Sunny
36.8,36.5,1017.1,10.7,0.0,Sunny
31.6,50.8,1012.0,18.2,0.0,Sunny
23.5,40.8,1004.1,29.5,0.0,Sunny
32.1,56.2,1012.1,19.6,0.0,Sunny
15.5,83.7,997.8,10.1,12.4,Rainy
33.4,80.1,1006.7,3.5,8.0,Rainy
27.2,73.5,999.2,22.5,7.4,Cloudy
35.3,88.7,996.0,15.9,15.4,Rainy
38.9,52.8,1003.5,34.5,0.0,Sunny
38.1,90.8,998.8,27.7,14.5,Rainy
37.7,60.2,1010.8,28.7,0.0,Sunny
27.8,60.3,1011.9,2.4,0.0,Sunny
24.0,60.5,998.7,27.7,11.0,Rainy
26.6,41.2,995.6,8.4,0.0,Sunny
32.2,96.5,1014.8,21.3,13.7,Rainy
37.1,43.7,995.1,16.8,0.0,Sunny
20.2,56.5,1003.6,20.9,0.0,Sunny
38.0,55.1,1007.4,6.4,0.0,Sunny
35.4,39.7,1015.5,17.1,0.0,Sunny
39.5,44.6,1016.0,3.2,0.0,Sunny
37.0,37.8,1013.1,3.4,0.0,Sunny
22.0,53.4,1001.2,23.7,0.0,Sunny
17.6,89.6,1013.0,33.4,8.6,Rainy
17.8,56.4,1001.2,27.7,0.5,Sunny
22.3,42.8,1000.4,17.5,0.0,Sunny
30.4,75.7,1008.7,3.8,0.0,Cloudy
35.1,97.8,1012.0,3.5,4.0,Cloudy
37.5,49.6,996.3,7.2,0.0,Sunny
30.6,52.6,996.5,34.2,0.7,Sunny
15.1,96.2,1014.6,15.2,9.7,Rainy
19.7,46.3,1016.5,29.8,0.0,Sunny
17.5,67.2,1010.1,25.3,3.9,Cloudy
24.1,50.1,1005.7,22.0,0.0,Sunny
27.5,93.7,1016.1,33.3,9.5,Rainy
16.1,96.8,1013.2,9.6,10.0,Rainy
23.7,86.3,1009.5,17.0,13.2,Rainy
19.5,54.8,1003.0,30.5,0.0,Sunny
31.2,60.4,999.9,20.2,4.3,Cloudy
26.6,50.3,1005.5,10.1,0.0,Sunny
27.4,91.1,1002.2,8.9,20.0,Rainy
25.7,92.6,1003.5,26.8,11.4,Rainy
38.9,61.4,1007.9,2.4,0.0,Sunny
20.4,76.4,999.2,32.2,18.3,Rainy
27.9,45.4,1015.2,2.6,0.0,Sunny
33.4,62.4,998.6,22.8,7.2,Cloudy
28.9,74.8,1007.0,22.0,0.4,Cloudy
38.2,59.3,1013.6,21.1,1.9,Sunny
24.4,57.5,1007.1,17.7,0.0,Sunny
26.6,35.1,1004.0,30.1,0.0,Sunny
17.2,85.7,1006.9,23.8,5.1,Cloudy
30.2,91.0,1016.2,27.8,1.7,Cloudy
22.2,96.1,1019.8,5.8,4.6,Cloudy
19.0,80.3,1010.8,3.6,8.6,Rainy
28.6,69.6,1014.8,2.9,0.0,Sunny
28.3,52.0,995.4,6.9,0.9,Sunny
16.9,98.0,1017.0,24.0,8.1,Rainy
32.5,72.2,1018.9,18.3,0.0,Cloudy
30.6,77.9,1009.4,26.8,6.4,Cloudy
19.7,78.0,1013.8,8.3,0.0,Cloudy
26.7,88.3,1007.8,14.1,9.4,Rainy
33.0,35.6,1002.2,31.3,0.0,Sunny
28.2,48.9,1016.3,32.9,0.0,Sunny
24.9,76.9,1009.9,32.4,4.9,Cloudy
23.1,91.4,1009.5,29.0,11.1,Rainy
30.3,78.2,1011.5,24.7,0.8,Cloudy
38.5,61.0,1016.4,32.2,0.0,Sunny
31.8,57.8,1013.3,25.6,0.0,Sunny
16.9,81.5,1000.3,33.5,15.6,Rainy
26.5,81.7,1006.7,2.8,12.3,Rainy
37.3,73.2,1019.5,32.4,2.0,Cloudy
17.4,53.4,1008.9,20.3,0.0,Sunny
39.7,93.3,1018.5,5.7,1.4,Cloudy
38.7,69.8,1015.3,9.1,0.0,Sunny
17.0,84.8,1011.7,30.1,0.0,Cloudy
38.3,48.5,1003.7,18.7,3.1,Cloudy
24.1,56.7,1002.6,34.4,7.1,Cloudy
36.1,90.1,1011.1,5.9,3.4,Cloudy
25.5,38.2,1005.8,15.6,0.0,Sunny
26.0,67.3,1015.0,13.0,0.0,Sunny
30.9,65.3,1014.0,19.0,0.0,Sunny
34.4,82.3,1002.8,22.9,14.2,Rainy
15.8,52.8,1012.6,23.8,0.0,Sunny
29.8,48.8,1007.4,2.0,0.0,Sunny
19.7,93.3,1003.1,4.9,24.9,Rainy
23.6,71.0,1005.3,3.2,7.4,Cloudy
23.7,41.6,1017.4,30.5,0.0,Sunny
26.7,47.2,1004.0,12.3,0.0,Sunny
23.4,97.9,1002.2,14.1,9.2,Rainy
17.7,47.3,1003.8,16.9,0.0,Sunny
18.6,73.5,1000.4,30.0,11.7,Rainy
15.8,61.5,1008.6,2.5,0.0,Sunny
26.8,90.8,998.7,5.9,12.9,Rainy
38.9,82.6,1015.4,24.6,3.9,Cloudy
17.9,72.6,1000.6,33.8,13.0,Rainy
38.7,35.7,1010.0,23.2,0.0,Sunny
33.3,90.4,998.1,10.6,14.6,Rainy
30.9,63.0,1019.5,19.2,0.0,Sunny
31.1,93.7,1006.4,34.2,17.8,Rainy
35.7,66.2,1015.6,19.4,0.0,Sunny
17.7,78.7,1014.2,14.3,0.0,Cloudy
27.6,39.4,1012.8,14.7,0.0,Sunny
32.4,81.9,1015.7,33.9,3.7,Cloudy
29.7,56.3,997.5,25.7,0.0,Sunny
35.8,57.1,1012.0,24.7,0.0,Sunny
16.8,42.5,1001.6,9.7,0.0,Sunny
32.3,44.3,1014.6,20.5,0.0,Sunny
28.4,46.7,1018.9,13.8,0.0,Sunny
24.5,55.7,1017.5,9.9,0.0,Sunny
23.5,91.2,997.9,31.6,26.1,Rainy
30.5,58.2,1004.2,14.6,0.0,Sunny
37.3,80.6,1004.1,11.3,5.7,Cloudy
27.4,40.2,998.1,32.7,0.0,Sunny
35.6,72.2,997.5,8.5,4.8,Cloudy
25.1,65.4,1004.6,26.6,0.0,Sunny
17.6,96.6,1019.8,23.5,0.0,Cloudy
16.5,88.3,1009.2,32.4,15.0,Rainy
16.3,63.7,1010.5,29.5,0.0,Sunny
24.5,83.8,1006.8,25.3,10.3,Rainy
23.4,47.2,1011.6,12.4,0.0,Sunny
32.9,70.4,1018.9,18.4,0.0,Cloudy
33.6,39.7,1009.7,33.2,0.0,Sunny
16.3,56.9,996.6,2.8,1.4,Sunny
20.5,49.2,1007.3,28.2,0.0,Sunny
21.9,80.3,1019.8,10.3,0.0,Cloudy
28.7,65.9,1004.7,8.1,3.3,Cloudy
18.6,82.3,1009.8,9.7,5.9,Cloudy
18.3,67.5,997.7,4.0,8.6,Rainy
38.6,40.4,998.5,34.7,0.0,Sunny
35.1,81.3,1016.9,30.7,0.0,Cloudy
19.5,87.5,1002.5,19.2,14.8,Rainy
25.2,91.9,1002.6,25.6,16.7,Rainy
23.9,71.0,1004.7,20.4,5.1,Cloudy
34.8,82.5,1019.2,28.8,0.0,Cloudy
27.8,82.4,997.1,29.9,13.3,Rainy
18.2,44.8,1015.5,9.7,0.0,Sunny
33.5,45.3,1003.5,17.2,0.0,Sunny
24.9,39.5,1016.2,22.9,0.0,Sunny
21.6,55.2,1019.8,34.3,0.0,Sunny
24.4,64.8,1003.7,24.5,6.4,Cloudy
27.4,97.9,998.2,31.6,28.3,Rainy
23.6,62.2,998.6,29.9,7.2,Cloudy
21.0,80.8,1014.0,21.2,4.7,Cloudy
25.0,78.7,998.6,31.5,11.3,Rainy
15.5,47.9,1001.5,14.5,0.0,Sunny
34.3,38.7,1000.1,14.5,0.0,Sunny
19.3,69.4,1003.9,27.8,1.5,Sunny
16.1,79.1,996.9,6.4,13.8,Rainy
31.3,97.9,1016.4,12.1,13.6,Rainy
34.3,57.6,1016.5,22.1,0.0,Sunny
35.3,91.5,1005.3,15.9,11.8,Rainy
27.3,59.1,1010.3,33.0,0.0,Sunny
20.1,78.4,1011.0,33.6,5.6,Cloudy
33.4,72.7,1013.7,18.6,2.3,Cloudy
32.5,38.3,1008.0,19.8,0.0,Sunny
21.2,39.9,1007.8,25.9,0.0,Sunny
37.6,36.3,1010.8,17.1,0.0,Sunny
17.6,58.4,1012.6,8.3,0.0,Sunny
39.6,82.0,1003.7,26.6,9.3,Rainy
36.5,45.9,1003.3,26.3,0.0,Sunny
32.2,73.2,1001.7,10.1,3.9,Cloudy
38.5,53.2,1008.7,29.5,0.0,Sunny
33.1,85.2,1004.0,22.3,13.5,Rainy
19.8,85.3,1008.5,9.8,6.1,Cloudy
26.1,83.9,1005.1,23.5,14.3,Rainy
16.8,68.1,1015.9,9.7,0.0,Sunny
24.7,52.9,996.8,10.8,0.0,Sunny
33.5,86.0,1009.3,30.0,5.7,Cloudy
24.7,46.7,1009.4,32.7,0.0,Sunny
23.3,53.3,1004.6,10.5,0.0,Sunny
29.9,46.6,1005.5,32.6,0.0,Sunny
36.8,77.5,1015.0,9.9,0.0,Cloudy
16.2,78.2,1002.0,5.9,11.0,Rainy
24.6,76.1,1016.8,3.9,0.0,Cloudy
19.0,61.2,1017.4,10.0,0.0,Sunny
32.4,41.3,1011.3,14.7,0.0,Sunny
17.6,92.4,1014.3,32.6,4.6,Cloudy
31.6,67.0,1010.3,10.0,0.0,Sunny
22.2,60.6,1008.1,14.1,0.0,Sunny
20.0,72.1,1019.2,26.2,0.0,Cloudy
38.4,47.1,1002.1,12.0,0.0,Sunny
15.5,43.4,998.9,24.6,0.0,Sunny
25.9,60.5,1002.2,16.3,2.1,Cloudy
15.5,49.3,1010.4,8.5,0.0,Sunny
27.1,50.4,999.6,26.2,0.0,Sunny
27.5,91.2,1017.7,2.9,7.4,Cloudy
23.0,68.4,1005.3,11.6,0.0,Sunny
18.3,65.5,1016.2,13.8,0.0,Sunny
24.4,78.4,1001.2,17.1,12.8,Rainy
31.8,94.9,1002.8,24.4,10.9,Rainy
34.6,42.1,996.5,17.2,1.3,Sunny
28.3,87.5,1001.4,21.6,15.4,Rainy
29.7,71.8,1007.3,21.7,3.9,Cloudy
20.0,44.2,1018.7,14.3,0.0,Sunny
22.2,53.7,1004.7,32.8,0.0,Sunny
19.0,65.4,1011.0,33.5,0.0,Sunny
21.2,78.5,1005.7,21.2,3.3,Cloudy
20.6,50.3,996.2,4.4,3.1,Cloudy
28.0,68.7,1007.6,18.2,0.0,Sunny
29.1,78.1,996.6,8.1,13.1,Rainy
38.6,63.3,1017.1,17.9,0.0,Sunny
19.9,89.4,1013.8,8.2,0.6,Cloudy
31.0,89.8,1004.5,25.2,14.8,Rainy
35.4,64.7,1011.0,4.7,0.0,Sunny
29.0,96.3,997.8,33.5,21.5,Rainy
21.4,39.8,1012.6,8.4,0.0,Sunny
21.6,35.2,1015.6,23.8,0.0,Sunny
16.0,59.0,1015.5,32.3,0.0,Sunny
22.6,72.9,1002.1,10.2,0.3,Cloudy
33.6,74.6,1001.6,32.8,13.4,Rainy
16.2,65.0,1008.0,14.8,0.0,Sunny
20.5,42.9,1019.2,33.7,0.0,Sunny
32.7,45.7,1018.0,34.1,0.0,Sunny
34.6,88.7,1004.0,8.2,9.2,Rainy
26.4,89.7,1014.5,29.4,8.3,Rainy
32.5,77.5,1018.0,8.4,0.0,Cloudy
24.7,76.8,1001.5,9.5,0.7,Cloudy
19.0,72.7,1015.8,4.8,0.0,Cloudy
25.0,47.8,1001.7,7.2,0.0,Sunny
29.5,62.0,1003.6,22.9,2.1,Cloudy
38.7,78.8,1000.0,16.8,19.1,Rainy
16.7,68.8,1007.7,28.1,7.2,Cloudy
27.7,36.2,1016.1,13.0,0.0,Sunny
23.2,95.1,1008.2,34.0,9.0,Rainy
27.7,88.2,998.1,3.6,8.4,Rainy
15.6,51.4,1001.3,4.1,0.0,Sunny
22.8,73.8,1009.1,25.1,1.3,Cloudy
35.5,93.2,1009.6,31.3,11.5,Rainy
28.8,41.0,1009.4,28.3,0.0,Sunny
26.3,66.7,996.9,18.2,9.0,Rainy
22.1,63.7,1013.8,10.9,0.0,Sunny
22.5,60.8,1017.7,2.4,0.0,Sunny
24.6,87.6,1007.8,18.8,7.3,Cloudy
35.9,59.0,1013.0,17.7,0.0,Sunny
39.2,39.0,1017.9,13.4,0.0,Sunny
26.0,39.1,1011.1,21.1,0.0,Sunny
24.8,37.7,1011.9,26.1,0.0,Sunny
36.2,60.8,1013.0,25.1,0.0,Sunny
25.7,80.3,1001.5,10.7,14.3,Rainy
28.8,47.8,1009.6,21.3,0.0,Sunny
20.8,75.7,1016.1,6.9,0.0,Cloudy
33.6,78.3,1002.4,6.0,7.5,Cloudy
28.3,51.1,1017.4,27.9,0.0,Sunny
35.2,72.8,1010.5,24.9,3.1,Cloudy
34.5,78.1,1005.6,27.3,6.8,Cloudy
20.4,64.4,1010.6,7.0,0.0,Sunny
32.9,56.2,1005.0,32.2,8.4,Rainy
35.0,74.0,1016.0,6.4,0.0,Cloudy
23.7,96.6,1007.1,30.7,16.8,Rainy
19.3,61.9,1017.5,13.6,0.0,Sunny
15.1,59.7,1007.7,5.5,0.0,Sunny
26.3,64.2,1011.5,11.5,0.0,Sunny
23.8,39.8,1019.9,8.0,0.0,Sunny
28.9,69.8,998.7,18.2,15.6,Rainy
19.7,55.7,1013.4,33.3,0.0,Sunny
36.5,42.6,998.5,12.8,0.0,Sunny
21.4,64.4,1016.0,22.2,1.2,Sunny
20.7,35.2,1009.9,31.4,0.0,Sunny
27.0,60.3,1018.5,22.8,0.0,Sunny
27.5,41.7,1016.6,14.0,0.0,Sunny
20.4,36.5,996.9,34.7,0.0,Sunny
21.8,86.9,998.4,8.2,12.3,Rainy
19.2,92.7,1010.0,19.3,11.7,Rainy
33.0,48.1,1008.0,28.3,0.0,Sunny
34.3,69.0,999.2,2.0,4.4,Cloudy
26.6,52.5,998.2,25.2,0.0,Sunny
32.9,66.1,1009.1,10.8,0.0,Sunny
33.4,62.5,996.2,7.6,3.0,Cloudy
18.5,52.0,1016.8,11.0,0.0,Sunny
39.2,79.1,1015.2,33.9,0.0,Cloudy
35.5,43.0,1014.6,31.4,0.0,Sunny
20.1,38.3,995.4,9.1,0.0,Sunny
19.7,83.4,996.2,5.9,7.5,Cloudy
18.1,77.0,1008.7,14.0,4.7,Cloudy
18.5,66.4,1019.9,21.5,0.0,Sunny
33.7,64.5,1003.6,30.6,0.0,Sunny
26.7,66.3,1003.6,33.9,0.2,Sunny
34.6,62.5,998.4,26.8,0.0,Sunny
33.7,59.8,1011.9,21.8,0.0,Sunny
30.1,66.5,1011.2,6.7,0.0,Sunny
32.2,68.3,997.5,4.4,9.1,Rainy
15.5,78.6,1006.7,21.7,9.6,Rainy
22.8,79.8,1011.7,19.8,2.3,Cloudy
30.9,58.8,1007.3,29.9,0.0,Sunny
15.2,61.1,1011.9,12.6,0.0,Sunny
15.8,58.5,1015.4,3.3,0.0,Sunny
36.3,68.8,1012.1,16.0,0.0,Sunny
32.1,63.6,1010.4,34.0,8.8,Rainy
21.6,91.0,1016.3,28.3,0.8,Cloudy
32.2,78.9,1017.5,3.1,0.0,Cloudy
34.8,91.6,1004.7,30.9,15.2,Rainy
22.7,79.7,999.3,17.6,12.0,Rainy
15.9,96.2,1015.4,14.0,14.8,Rainy
38.3,75.1,1000.3,13.4,11.9,Rainy
23.6,95.7,1018.2,21.6,7.5,Cloudy
17.7,45.0,995.6,19.5,2.7,Cloudy
27.3,38.3,1018.0,23.7,0.0,Sunny
34.2,71.5,1009.7,20.9,0.0,Cloudy
20.5,97.0,1014.4,6.8,8.8,Rainy
21.7,61.3,1005.0,10.5,0.0,Sunny
21.1,48.4,1019.8,29.8,0.0,Sunny
39.8,67.9,1000.7,23.9,11.0,Rainy
19.9,75.9,1001.6,16.8,7.6,Cloudy
29.4,54.9,996.3,8.0,0.0,Sunny
38.1,80.0,1018.5,2.3,0.0,Cloudy
18.7,96.4,1006.4,12.3,15.2,Rainy
39.3,91.5,1011.9,3.8,9.9,Rainy
38.7,53.4,1012.2,17.9,0.0,Sunny
37.1,55.6,1016.9,29.1,0.0,Sunny
20.4,58.4,1011.6,11.4,0.0,Sunny
30.9,59.9,1009.1,30.0,0.0,Sunny
34.0,41.3,1012.8,25.3,0.0,Sunny
39.7,83.0,1013.8,6.1,0.1,Cloudy
19.5,58.0,999.6,23.3,1.7,Sunny
34.2,90.4,997.7,7.0,13.0,Rainy
23.5,93.4,996.9,23.6,23.0,Rainy
19.4,36.5,1004.4,6.7,0.0,Sunny
25.5,97.3,1007.5,15.0,7.9,Cloudy
34.8,79.7,1010.4,20.7,0.8,Cloudy
26.6,67.8,1019.0,3.7,0.0,Sunny
28.4,59.5,1003.3,7.1,0.0,Sunny
39.9,67.7,1014.0,12.6,0.0,Sunny
25.0,55.5,1008.3,17.3,0.0,Sunny
30.4,74.2,1000.5,30.3,9.7,Rainy
24.1,40.9,1010.4,8.2,0.0,Sunny
24.8,74.1,1019.2,13.5,0.0,Cloudy
32.4,52.3,998.1,17.7,0.0,Sunny
38.4,36.1,1007.7,11.8,0.0,Sunny
28.6,69.8,996.3,22.6,4.6,Cloudy
34.2,71.4,1003.0,10.5,2.5,Cloudy
17.2,61.9,1010.5,27.5,0.0,Sunny
20.3,39.6,1016.0,18.7,0.0,Sunny
27.6,91.3,1013.3,4.8,5.0,Cloudy
15.5,73.5,1006.6,22.7,7.0,Cloudy
21.3,42.3,1017.7,20.8,0.0,Sunny
27.9,67.2,1002.6,13.2,2.3,Cloudy
15.4,66.3,1013.8,2.4,0.0,Sunny
21.6,38.8,1006.9,8.6,0.0,Sunny
27.9,73.2,1017.5,15.4,0.0,Cloudy
29.3,85.9,1014.9,8.6,0.0,Cloudy
38.1,82.2,1017.5,21.1,2.2,Cloudy
31.1,47.8,1000.4,25.5,3.8,Cloudy
25.4,89.3,1011.7,30.2,10.0,Rainy
38.3,56.6,1013.5,23.4,0.0,Sunny
34.6,94.6,1013.6,24.7,4.7,Cloudy
20.0,39.5,1007.6,22.1,0.0,Sunny
18.3,65.6,995.3,34.5,11.7,Rainy
31.9,72.6,1001.5,10.6,4.6,Cloudy
29.0,50.6,1003.1,10.8,0.0,Sunny
34.7,83.6,1016.3,6.2,3.8,Cloudy
33.5,74.5,1016.0,18.0,0.0,Cloudy
30.6,36.1,997.6,5.2,0.0,Sunny
39.7,73.3,1018.7,10.9,0.0,Cloudy
28.3,66.0,999.6,17.9,9.8,Rainy
17.8,47.3,1005.4,33.6,0.0,Sunny
35.7,97.7,1000.4,33.8,26.4,Rainy
21.3,91.5,1016.5,26.5,8.4,Rainy
34.4,53.4,1013.7,14.8,0.0,Sunny
38.9,69.1,1003.8,30.6,6.3,Cloudy
32.4,54.9,1012.0,30.9,0.0,Sunny
29.9,83.9,999.6,32.0,12.7,Rainy
26.5,93.6,1004.6,23.1,21.3,Rainy
24.1,57.6,1004.4,8.7,0.0,Sunny
23.8,85.8,1000.9,5.0,16.4,Rainy
30.9,66.4,1016.9,32.2,0.0,Sunny
33.8,60.0,1012.0,3.8,0.0,Sunny
32.0,94.1,1002.0,11.8,22.4,Rainy
20.0,67.2,1001.1,18.1,7.4,Cloudy
27.3,64.4,995.4,2.7,4.0,Cloudy
34.8,77.4,1003.7,31.9,11.0,Rainy
26.9,51.5,1008.2,11.5,0.0,Sunny
28.4,55.5,1001.9,2.9,0.0,Sunny
34.3,93.7,1012.5,34.8,15.7,Rainy
31.5,77.7,1005.3,12.3,4.8,Cloudy
25.2,87.1,1002.9,30.9,10.6,Rainy
37.4,52.1,1018.5,17.0,0.0,Sunny
19.1,69.3,1001.6,23.9,6.2,Cloudy
39.9,96.2,1005.0,10.0,10.4,Rainy
18.0,55.1,1004.6,18.6,0.0,Sunny
15.4,45.1,1001.0,10.5,0.0,Sunny
37.3,67.2,1000.4,33.4,12.0,Rainy
21.1,59.4,1002.6,4.0,0.0,Sunny
33.2,45.1,1016.6,11.1,0.0,Sunny
35.3,91.0,1014.2,31.5,4.2,Cloudy
36.5,97.4,1012.0,17.8,8.1,Rainy
39.8,70.8,1006.4,21.8,0.5,Cloudy
22.4,83.8,1007.7,23.5,7.0,Cloudy
32.8,89.1,1001.7,4.3,5.2,Cloudy
17.9,79.2,996.9,2.6,14.9,Rainy
25.2,37.8,1003.3,32.9,0.0,Sunny
36.2,44.9,1007.4,11.0,0.0,Sunny
24.2,39.5,996.4,14.6,0.0,Sunny
29.8,35.6,997.2,24.5,0.0,Sunny
27.6,54.3,1001.6,9.8,0.0,Sunny
31.1,59.7,1004.2,26.2,2.6,Cloudy
39.3,50.2,1004.8,17.1,0.0,Sunny
16.4,39.1,997.9,30.3,0.0,Sunny
29.3,68.4,1000.6,11.2,8.6,Rainy
36.6,52.2,1001.5,8.7,0.0,Sunny
27.0,85.2,996.7,29.4,20.3,Rainy
17.0,35.5,1003.2,12.8,0.0,Sunny
29.0,88.1,996.8,15.6,16.6,Rainy
23.3,95.1,1012.6,28.2,10.7,Rainy
18.9,80.1,1004.7,23.0,11.8,Rainy
36.2,81.2,1003.2,16.6,8.4,Rainy
28.0,93.8,998.2,10.2,19.2,Rainy
38.3,48.2,1000.7,27.2,0.0,Sunny
35.2,97.7,1000.8,8.0,7.8,Cloudy
32.3,83.7,1019.6,32.6,3.5,Cloudy
15.1,80.8,1015.9,7.0,0.0,Cloudy
25.7,57.7,995.4,28.6,3.0,Cloudy
19.9,69.4,1010.4,16.0,1.9,Sunny
37.8,76.2,1001.4,8.1,10.2,Rainy
19.4,74.1,997.6,15.3,14.3,Rainy
22.2,79.4,1012.6,9.3,0.0,Cloudy
27.9,40.2,998.3,6.5,0.0,Sunny
21.6,57.4,1006.1,9.9,0.0,Sunny
20.2,62.3,1010.8,30.6,1.3,Sunny
30.0,51.4,1008.9,5.5,0.0,Sunny
17.2,45.9,1019.4,34.1,0.0,Sunny
16.5,43.8,1014.6,2.2,0.0,Sunny
24.3,58.1,1014.4,23.7,0.0,Sunny
33.0,66.1,1003.9,30.3,2.5,Cloudy
28.9,39.0,995.2,32.8,5.1,Cloudy
25.6,94.6,1013.4,6.8,4.9,Cloudy
29.1,83.2,1020.0,25.0,0.0,Cloudy
24.1,81.0,1005.1,5.5,1.7,Cloudy
38.4,45.9,1019.6,13.6,0.0,Sunny
16.4,73.0,998.5,26.2,0.0,Cloudy
31.8,68.4,1002.4,13.4,2.4,Cloudy
37.3,96.9,999.3,12.3,23.3,Rainy
35.1,82.1,1006.9,5.8,0.0,Cloudy
19.6,71.3,1014.9,4.2,0.0,Cloudy
22.4,88.6,1003.5,5.8,15.1,Rainy
32.9,44.8,1017.7,30.9,0.0,Sunny
17.1,36.0,1008.6,2.4,0.0,Sunny
35.3,78.5,1006.6,24.9,13.7,Rainy
33.0,41.2,1014.7,27.4,0.0,Sunny
33.2,42.3,997.5,20.7,0.4,Sunny
17.5,81.9,1014.3,26.1,0.0,Cloudy
32.9,52.0,1001.1,23.5,4.4,Cloudy
32.0,74.6,1002.0,17.0,5.9,Cloudy
35.8,92.8,1010.0,14.6,8.0,Rainy
16.0,54.9,1017.5,33.1,0.0,Sunny
15.6,48.7,1009.5,34.1,0.0,Sunny
24.3,41.7,1011.2,23.5,0.0,Sunny
18.7,43.2,1014.4,8.5,0.0,Sunny
29.0,38.9,1001.5,16.8,0.0,Sunny
37.9,40.5,1015.7,18.4,0.0,Sunny
24.8,62.2,1005.4,27.0,5.5,Cloudy
36.1,55.2,999.4,24.0,10.7,Rainy
15.0,79.5,1003.8,19.0,4.6,Cloudy
19.2,89.8,1001.2,24.5,16.3,Rainy
15.8,84.4,1000.7,2.8,8.6,Rainy
23.2,68.4,1002.1,27.6,14.9,Rainy
37.7,41.5,999.5,9.0,0.0,Sunny
17.4,79.7,1011.7,23.7,7.2,Cloudy
30.2,57.9,1009.5,5.8,0.0,Sunny
26.3,40.4,1011.2,5.8,0.0,Sunny
38.5,88.1,1003.6,3.2,9.2,Rainy
18.1,56.3,1014.2,32.0,0.0,Sunny
20.3,48.7,998.2,22.0,1.9,Sunny
15.7,89.9,1009.3,13.9,4.9,Cloudy
25.8,91.8,1001.9,28.0,13.6,Rainy
21.9,56.4,1008.2,22.7,0.0,Sunny
36.7,57.4,1003.1,22.5,4.0,Cloudy
30.1,71.5,1014.8,18.1,2.7,Cloudy
30.4,81.2,1017.3,2.3,5.7,Cloudy
28.3,39.0,1013.6,10.5,0.0,Sunny
17.3,72.4,999.4,5.6,6.7,Cloudy
26.1,95.0,1001.9,23.9,15.7,Rainy
40.0,51.5,1018.0,10.2,0.0,Sunny
35.9,92.3,1005.9,16.9,16.0,Rainy
37.3,94.9,1018.5,13.7,3.9,Cloudy
35.6,52.0,1004.8,6.7,0.0,Sunny
17.6,82.5,1018.8,33.6,0.0,Cloudy
20.7,50.0,1018.1,32.8,0.0,Sunny
15.1,81.5,1011.5,4.8,0.0,Cloudy
22.6,85.2,995.2,29.3,11.0,Rainy
17.7,50.6,1005.0,18.1,0.0,Sunny
26.8,80.1,1017.8,27.5,0.5,Cloudy
31.9,86.2,1017.1,7.0,7.9,Cloudy
36.9,57.6,999.7,6.4,0.0,Sunny
33.7,45.6,1005.0,31.4,0.0,Sunny
38.5,40.8,1015.9,31.6,0.0,Sunny
16.3,71.2,1009.4,17.4,0.0,Cloudy
15.3,96.6,1016.2,30.7,7.1,Cloudy
31.5,86.8,1015.7,24.0,4.3,Cloudy
22.2,62.5,1017.7,8.1,0.0,Sunny
21.3,68.8,997.9,12.9,0.0,Sunny
23.3,52.6,998.6,6.5,0.0,Sunny
21.7,45.3,997.1,27.5,1.3,Sunny
27.8,65.4,1018.4,34.5,0.0,Sunny
26.0,64.2,1006.9,20.0,4.7,Cloudy
27.8,67.9,996.6,23.6,13.8,Rainy
31.8,95.0,1003.0,26.6,13.3,Rainy
24.7,73.0,1003.8,9.4,0.9,Cloudy
21.3,73.2,1015.2,13.1,0.0,Cloudy
19.2,43.1,1013.4,15.6,0.0,Sunny
23.7,97.8,1012.2,21.6,8.5,Rainy
33.5,83.7,995.5,30.1,16.9,Rainy
33.9,90.3,1017.8,10.4,0.0,Cloudy
31.7,61.1,1000.4,17.5,5.3,Cloudy
20.9,66.6,1010.7,26.8,0.0,Sunny
29.7,67.9,996.5,4.9,2.0,Cloudy
29.3,47.2,997.0,18.9,0.6,Sunny
27.1,78.4,995.2,6.8,14.8,Rainy
28.7,91.9,1009.1,19.8,9.4,Rainy
27.3,45.3,1010.7,27.3,0.0,Sunny
29.1,40.4,996.3,9.8,0.0,Sunny
32.9,81.5,1002.3,30.0,19.5,Rainy
17.7,52.2,1016.3,13.0,0.0,Sunny
33.7,74.3,997.5,8.3,15.6,Rainy
18.4,78.8,1000.4,17.4,10.3,Rainy
16.7,55.3,1005.6,30.9,3.5,Cloudy
39.4,86.4,1016.1,4.3,6.2,Cloudy
38.9,69.6,1001.4,12.8,4.0,Cloudy
16.5,89.7,1019.9,23.6,0.0,Cloudy
26.1,83.1,1003.9,13.8,7.0,Cloudy
19.7,89.7,1004.7,4.3,11.7,Rainy
27.1,36.3,998.1,13.0,0.0,Sunny
35.8,50.3,1012.0,29.1,0.0,Sunny
38.8,40.7,1001.1,33.9,0.0,Sunny
30.9,62.9,1010.7,3.3,0.0,Sunny
23.8,91.1,1000.6,20.8,6.6,Cloudy
30.1,64.5,1004.7,5.5,0.0,Sunny
22.8,88.5,1016.4,24.5,13.0,Rainy
37.7,55.6,1013.5,2.3,0.0,Sunny
36.8,56.4,998.9,2.5,0.0,Sunny
29.0,91.4,1010.2,27.6,4.5,Cloudy
23.1,61.8,1010.7,4.5,0.0,Sunny
22.3,84.8,997.3,12.1,16.2,Rainy
15.8,49.9,1006.6,33.6,3.1,Cloudy
35.4,94.8,1001.5,34.5,26.7,Rainy
26.3,71.2,1006.7,7.3,0.0,Cloudy
23.1,82.8,1014.4,20.5,1.4,Cloudy
26.8,40.6,999.0,20.5,0.0,Sunny
35.5,66.0,998.1,16.9,6.4,Cloudy
18.1,91.8,1001.7,32.5,12.0,Rainy
36.4,90.3,1018.8,26.9,1.6,Cloudy
37.4,37.9,1013.7,27.2,0.0,Sunny
38.7,54.1,995.5,10.9,3.5,Cloudy
24.9,62.9,1005.0,16.3,0.0,Sunny
20.4,45.9,1001.4,18.1,0.0,Sunny
